client_id,client_type,first_name,last_name,date_of_birth,gender,country,region,acquisition_purpose,satisfaction_score,loan_applied,referral_channel,SCORE 1,SCORE 2,SCORE 3,SCORE 4,SCORE 5,age,num_properties,avg_sale_price,total_spend,avg_floor_area,max_sale_price,min_sale_price,price_range,is_high_value,cluster,buyer_segment,cluster_hierarchical
C0001,Individual,Kareem,Liu,1968-05-11,F,Usa,California,Home,4,Yes,Website,395,379,404,417,405,58,4,311691.18,1246764.72,983.88,496266.41,175599.9,320666.51,0,3,C2 - First-Time Buyers,3
C0002,Individual,Trystan,Oconnor,1962-11-26,M,Usa,California,Home,1,No,Website,395,379,404,417,405,63,5,368219.19,1841095.93,1187.94,505127.63,248525.12,256602.51,1,2,C1 - Global Investors,2
C0003,Individual,Kale,Gay,1959-04-07,M,Usa,California,Home,4,Yes,Agency,395,379,404,417,405,67,5,332291.52,1661457.59,1058.11,584611.99,216874.97,367737.02,1,2,C1 - Global Investors,2
C0004,Individual,Russell,Gross,1959-11-25,M,Usa,California,Home,5,No,Website,395,379,404,417,405,66,6,268043.92,1608263.51,937.1,606634.75,149009.73,457625.02,1,2,C1 - Global Investors,2
C0005,Company,Marleez,Co,1976-02-28,M,Usa,California,Investment,5,No,Website,395,379,404,417,405,50,13,281029.64,3653385.38,927.3,628812.33,189194.31,439618.01999999996,1,2,C1 - Global Investors,2
C0006,Individual,Yurem,Wright,1957-03-06,M,Usa,California,Home,3,Yes,Website,395,379,404,417,405,69,5,302826.21,1514131.06,989.59,435031.4,195874.94,239156.46000000002,1,2,C1 - Global Investors,2
C0007,Individual,Xavier,Faulkner,1947-05-24,M,Canada,Quebec,Investment,5,No,Website,395,379,404,417,405,78,11,295558.89,3251147.83,995.69,484458.03,177555.06,306902.97000000003,1,2,C1 - Global Investors,2
C0008,Individual,Kayden,Olsen,1969-10-17,F,Usa,California,Home,5,No,Website,395,379,404,417,405,56,5,295346.08,1476730.41,1031.11,537291.01,199931.08,337359.93000000005,1,2,C1 - Global Investors,2
C0009,Individual,Joaquin,Mullins,1975-10-05,M,Usa,California,Investment,5,No,Agency,395,379,404,417,405,50,5,364166.47,1820832.35,1305.64,580903.05,168834.04,412069.01,1,2,C1 - Global Investors,2
C0010,Individual,Nicolas,Navarro,1966-06-17,M,Usa,Oregon,Investment,3,No,Agency,395,379,404,417,405,59,5,346486.8,1732434.0,1140.21,480540.62,214631.68,265908.94,1,2,C1 - Global Investors,2
C0011,Individual,Laci,Guerra,1956-06-17,F,Usa,California,Home,2,Yes,Website,395,379,404,417,405,69,5,265042.3,1325211.52,935.91,473195.39,152118.46,321076.93000000005,1,2,C1 - Global Investors,2
C0012,Company,Kylax,Co,1975-04-25,M,Usa,California,Investment,5,No,Website,395,379,404,417,405,51,4,399881.6,1599526.4,1317.44,529317.28,246824.34,282492.94000000006,1,2,C1 - Global Investors,3
C0013,Individual,Harley,Lucero,1962-08-10,M,Usa,California,Home,1,Yes,Website,395,379,404,417,405,63,5,428550.18,2142750.89,1407.38,562818.96,177556.15,385262.80999999994,1,2,C1 - Global Investors,2
C0014,Company,Esther,Co,1980-07-10,M,Usa,California,Home,3,Yes,Website,395,379,404,417,405,45,4,387035.02,1548140.07,1280.54,531267.61,169158.29,362109.31999999995,1,2,C1 - Global Investors,3
C0015,Individual,Jaylynn,Hickman,1941-08-19,F,Usa,California,Home,5,No,Client,395,379,404,417,405,84,5,317181.47,1585907.37,1030.76,426442.43,169113.16,257329.27,1,2,C1 - Global Investors,3
C0016,Individual,Olivia,Oconnell,1939-09-03,F,Usa,California,Investment,5,No,Website,395,379,404,417,405,86,4,252554.43,1010217.73,842.14,287917.8,224076.84,63840.95999999999,0,3,C2 - First-Time Buyers,3
C0017,Individual,Antonio,Porter,1977-01-08,M,Usa,Arizona,Home,3,No,Client,395,379,404,417,405,49,5,355738.75,1778693.75,1195.81,568732.24,183173.08,385559.16000000003,1,2,C1 - Global Investors,3
C0018,Individual,Luke,Lynn,1967-02-07,M,Usa,California,Home,2,Yes,Agency,395,379,404,417,405,59,4,265369.67,1061478.67,913.83,461655.95,170848.18,290807.77,0,3,C2 - First-Time Buyers,3
C0019,Individual,Anahi,Curry,1957-09-09,M,Usa,California,Home,5,Yes,Client,395,379,404,417,405,68,4,443368.56,1773474.26,1402.04,599245.34,239248.75,359996.58999999997,1,2,C1 - Global Investors,3
C0020,Individual,Camille,Sharp,1967-10-17,F,Usa,California,Home,5,No,Website,395,379,404,417,405,58,4,377008.06,1508032.25,1307.08,505470.6,282867.04,222603.56,1,2,C1 - Global Investors,2
C0021,Individual,Jesus,Obrien,1938-06-09,M,Usa,Oregon,Investment,3,No,Website,395,379,404,417,405,87,6,321362.12,1928172.72,1028.86,555614.35,183083.45,372530.89999999997,1,2,C1 - Global Investors,2
C0022,Individual,Araceli,Nelson,1966-09-14,M,Germany,Berlin,Investment,5,No,Agency,395,379,404,417,405,59,4,343100.8,1372403.2,1247.49,453294.55,205098.21,248196.34,1,2,C1 - Global Investors,1
C0023,Individual,Cole,Taylor,1958-12-06,M,Usa,California,Home,3,Yes,Website,395,379,404,417,405,67,5,291574.34,1457871.69,948.39,408265.89,189004.45,219261.44,1,2,C1 - Global Investors,2
C0024,Individual,Alonso,Terrell,1963-11-05,M,Usa,California,Investment,4,No,Website,395,379,404,417,405,62,6,314026.15,1884156.9,1053.73,560195.06,171262.65,388932.41000000003,1,2,C1 - Global Investors,2
C0025,Individual,Rodolfo,Gibson,1937-01-20,M,Usa,Nevada,Home,2,Yes,Website,395,379,404,417,405,89,5,338889.77,1694448.83,1120.58,518174.75,191730.36,326444.39,1,2,C1 - Global Investors,2
C0026,Individual,Joseph,Reeves,1962-09-23,M,Usa,California,Investment,5,No,Website,395,379,404,417,405,63,10,293224.18,2932241.75,1002.38,436987.95,123001.89,313986.06,1,2,C1 - Global Investors,2
C0027,Individual,Grant,Weber,1968-09-08,M,Usa,California,Home,5,Yes,Website,395,379,404,417,405,57,5,303593.89,1517969.44,1070.23,427086.44,181396.76,245689.68,1,2,C1 - Global Investors,2
C0028,Individual,Ava,Phelps,1958-04-15,F,Usa,California,Home,3,No,Client,395,379,404,417,405,68,5,358216.56,1791082.79,1266.37,512682.59,192092.24,320590.35000000003,1,2,C1 - Global Investors,3
C0029,Individual,Kyla,Walker,1976-02-26,F,Usa,Colorado,Home,4,Yes,Agency,395,379,404,417,405,50,4,311948.83,1247795.31,993.05,410549.3,188743.11,221806.19,0,3,C2 - First-Time Buyers,3
C0030,Individual,Alanna,Hess,1952-06-19,F,Usa,Nevada,Home,3,No,Website,395,379,404,417,405,73,4,386827.82,1547311.29,1279.37,545645.2,234172.39,311472.80999999994,1,2,C1 - Global Investors,2
C0031,Individual,Skylar,Buchanan,1977-12-25,M,Usa,Nevada,Home,4,Yes,Website,395,379,404,417,405,48,5,215429.64,1077148.21,677.34,258061.02,143682.52,114378.5,0,3,C2 - First-Time Buyers,3
C0032,Individual,Rodrigo,Robinson,1966-08-11,M,Usa,California,Home,4,No,Website,395,379,404,417,405,59,5,377799.03,1888995.16,1282.53,490429.65,239200.56,251229.09000000003,1,2,C1 - Global Investors,2
C0033,Individual,Lydia,Tate,1968-08-14,F,Usa,California,Home,3,Yes,Website,395,379,404,417,405,57,4,351249.67,1404998.67,1250.43,376964.62,328477.73,48486.890000000014,1,2,C1 - Global Investors,2
C0034,Individual,Lauryn,Patrick,1969-10-30,F,Belgium,Brussels,Home,2,No,Agency,395,379,404,417,405,56,5,326521.73,1632608.66,1160.56,508462.97,187384.47,321078.5,1,2,C1 - Global Investors,1
C0035,Individual,Diego,Mendez,1965-05-12,M,Mexico,Mexico City,Home,3,No,Agency,395,379,404,417,405,61,5,397575.28,1987876.4,1445.75,539968.61,190023.11,349945.5,1,2,C1 - Global Investors,0
C0036,Individual,Victor,Jensen,1973-09-01,M,Usa,California,Home,4,No,Website,395,379,404,417,405,52,4,293420.88,1173683.53,963.32,437900.49,179674.08,258226.41,0,3,C2 - First-Time Buyers,3
C0037,Individual,Scarlet,Hendricks,1962-01-20,F,Usa,California,Home,5,Yes,Website,395,379,404,417,405,64,5,321445.75,1607228.75,1018.37,482067.87,156463.31,325604.56,1,2,C1 - Global Investors,2
C0038,Individual,Janelle,Espinoza,1974-12-25,F,Usa,California,Investment,4,No,Client,395,379,404,417,405,51,4,293782.32,1175129.27,1105.12,407214.29,140439.73,266774.55999999994,0,3,C2 - First-Time Buyers,3
C0039,Individual,Aleksandra,Karenina,1967-06-13,F,Russia,Krasnodar Krai,Home,1,No,Agency,395,379,404,417,405,58,4,464631.88,1858527.54,1365.68,626247.03,315733.15,310513.88,1,2,C1 - Global Investors,1
C0040,Individual,Conner,Huff,1975-03-22,M,Usa,Nevada,Home,5,No,Website,395,379,404,417,405,51,6,309101.38,1854608.29,1047.8,507842.87,157697.13,350145.74,1,2,C1 - Global Investors,2
C0041,Individual,Zain,Horne,1967-04-13,M,Usa,Arizona,Home,1,Yes,Website,395,379,404,417,405,59,5,274892.16,1374460.79,872.84,405898.92,193660.62,212238.3,1,2,C1 - Global Investors,2
C0042,Individual,Maia,Chandler,1975-08-12,F,Usa,Utah,Home,1,Yes,Website,395,379,404,417,405,50,4,275347.56,1101390.25,913.84,364280.42,200300.63,163979.78999999998,0,3,C2 - First-Time Buyers,3
C0043,Individual,Jordyn,Park,1965-04-04,M,Usa,Nevada,Investment,3,Yes,Website,395,379,404,417,405,61,4,281623.12,1126492.46,983.5,467216.3,185668.22,281548.07999999996,0,3,C2 - First-Time Buyers,3
C0044,Individual,Diana,Hunt,1931-02-13,F,Usa,Arizona,Home,3,No,Website,395,379,404,417,405,95,4,332623.32,1330493.26,1106.87,519866.77,244970.45,274896.32,1,2,C1 - Global Investors,2
C0045,Individual,Kevin,Mata,1968-10-12,M,Usa,Colorado,Investment,2,No,Agency,395,379,404,417,405,57,5,292686.47,1463432.36,913.77,592737.69,150401.04,442336.6499999999,1,2,C1 - Global Investors,2
C0046,Individual,Brisa,Mckee,1964-09-24,F,Usa,California,Home,5,No,Client,395,379,404,417,405,61,8,253314.68,2026517.4,857.8,388515.14,145693.65,242821.49000000002,1,2,C1 - Global Investors,2
C0047,Individual,Mason,Gilbert,1970-07-31,M,Usa,Colorado,Home,2,No,Agency,395,379,404,417,405,55,5,287647.86,1438239.28,953.57,459403.88,197053.51,262350.37,1,2,C1 - Global Investors,2
C0048,Individual,Derick,Li,1957-03-20,M,Usa,California,Home,3,Yes,Agency,395,379,404,417,405,69,4,334679.5,1338718.0,1026.32,493044.25,245892.17,247152.08,1,2,C1 - Global Investors,2
C0049,Individual,Jace,Riggs,1971-08-20,F,Usa,California,Home,1,No,Website,395,379,404,417,405,54,4,347522.8,1390091.2,1204.37,533120.65,240539.35,292581.30000000005,1,2,C1 - Global Investors,2
C0050,Individual,Jair,Johns,1940-03-05,M,Usa,California,Home,5,No,Website,395,379,404,417,405,86,9,304939.15,2744452.35,993.51,486685.38,182266.87,304418.51,1,2,C1 - Global Investors,2
C0051,Individual,Matilda,Madden,1941-03-03,F,Usa,Colorado,Home,3,No,Agency,395,379,404,417,405,85,4,317610.1,1270440.42,1039.56,564388.0,214855.74,349532.26,1,2,C1 - Global Investors,2
C0052,Individual,Myla,Ewing,1967-02-03,F,Usa,Oregon,Investment,2,No,Client,395,379,404,417,405,59,4,368552.88,1474211.53,1187.92,555271.92,189545.13,365726.79000000004,1,2,C1 - Global Investors,3
C0053,Individual,Miguel,Walter,1954-01-07,M,Usa,Arizona,Home,4,No,Agency,395,379,404,417,405,72,4,280134.86,1120539.44,929.24,368589.72,190081.1,178508.61999999997,0,3,C2 - First-Time Buyers,3
C0054,Company,Bridger CAL,Co,1967-02-15,M,Usa,Nevada,Investment,5,No,Website,395,379,404,417,405,59,6,351546.27,2109277.6,1115.63,435374.92,264142.16,171232.76,1,2,C1 - Global Investors,3
C0055,Individual,Mara,Franco,1973-06-07,F,Usa,California,Home,5,Yes,Agency,395,379,404,417,405,52,4,294744.8,1178979.21,989.83,416304.72,163436.83,252867.88999999998,0,3,C2 - First-Time Buyers,3
C0056,Individual,Erik,Mora,1964-12-07,M,Usa,Oregon,Investment,5,No,Agency,395,379,404,417,405,61,4,394825.34,1579301.36,1355.6,559835.83,224463.87,335371.95999999996,1,2,C1 - Global Investors,2
C0057,Individual,Henry,Kennedy,1933-06-08,M,Usa,California,Home,4,Yes,Agency,395,379,404,417,405,92,5,404103.9,2020519.52,1344.14,589905.02,243606.31,346298.71,1,2,C1 - Global Investors,2
C0058,Company,Kenyon,Co,1969-05-03,F,Usa,California,Investment,1,Yes,Website,395,379,404,417,405,57,5,288281.23,1441406.17,919.84,494246.62,214745.32,279501.3,1,2,C1 - Global Investors,3
C0059,Individual,Oswaldo,Palmer,1960-06-16,M,Usa,California,Home,2,No,Website,395,379,404,417,405,65,4,319713.56,1278854.25,1102.44,488077.62,129489.0,358588.62,1,2,C1 - Global Investors,2
C0060,Individual,Kassidy,Vega,1972-05-07,F,Usa,California,Home,5,No,Website,395,379,404,417,405,54,4,338915.56,1355662.25,1119.47,485561.11,247809.36,237751.75,1,2,C1 - Global Investors,2
C0061,Individual,Morgan,Glass,1967-05-12,M,Usa,Utah,Home,5,No,Agency,395,379,404,417,405,59,4,326726.9,1306907.58,1101.62,402081.8,282131.87,119949.93,1,2,C1 - Global Investors,2
C0062,Individual,Tyler,Carr,1974-03-27,M,Usa,California,Home,5,Yes,Client,395,379,404,417,405,52,5,297866.7,1489333.49,1059.83,443358.25,150856.46,292501.79000000004,1,2,C1 - Global Investors,3
C0063,Individual,Yesenia,Marquez,1942-07-23,F,Usa,Arizona,Home,4,No,Website,395,379,404,417,405,83,5,325096.18,1625480.88,1112.54,538375.93,197254.69,341121.24000000005,1,2,C1 - Global Investors,2
C0064,Individual,Gordon,Brown,1974-02-10,M,Uk,Northern Ireland,Investment,4,No,Agency,395,379,404,417,405,52,4,362220.32,1448881.28,1095.85,574929.03,150684.73,424244.30000000005,1,1,C4 - Luxury Investors,1
C0065,Individual,Rodrigo,Ramirez,1972-03-26,M,Usa,California,Home,1,No,Agency,395,379,404,417,405,54,4,389281.43,1557125.73,1261.53,539032.17,177709.65,361322.52,1,2,C1 - Global Investors,2
C0066,Individual,Melanie,Holland,1974-12-25,F,Usa,California,Investment,3,No,Client,395,379,404,417,405,51,4,276791.04,1107164.17,932.76,366314.0,213799.71,152514.29,0,3,C2 - First-Time Buyers,3
C0067,Individual,Enrique,Cardenas,1977-06-10,M,Usa,California,Home,2,No,Website,395,379,404,417,405,48,5,286388.37,1431941.84,851.82,468196.39,141613.5,326582.89,1,2,C1 - Global Investors,2
C0068,Individual,Helen,Williamson,1966-02-26,F,Usa,Colorado,Home,5,Yes,Agency,395,379,404,417,405,60,4,393194.83,1572779.33,1450.29,459558.39,344568.74,114989.65000000002,1,2,C1 - Global Investors,2
C0069,Individual,Isis,Rios,1970-04-01,M,Usa,California,Investment,4,No,Website,395,379,404,417,405,56,5,287828.49,1439142.47,957.59,479080.93,133001.94,346078.99,1,2,C1 - Global Investors,2
C0070,Individual,Kayley,Nielsen,1947-04-27,F,Usa,Arizona,Home,4,Yes,Website,395,379,404,417,405,79,5,304314.12,1521570.62,1039.27,448702.07,208129.31,240572.76,1,2,C1 - Global Investors,2
C0071,Individual,Donavan,Flowers,1985-12-27,M,Usa,California,Home,1,Yes,Client,395,379,404,417,405,40,5,230076.82,1150384.09,833.38,415775.9,140920.9,274855.0,0,3,C2 - First-Time Buyers,3
C0072,Individual,Augustus,Hinton,1953-02-03,M,Usa,Nevada,Investment,2,No,Website,395,379,404,417,405,73,6,374414.76,2246488.58,1129.49,674634.08,234750.59,439883.49,1,2,C1 - Global Investors,2
C0073,Individual,Alejandra,Greer,1965-01-11,F,Denmark,Capital Region,Investment,1,No,Agency,395,379,404,417,405,61,4,353475.58,1413902.33,1194.03,527107.1,230992.44,296114.66,1,2,C1 - Global Investors,1
C0074,Individual,Violet,Nixon,1959-01-01,F,Usa,Oregon,Investment,5,No,Client,395,379,404,417,405,67,5,341891.73,1709458.65,1138.04,573381.83,195153.16,378228.6699999999,1,2,C1 - Global Investors,3
C0075,Individual,Jaelyn,Berger,1970-05-05,F,Usa,California,Home,3,No,Website,395,379,404,417,405,56,4,317348.94,1269395.74,1048.34,590971.72,191389.87,399581.85,1,2,C1 - Global Investors,2
C0076,Individual,Tristian,Fuller,1956-03-13,M,Usa,California,Home,5,No,Agency,395,379,404,417,405,70,6,317642.01,1905852.09,1067.28,534630.42,204997.52,329632.9,1,2,C1 - Global Investors,2
C0077,Individual,Christian,Costa,1980-09-14,M,Usa,California,Home,5,No,Website,395,379,404,417,405,45,5,376002.44,1880012.18,1191.83,590130.14,122930.75,467199.39,1,2,C1 - Global Investors,2
C0078,Individual,Nora,Lynch,1948-04-23,F,Usa,California,Home,5,No,Website,395,379,404,417,405,78,4,421470.6,1685882.39,1415.63,485944.71,342357.64,143587.07,1,2,C1 - Global Investors,2
C0079,Individual,Dangelo,Shea,1954-02-27,M,Belgium,Brussels,Investment,4,No,Website,395,379,404,417,405,72,4,364109.08,1456436.3,1219.07,579893.68,242740.66,337153.02,1,2,C1 - Global Investors,1
C0080,Individual,Aiyana,Christensen,1949-01-16,F,Usa,California,Investment,3,No,Website,395,379,404,417,405,77,5,285506.31,1427531.56,965.02,502978.74,219373.41,283605.32999999996,1,2,C1 - Global Investors,2
C0081,Individual,Sidney,Cline,1943-07-24,F,Usa,California,Home,4,Yes,Website,395,379,404,417,405,82,4,380536.06,1522144.26,1252.74,655054.84,263803.73,391251.11,1,2,C1 - Global Investors,2
C0082,Individual,Kaitlin,Owen,1981-12-26,F,Usa,Virginia,Investment,5,No,Client,395,379,404,417,405,44,5,256453.59,1282267.95,884.22,336673.91,203491.85,133182.05999999997,1,3,C2 - First-Time Buyers,3
C0083,Individual,Issac,Edwards,1938-10-29,M,Usa,California,Home,5,No,Website,395,379,404,417,405,87,6,252273.58,1513641.46,851.4,360807.72,177781.18,183026.53999999998,1,2,C1 - Global Investors,2
C0084,Individual,Zaiden,Merritt,1948-02-23,M,Usa,Wyoming,Home,3,No,Agency,395,379,404,417,405,78,5,352446.38,1762231.92,1083.61,517695.89,204286.67,313409.22,1,2,C1 - Global Investors,2
C0085,Individual,Iris,Larsen,1966-09-14,M,Usa,California,Home,4,Yes,Agency,395,379,404,417,405,59,4,296376.36,1185505.46,986.4,480842.09,166682.58,314159.51,0,3,C2 - First-Time Buyers,3
C0086,Individual,Grace,Stein,1968-12-20,F,Usa,California,Home,3,Yes,Website,395,379,404,417,405,57,5,385637.72,1928188.61,1354.63,525721.08,238146.95,287574.12999999995,1,2,C1 - Global Investors,2
C0087,Individual,Alessandra,Perry,1979-05-15,F,Usa,California,Home,4,No,Agency,395,379,404,417,405,47,4,420288.32,1681153.28,1287.66,508371.29,231182.8,277188.49,1,2,C1 - Global Investors,2
C0088,Individual,Jamal,Mueller,1936-08-13,M,Usa,Oregon,Investment,2,No,Website,395,379,404,417,405,89,6,241753.26,1450519.57,786.97,308622.38,183522.61,125099.77000000002,1,2,C1 - Global Investors,2
C0089,Individual,Irvin,Ellis,1949-11-14,M,Usa,California,Home,3,No,Agency,395,379,404,417,405,76,4,260463.45,1041853.81,854.79,302297.34,215409.32,86888.02000000002,0,3,C2 - First-Time Buyers,3
C0090,Individual,Terry,Forbes,1982-05-27,M,Usa,California,Home,5,No,Client,395,379,404,417,405,43,5,196170.08,980850.42,703.8,252200.58,133518.0,118682.57999999999,0,3,C2 - First-Time Buyers,3
C0091,Individual,Jacqueline,Grant,1959-11-13,F,Usa,California,Home,4,No,Website,395,379,404,417,405,66,4,339161.18,1356644.74,1161.68,432448.91,225401.62,207047.28999999998,1,2,C1 - Global Investors,2
C0092,Individual,Brock,Fischer,1971-05-29,M,Usa,Kansas,Home,3,No,Website,395,379,404,417,405,54,8,352240.87,2817926.96,1218.04,536812.04,212987.49,323824.55000000005,1,2,C1 - Global Investors,2
C0093,Individual,Curtis,Howard,1962-09-11,M,Usa,California,Home,2,No,Agency,395,379,404,417,405,63,5,346511.68,1732558.38,1196.47,438704.41,248815.13,189889.27999999997,1,2,C1 - Global Investors,2
C0094,Individual,Avah,Huang,1948-04-23,F,Usa,California,Home,5,No,Website,395,379,404,417,405,78,5,212535.16,1062675.82,692.66,292598.12,159881.5,132716.62,0,3,C2 - First-Time Buyers,3
C0095,Individual,Frank,Meyer,1964-03-16,M,Usa,California,Home,3,Yes,Agency,395,379,404,417,405,62,6,278162.17,1668973.02,923.1,384992.37,153702.37,231290.0,1,2,C1 - Global Investors,2
C0096,Individual,Darien,Dorsey,1985-12-27,M,Usa,California,Investment,3,Yes,Website,395,379,404,417,405,40,4,340753.29,1363013.17,1113.62,452667.01,263291.82,189375.19,1,2,C1 - Global Investors,2
C0097,Individual,Franklin,Mack,1943-06-18,M,Usa,Virginia,Home,5,Yes,Website,395,379,404,417,405,82,7,312843.72,2189906.04,1061.72,491025.48,208930.81,282094.67,1,2,C1 - Global Investors,2
C0098,Individual,Elena,Petrova,1949-06-22,F,Russia,Saint Petersburg,Home,3,Yes,Agency,395,379,404,417,405,76,4,282898.16,1131592.65,981.96,427106.32,203817.34,223288.98,0,3,C2 - First-Time Buyers,1
C0099,Individual,Jack,Hanson,1941-12-01,M,Usa,California,Investment,4,No,Website,395,379,404,417,405,84,6,333384.76,2000308.58,1201.59,417894.67,208542.96,209351.71,1,2,C1 - Global Investors,2
C0100,Individual,Emmett,Estes,1969-06-05,M,Usa,California,Home,3,No,Website,395,379,404,417,405,56,4,362386.16,1449544.65,1174.44,526802.73,222138.72,304664.01,1,2,C1 - Global Investors,2
C0101,Individual,Aniya,Miller,1951-03-02,F,Usa,Nevada,Home,3,No,Website,395,379,404,417,405,75,4,281253.45,1125013.8,874.34,392645.79,167897.44,224748.34999999998,0,3,C2 - First-Time Buyers,3
C0102,Individual,Jack,Anderson,1947-02-13,M,Usa,California,Investment,5,Yes,Website,395,379,404,417,405,79,9,378140.43,3403263.85,1222.91,621956.37,186300.71,435655.66000000003,1,2,C1 - Global Investors,2
C0103,Individual,Kael,Hurley,1973-12-15,M,Usa,Colorado,Home,3,No,Website,395,379,404,417,405,52,5,296767.75,1483838.77,964.98,408331.77,192609.64,215722.13,1,2,C1 - Global Investors,2
C0104,Individual,Kamden,Stewart,1978-09-14,M,Usa,California,Home,5,No,Website,395,379,404,417,405,47,5,335431.0,1677155.01,1090.3,510060.4,197556.99,312503.41000000003,1,2,C1 - Global Investors,2
C0105,Individual,Aniyah,Ali,1959-11-03,F,Usa,California,Investment,2,Yes,Website,395,379,404,417,405,66,5,265616.87,1328084.36,850.95,338774.34,204808.16,133966.18000000002,1,3,C2 - First-Time Buyers,2
C0106,Individual,Simon,Bennett,1953-06-09,M,Usa,Colorado,Home,4,No,Website,395,379,404,417,405,72,4,239419.82,957679.27,820.98,452919.18,134038.01,318881.17,0,3,C2 - First-Time Buyers,3
C0107,Individual,Laurel,Benitez,1959-08-06,M,Usa,California,Home,4,Yes,Agency,395,379,404,417,405,66,5,343011.65,1715058.23,1102.66,537998.71,148553.54,389445.1699999999,1,2,C1 - Global Investors,2
C0108,Individual,Trey,Strong,1958-12-20,M,Usa,California,Home,4,No,Agency,395,379,404,417,405,67,6,333133.12,1998798.72,1104.17,583919.98,205085.4,378834.57999999996,1,2,C1 - Global Investors,2
C0109,Individual,Myah,Roman,1933-05-05,F,Usa,California,Investment,5,Yes,Agency,395,379,404,417,405,93,5,399110.22,1995551.09,1285.85,579807.82,222867.42,356940.3999999999,1,2,C1 - Global Investors,2
C0110,Individual,Nyla,Blake,1959-06-05,F,Usa,California,Investment,5,Yes,Agency,395,379,404,417,405,66,5,241111.09,1205555.46,811.4,487772.33,137109.06,350663.27,0,3,C2 - First-Time Buyers,3
C0111,Individual,Kole,Shannon,1979-06-27,M,Usa,Arizona,Home,2,Yes,Website,395,379,404,417,405,46,4,299605.3,1198421.22,896.72,476038.28,169044.97,306993.31000000006,0,3,C2 - First-Time Buyers,3
C0112,Individual,Melany,Glover,1960-10-01,F,Usa,California,Investment,1,Yes,Agency,395,379,404,417,405,65,5,355028.44,1775142.2,1115.99,619787.84,193572.19,426215.64999999997,1,2,C1 - Global Investors,2
C0113,Individual,Arthur,Bray,1949-07-14,M,Usa,Utah,Investment,4,No,Agency,395,379,404,417,405,76,4,353608.36,1414433.46,1186.71,535865.96,218585.92,317280.0399999999,1,2,C1 - Global Investors,2
C0114,Individual,Kamila,Collier,1962-01-21,F,Usa,California,Home,1,Yes,Website,395,379,404,417,405,64,4,281001.01,1124004.05,932.94,382143.98,224595.39,157548.58999999997,0,3,C2 - First-Time Buyers,3
C0115,Individual,Amanda,Simon,1978-12-03,F,Usa,California,Home,5,No,Agency,395,379,404,417,405,47,5,351470.92,1757354.59,1143.69,460001.26,292246.65,167754.61,1,2,C1 - Global Investors,2
C0116,Individual,Erika,Steward,1955-08-07,F,Usa,California,Investment,4,No,Website,395,379,404,417,405,70,8,310573.76,2484590.08,1039.89,629574.18,172889.19,456684.99000000005,1,2,C1 - Global Investors,2
C0117,Individual,Jakobe,Bailey,1964-10-06,M,Uk,Scotland,Investment,4,No,Agency,395,379,404,417,405,61,8,360569.53,2884556.25,1135.79,602366.78,185644.59,416722.19000000006,1,1,C4 - Luxury Investors,2
C0118,Individual,Sonia,Choi,1948-11-09,F,Usa,Oregon,Investment,5,No,Agency,395,379,404,417,405,77,4,304594.3,1218377.19,1009.12,461101.0,230154.53,230946.47,0,3,C2 - First-Time Buyers,3
C0119,Individual,Erika,Gallagher,1942-07-19,F,Usa,California,Home,1,Yes,Website,395,379,404,417,405,83,4,400760.98,1603043.92,1399.32,527627.25,241620.48,286006.77,1,2,C1 - Global Investors,2
C0120,Individual,Madeline,Michael,1953-07-30,F,Usa,California,Home,4,Yes,Website,395,379,404,417,405,72,5,350717.48,1753587.39,1243.96,577922.22,200148.89,377773.32999999996,1,2,C1 - Global Investors,2
C0121,Individual,Bennett,Chen,1950-07-18,M,Usa,Nevada,Home,2,No,Website,395,379,404,417,405,75,5,233830.06,1169150.31,806.69,418772.73,136078.52,282694.20999999996,0,3,C2 - First-Time Buyers,3
C0122,Individual,Belinda,Hogan,1973-08-18,F,Usa,California,Home,1,Yes,Agency,395,379,404,417,405,52,4,353140.17,1412560.68,1085.97,550180.2,190119.5,360060.69999999995,1,2,C1 - Global Investors,2
C0123,Individual,Johanna,Fisher,1962-08-25,F,Usa,California,Home,4,Yes,Website,395,379,404,417,405,63,5,364269.74,1821348.69,1230.66,502456.39,263790.81,238665.58000000002,1,2,C1 - Global Investors,2
C0124,Individual,Jaylen,Turner,1963-07-15,F,Usa,California,Home,4,No,Agency,395,379,404,417,405,62,5,322797.02,1613985.08,1184.63,367468.14,281850.8,85617.34000000003,1,2,C1 - Global Investors,2
C0125,Individual,Michael,Juarez,1976-12-25,M,Usa,Colorado,Home,4,Yes,Agency,395,379,404,417,405,49,4,335277.06,1341108.25,1148.55,503351.9,196142.19,307209.71,1,2,C1 - Global Investors,2
C0126,Individual,Adriana,Shaffer,1972-07-11,F,Usa,California,Investment,2,No,Agency,395,379,404,417,405,53,5,263985.89,1319929.46,850.05,498779.18,161161.39,337617.79,1,2,C1 - Global Investors,2
C0127,Individual,Julio,Leonard,1974-07-18,M,Usa,Nevada,Home,2,Yes,Website,395,379,404,417,405,51,4,241868.56,967474.23,765.08,355073.4,145190.73,209882.67,0,3,C2 - First-Time Buyers,3
C0128,Company,Abdiel,Co,1963-05-22,M,Usa,Nevada,Investment,5,Yes,Website,395,379,404,417,405,63,5,327878.59,1639392.95,1054.03,535798.14,183248.76,352549.38,1,2,C1 - Global Investors,3
C0129,Individual,Warren,Pugh,1973-07-17,M,Usa,Arizona,Investment,5,No,Website,395,379,404,417,405,52,4,437093.19,1748372.75,1296.99,584468.16,261742.74,322725.42000000004,1,2,C1 - Global Investors,2
C0130,Individual,Luis,Crane,1959-04-20,M,Usa,Nevada,Home,3,Yes,Website,395,379,404,417,405,67,4,372010.72,1488042.88,1215.04,509032.38,245774.19,263258.19,1,2,C1 - Global Investors,2
C0131,Individual,Mohammad,Irwin,1971-12-02,M,Usa,California,Home,1,No,Website,395,379,404,417,405,54,5,285611.71,1428058.55,928.79,538931.69,135280.4,403651.2899999999,1,2,C1 - Global Investors,2
C0132,Individual,Davion,Stout,1965-07-20,M,Usa,Nevada,Home,1,Yes,Agency,395,379,404,417,405,60,4,300943.76,1203775.04,1025.18,403463.16,238811.06,164652.09999999998,0,3,C2 - First-Time Buyers,3
C0133,Individual,Logan,Simmons,1946-09-14,M,Usa,California,Investment,4,No,Agency,395,379,404,417,405,79,4,362449.98,1449799.93,1177.4,457718.07,263123.42,194594.65000000002,1,2,C1 - Global Investors,2
C0134,Individual,Kaylin,Villarreal,1932-06-13,F,Russia,Novosibirsk,Investment,3,No,Website,395,379,404,417,405,93,5,352333.97,1761669.87,1095.6,595167.57,259177.5,335990.06999999995,1,2,C1 - Global Investors,1
C0135,Individual,Ruben,Melton,1939-03-05,M,Usa,Utah,Investment,2,No,Agency,395,379,404,417,405,87,4,305360.73,1221442.92,1043.61,446236.57,153466.71,292769.86,0,3,C2 - First-Time Buyers,3
C0136,Individual,Gianni,Fritz,1973-09-15,M,Usa,California,Home,3,No,Website,395,379,404,417,405,52,5,378510.94,1892554.72,1244.27,550949.39,245572.79,305376.6,1,2,C1 - Global Investors,2
C0137,Individual,Emilie,Morrison,1957-10-29,F,Usa,California,Home,3,Yes,Website,395,379,404,417,405,68,4,247437.61,989750.45,855.07,328405.23,193715.82,134689.40999999997,0,3,C2 - First-Time Buyers,3
C0138,Individual,Crystal,Wyatt,1939-06-30,F,Usa,Oregon,Investment,3,Yes,Website,395,379,404,417,405,86,5,273564.91,1367824.55,914.41,362755.75,179263.23,183492.52,1,2,C1 - Global Investors,2
C0139,Individual,Annabel,Robles,1969-10-14,F,Usa,California,Home,5,Yes,Website,395,379,404,417,405,56,5,361473.26,1807366.3,1136.69,448450.76,176130.89,272319.87,1,2,C1 - Global Investors,2
C0140,Individual,Rachel,Cross,1952-06-18,F,Usa,California,Home,3,No,Website,395,379,404,417,405,73,5,311912.31,1559561.53,1041.72,523923.26,165052.35,358870.91000000003,1,2,C1 - Global Investors,2
C0141,Individual,Madalyn,Mercer,1986-06-21,F,Usa,California,Home,5,No,Website,395,379,404,417,405,39,5,353003.82,1765019.09,1088.81,520595.39,191573.49,329021.9,1,2,C1 - Global Investors,2
C0142,Individual,Michelle,Cameron,1978-06-04,F,Usa,Nevada,Home,3,Yes,Website,395,379,404,417,405,47,5,334754.04,1673770.19,1149.4,479876.57,217786.38,262090.19,1,2,C1 - Global Investors,2
C0143,Individual,Ezra,Lozano,1958-02-24,M,Usa,California,Home,1,No,Website,395,379,404,417,405,68,8,298745.04,2389960.3,1008.63,512659.6,134277.54,378382.05999999994,1,2,C1 - Global Investors,2
C0144,Individual,Ramiro,Oneill,1954-09-29,M,Usa,California,Home,4,No,Agency,395,379,404,417,405,71,5,379547.95,1897739.74,1206.35,564424.34,220677.17,343747.1699999999,1,2,C1 - Global Investors,2
C0145,Individual,Emely,Watts,1964-11-30,F,Usa,California,Home,4,No,Website,395,379,404,417,405,61,5,349314.31,1746571.55,1297.32,499388.61,213970.0,285418.61,1,2,C1 - Global Investors,2
C0146,Individual,Hazel,Ayers,1963-02-01,M,Usa,Colorado,Home,2,No,Website,395,379,404,417,405,63,4,370384.1,1481536.39,1242.64,540074.5,192833.65,347240.85,1,2,C1 - Global Investors,2
C0147,Individual,Cedric,Goodwin,1948-02-20,M,Usa,Utah,Home,4,No,Client,395,379,404,417,405,78,5,279661.85,1398309.27,1000.47,509124.24,193209.9,315914.33999999997,1,2,C1 - Global Investors,3
C0148,Individual,Dayton,Hatfield,1969-04-19,M,Usa,Colorado,Investment,4,Yes,Agency,395,379,404,417,405,57,4,425095.92,1700383.7,1413.59,597216.83,237060.15,360156.67999999993,1,2,C1 - Global Investors,2
C0149,Individual,Piotr,Aleksandrov,1955-12-02,M,Russia,Krasnodar Krai,Investment,3,No,Agency,395,379,404,417,405,70,4,262252.25,1049009.0,906.49,343513.68,143000.82,200512.86,0,3,C2 - First-Time Buyers,1
C0150,Individual,Memphis,Mcconnell,1968-08-25,M,Usa,California,Home,2,Yes,Website,395,379,404,417,405,57,4,461516.64,1846066.58,1500.95,543777.59,303491.24,240286.34999999998,1,2,C1 - Global Investors,2
C0151,Individual,Arabella,Ferrell,1976-08-17,F,Usa,Oregon,Home,1,No,Agency,395,379,404,417,405,49,5,317817.26,1589086.32,1123.44,537546.81,146624.11,390922.70000000007,1,2,C1 - Global Investors,2
C0152,Individual,Sincere,Hansen,1967-01-19,F,Usa,California,Investment,2,Yes,Agency,395,379,404,417,405,59,7,362743.7,2539205.93,1212.76,603518.77,188273.73,415245.04000000004,1,2,C1 - Global Investors,2
C0153,Individual,Lara,Carrillo,1983-02-24,F,Usa,California,Home,5,No,Website,395,379,404,417,405,43,5,312075.05,1560375.26,944.03,570549.18,175169.52,395379.66000000003,1,2,C1 - Global Investors,2
C0154,Individual,Valentina,Simpson,1965-01-24,F,Usa,California,Home,4,Yes,Agency,395,379,404,417,405,61,5,428491.46,2142457.31,1390.49,669332.95,273778.55,395554.39999999997,1,2,C1 - Global Investors,2
C0155,Company,Kamd,Co,1975-08-18,M,Usa,California,Investment,5,No,Agency,395,379,404,417,405,50,5,324577.11,1622885.53,1097.39,512459.69,117564.07,394895.62,1,2,C1 - Global Investors,3
C0156,Individual,Case,Sanchez,1966-05-26,F,Usa,California,Home,5,No,Website,395,379,404,417,405,59,4,336225.87,1344903.47,1102.1,409183.72,237207.68,171976.03999999998,1,2,C1 - Global Investors,2
C0157,Individual,Van,Charles,1952-05-15,M,Usa,Colorado,Home,2,Yes,Client,395,379,404,417,405,74,4,265100.01,1060400.03,830.77,431549.73,153033.12,278516.61,0,3,C2 - First-Time Buyers,3
C0158,Individual,Emmy,Singh,1979-12-03,F,Usa,Virginia,Investment,3,Yes,Agency,395,379,404,417,405,46,4,359869.42,1439477.66,1131.5,551363.7,159939.07,391424.62999999995,1,2,C1 - Global Investors,2
C0159,Individual,Colin,Campos,1942-04-14,M,Usa,California,Home,3,No,Website,395,379,404,417,405,84,4,399126.86,1596507.45,1336.73,477228.5,244820.67,232407.83,1,2,C1 - Global Investors,2
C0160,Individual,Anya,Stephenson,1959-06-11,F,Usa,California,Home,4,No,Website,395,379,404,417,405,66,5,335943.39,1679716.96,1144.06,514747.26,206631.81,308115.45,1,2,C1 - Global Investors,2
C0161,Individual,Parker,Poole,1951-11-10,M,Usa,California,Home,5,No,Website,395,379,404,417,405,74,9,281584.92,2534264.26,939.41,411233.36,144890.28,266343.07999999996,1,2,C1 - Global Investors,2
C0162,Individual,Ivan,Bright,1953-09-15,M,Usa,California,Home,4,No,Website,395,379,404,417,405,72,4,283840.88,1135363.52,983.24,434121.6,216903.45,217218.14999999997,0,3,C2 - First-Time Buyers,3
C0163,Individual,Larry,Turner,1986-03-24,M,Usa,Utah,Investment,5,Yes,Agency,395,379,404,417,405,40,4,376648.55,1506594.21,1307.32,472632.31,188705.75,283926.56,1,2,C1 - Global Investors,2
C0164,Individual,Matthew,Nelson,1986-09-20,M,Usa,Arizona,Home,5,No,Website,395,379,404,417,405,39,4,359038.14,1436152.54,1196.8,513021.02,224080.17,288940.85,1,2,C1 - Global Investors,2
C0165,Individual,Mary,Hall,1956-07-11,F,Usa,California,Home,3,Yes,Website,395,379,404,417,405,69,3,425616.44,1276849.33,1357.19,539711.96,318156.13,221555.82999999996,1,2,C1 - Global Investors,2
C0166,Individual,Carolyn,Weaver,1984-01-24,F,Usa,Arizona,Home,4,Yes,Agency,395,379,404,417,405,42,4,318410.84,1273643.37,1025.32,602056.71,207100.33,394956.38,1,2,C1 - Global Investors,2
C0167,Individual,Grace,Green,1955-02-02,F,Uk,Scotland,Home,3,Yes,Website,395,379,404,417,405,71,7,392796.76,2749577.33,1320.38,535236.81,231425.47,303811.3400000001,1,1,C4 - Luxury Investors,2
C0168,Individual,Pamela,Sanders,1960-06-06,F,Usa,Nevada,Home,3,No,Agency,395,379,404,417,405,65,4,372946.47,1491785.87,1329.6,475258.58,220411.63,254846.95,1,2,C1 - Global Investors,2
C0169,Individual,Terry,Turner,1990-08-13,M,Usa,Ohio,Investment,5,Yes,Agency,395,379,404,417,405,35,3,229621.4,688864.2,845.86,311647.12,159995.77,151651.35,0,3,C2 - First-Time Buyers,3
C0170,Individual,Jacob,Jones,1949-06-13,M,Usa,California,Home,5,No,Website,395,379,404,417,405,76,3,387105.39,1161316.17,1339.75,525251.32,296414.35,228836.96999999997,0,3,C2 - First-Time Buyers,3
C0171,Individual,Julie,Sanders,1991-05-05,F,Usa,Washington,Investment,5,Yes,Client,395,379,404,417,405,35,4,319688.43,1278753.71,1070.72,373786.79,211877.66,161909.12999999998,1,2,C1 - Global Investors,3
C0172,Individual,Catherine,Carter,1992-09-16,F,Usa,Washington,Home,1,Yes,Agency,395,379,404,417,405,33,4,420367.98,1681471.91,1572.79,484259.13,342597.24,141661.89,1,2,C1 - Global Investors,2
C0173,Individual,Amber,Wilson,1976-07-20,F,Usa,Arizona,Home,5,Yes,Agency,395,379,404,417,405,49,8,327496.05,2619968.43,1074.59,521184.68,185249.68,335935.0,1,2,C1 - Global Investors,2
C0174,Individual,Rachel,Harris,1982-07-06,F,Usa,California,Investment,3,No,Client,395,379,404,417,405,43,3,288453.24,865359.73,869.79,386354.65,175885.99,210468.66000000003,0,3,C2 - First-Time Buyers,3
C0175,Individual,Brandon,Alexander,1962-04-05,M,Usa,Washington,Home,5,No,Agency,395,379,404,417,405,64,4,401534.53,1606138.12,1313.38,634424.32,120742.29,513682.02999999997,1,2,C1 - Global Investors,2
C0176,Individual,Hannah,Williams,1993-06-27,F,Usa,California,Home,2,No,Website,395,379,404,417,405,32,6,446987.99,2681927.91,1514.8,526217.19,307839.56,218377.62999999995,1,2,C1 - Global Investors,2
C0177,Individual,Sarah,Hansen,1951-03-05,F,Uk,England,Home,5,Yes,Website,395,379,404,417,405,75,7,324271.03,2269897.21,1160.95,524447.11,172612.98,351834.13,1,1,C4 - Luxury Investors,2
C0178,Individual,Laura,Chavez,1952-12-23,F,Usa,Virginia,Home,4,No,Agency,395,379,404,417,405,73,7,380845.42,2665917.96,1285.0,548503.64,154432.32,394071.32,1,2,C1 - Global Investors,2
C0179,Individual,Ashley,Turner,1986-02-11,F,Usa,Oregon,Investment,2,No,Website,395,379,404,417,405,40,8,266421.51,2131372.11,947.54,358234.23,190215.58,168018.65,1,2,C1 - Global Investors,2
C0180,Individual,Jacob,Wilson,1943-01-28,M,Usa,California,Home,2,Yes,Agency,395,379,404,417,405,83,7,380041.77,2660292.37,1249.51,542668.47,215993.99,326674.48,1,2,C1 - Global Investors,2
C0181,Individual,Lawrence,Peterson,1970-04-26,M,Usa,Texas,Home,2,Yes,Website,395,379,404,417,405,56,7,292455.66,2047189.62,974.18,350173.43,191788.99,158384.44,1,2,C1 - Global Investors,2
C0182,Individual,Virginia,Bennett,1971-12-02,F,Germany,North Rhine-Westphalia,Investment,1,Yes,Website,395,379,404,417,405,54,8,385295.29,3082362.35,1246.95,642233.35,235151.17,407082.17999999993,1,2,C1 - Global Investors,1
C0183,Individual,Nicholas,Green,1988-09-15,M,Usa,Nevada,Home,3,No,Website,395,379,404,417,405,37,7,269015.27,1883106.92,907.1,330298.49,191930.42,138368.06999999998,1,2,C1 - Global Investors,2
C0184,Individual,Peter,Pierce,1994-01-21,M,Usa,Florida,Home,1,No,Website,395,379,404,417,405,32,6,436489.69,2618938.16,1481.72,575737.82,229012.23,346725.58999999997,1,2,C1 - Global Investors,2
C0185,Individual,Andrea,Nelson,1945-07-02,F,Usa,Nevada,Home,4,Yes,Agency,395,379,404,417,405,80,7,355987.4,2491911.81,1137.29,559547.45,164681.66,394865.7899999999,1,2,C1 - Global Investors,2
C0186,Individual,Carol,Green,1982-04-02,F,Usa,Virginia,Home,1,No,Website,395,379,404,417,405,44,8,334285.83,2674286.63,1100.27,535134.61,174212.21,360922.4,1,2,C1 - Global Investors,2
C0187,Individual,Cheryl,Kim,1990-01-17,F,Usa,Florida,Home,1,No,Website,395,379,404,417,405,36,6,344441.86,2066651.14,1135.37,535002.72,201788.02,333214.69999999995,1,2,C1 - Global Investors,2
C0188,Individual,Jose,Martin,1940-10-08,M,Usa,Oregon,Home,5,Yes,Website,395,379,404,417,405,85,7,413063.94,2891447.6,1263.96,615305.89,202522.58,412783.31000000006,1,2,C1 - Global Investors,2
C0189,Individual,Anna,Adams,1958-12-11,F,Usa,California,Home,2,No,Agency,395,379,404,417,405,67,7,315665.63,2209659.42,1024.69,631227.87,198869.37,432358.5,1,2,C1 - Global Investors,2
C0190,Individual,Karen,Johnson,1971-10-19,F,Usa,California,Home,2,No,Website,395,379,404,417,405,54,7,325243.02,2276701.17,1049.15,518963.51,174080.92,344882.58999999997,1,2,C1 - Global Investors,2
C0191,Individual,Sarah,Turner,1977-05-06,F,Usa,Florida,Home,3,No,Agency,395,379,404,417,405,49,8,271615.85,2172926.76,913.85,374700.13,160912.37,213787.76,1,2,C1 - Global Investors,2
C0192,Individual,Margaret,Moore,1984-02-04,F,Belgium,Brussels,Investment,2,Yes,Website,395,379,404,417,405,42,7,414358.44,2900509.1,1304.72,609045.19,207447.24,401597.94999999995,1,2,C1 - Global Investors,1
C0193,Individual,Sharon,Campbell,1968-08-09,F,Usa,California,Investment,4,Yes,Website,395,379,404,417,405,57,7,276254.03,1933778.24,962.72,525419.08,142903.22,382515.86,1,2,C1 - Global Investors,2
C0194,Individual,Jonathan,Hall,1953-08-18,M,France,Ile-De-France,Home,5,Yes,Website,395,379,404,417,405,72,7,394196.04,2759372.27,1237.29,610038.08,266653.15,343384.92999999993,1,0,C3 - Corporate Buyers,1
C0195,Individual,Sean,Jones,1947-06-19,M,Usa,California,Home,2,Yes,Website,395,379,404,417,405,78,7,300319.12,2102233.85,1029.27,486957.94,198851.29,288106.65,1,2,C1 - Global Investors,2
C0196,Individual,Alexander,Adams,1957-04-22,M,Usa,Nevada,Investment,5,No,Agency,395,379,404,417,405,69,6,435289.41,2611736.44,1411.95,605691.78,220006.69,385685.09,1,2,C1 - Global Investors,2
C0197,Individual,Kevin,Wright,1944-07-01,M,Usa,Virginia,Home,4,No,Client,395,379,404,417,405,81,8,346971.08,2775768.6,1082.87,590525.42,151645.03,438880.39,1,2,C1 - Global Investors,2
C0198,Individual,Michelle,White,1976-01-28,F,Usa,California,Home,4,No,Website,395,379,404,417,405,50,8,299961.21,2399689.67,997.55,510536.52,164944.49,345592.03,1,2,C1 - Global Investors,2
C0199,Individual,Ryan,Brown,1958-04-13,M,Usa,California,Home,3,No,Agency,395,379,404,417,405,68,7,368994.27,2582959.87,1162.74,596863.29,206911.5,389951.79000000004,1,2,C1 - Global Investors,2
C0200,Individual,Linda,Harris,1944-05-06,F,Usa,California,Home,1,No,Agency,395,379,404,417,405,82,4,267839.85,1071359.39,920.71,410486.46,193455.41,217031.05000000002,0,3,C2 - First-Time Buyers,3
C0201,Individual,Lauren,Weaver,1968-02-13,F,Usa,California,Home,1,No,Agency,395,379,404,417,405,58,4,324696.88,1298787.54,1147.44,402705.53,227965.28,174740.25000000003,1,2,C1 - Global Investors,2
C0202,Individual,Jack,Reyes,1996-11-11,M,Canada,British Columbia,Home,1,No,Website,395,379,404,417,405,29,3,339757.53,1019272.59,1049.38,446358.88,274317.28,172041.59999999998,0,3,C2 - First-Time Buyers,0
C0203,Individual,Christine,Brooks,1956-05-18,F,Usa,California,Home,4,No,Client,395,379,404,417,405,70,4,310619.71,1242478.83,916.04,596471.37,167875.27,428596.1,0,3,C2 - First-Time Buyers,3
C0204,Individual,Joyce,Pierce,1947-01-10,F,Usa,California,Home,5,No,Agency,395,379,404,417,405,79,3,311477.66,934432.98,1042.73,354252.16,237481.19,116770.96999999997,0,3,C2 - First-Time Buyers,3
C0205,Individual,Kelly,Nelson,1968-08-26,F,Mexico,Puebla,Home,1,Yes,Agency,395,379,404,417,405,57,3,316408.16,949224.48,1072.73,390197.22,208297.48,181899.73999999996,0,3,C2 - First-Time Buyers,0
C0206,Individual,Nancy,Roberts,1957-05-08,F,Usa,California,Home,1,Yes,Agency,395,379,404,417,405,69,3,284353.64,853060.93,851.43,378709.68,225796.07,152913.61,0,3,C2 - First-Time Buyers,3
C0207,Individual,Kyle,Gray,1944-11-19,M,Usa,Virginia,Investment,4,No,Website,395,379,404,417,405,81,3,296649.59,889948.76,1104.51,533390.74,136179.62,397211.12,0,3,C2 - First-Time Buyers,3
C0208,Individual,Mark,James,1986-03-26,M,France,Provence,Home,4,Yes,Agency,395,379,404,417,405,40,4,299913.59,1199654.38,997.41,528026.75,121700.7,406326.05,0,0,C3 - Corporate Buyers,1
C0209,Individual,Kyle,Moore,1949-08-22,M,Usa,Arizona,Investment,3,No,Agency,395,379,404,417,405,76,4,244967.03,979868.13,794.13,277921.61,216541.46,61380.149999999994,0,3,C2 - First-Time Buyers,3
C0210,Individual,Janice,Price,1943-03-24,F,Usa,Colorado,Home,2,No,Website,395,379,404,417,405,83,4,336539.14,1346156.55,1135.53,567823.18,131628.47,436194.7100000001,1,2,C1 - Global Investors,2
C0211,Individual,Amy,Evans,1972-02-23,F,Usa,California,Home,3,No,Agency,395,379,404,417,405,54,4,313560.02,1254240.07,1053.27,514096.93,184932.22,329164.70999999996,0,3,C2 - First-Time Buyers,3
C0212,Individual,Jacob,Wood,1956-03-23,M,Usa,California,Home,4,No,Agency,395,379,404,417,405,70,3,356092.92,1068278.76,1224.68,408993.51,296456.53,112536.97999999998,0,3,C2 - First-Time Buyers,3
C0213,Individual,Jason,Gray,1976-10-23,M,Usa,Florida,Investment,5,No,Agency,395,379,404,417,405,49,3,269897.04,809691.13,897.31,361389.54,156700.2,204689.33999999997,0,3,C2 - First-Time Buyers,3
C0214,Individual,Helen,Wood,1946-07-18,F,Belgium,Brussels,Investment,5,No,Website,395,379,404,417,405,79,3,356844.88,1070534.64,1179.52,481085.34,285832.09,195253.25,0,3,C2 - First-Time Buyers,1
C0215,Individual,Lauren,Foster,1999-07-11,F,Germany,Hamburg,Investment,4,No,Website,395,379,404,417,405,26,3,344285.49,1032856.46,1110.27,501616.65,204381.46,297235.19000000006,0,3,C2 - First-Time Buyers,1
C0216,Individual,Albert,Hansen,1999-07-19,M,Usa,Utah,Home,1,No,Website,395,379,404,417,405,26,4,338160.58,1352642.34,1063.04,392569.11,227379.46,165189.65,1,2,C1 - Global Investors,2
C0217,Individual,Deborah,Miller,1984-07-11,F,Usa,Colorado,Home,3,No,Website,395,379,404,417,405,41,4,309608.73,1238434.91,1019.12,512052.93,189529.43,322523.5,0,3,C2 - First-Time Buyers,3
C0218,Individual,Shirley,Anderson,1970-01-24,F,Usa,California,Home,2,No,Website,395,379,404,417,405,56,3,278879.76,836639.27,913.67,371174.41,196014.35,175160.05999999997,0,3,C2 - First-Time Buyers,3
C0219,Individual,William,Turner,1988-01-20,M,Usa,California,Home,4,No,Website,395,379,404,417,405,38,4,316913.39,1267653.57,1035.19,639093.49,154903.56,484189.93,1,2,C1 - Global Investors,2
C0220,Individual,Walter,Phillips,1951-06-06,M,Canada,Ontario,Investment,1,No,Website,395,379,404,417,405,74,3,353604.23,1060812.68,1101.55,521703.52,201779.65,319923.87,0,3,C2 - First-Time Buyers,0
C0221,Company,Atlas,Co,1987-05-14,F,Usa,California,Home,5,No,Website,395,379,404,417,405,39,4,344283.4,1377133.6,1186.52,538973.07,244512.28,294460.7899999999,1,2,C1 - Global Investors,3
C0222,Individual,Christopher,Stone,1956-11-08,M,Usa,Utah,Investment,3,No,Agency,395,379,404,417,405,69,3,407853.61,1223560.82,1517.47,421263.63,396047.03,25216.599999999977,0,3,C2 - First-Time Buyers,3
C0223,Individual,Patrick,Hansen,1973-11-12,M,Usa,Colorado,Investment,3,Yes,Website,395,379,404,417,405,52,4,242335.47,969341.87,837.52,304478.01,164585.63,139892.38,0,3,C2 - First-Time Buyers,3
C0224,Individual,Nathan,Richardson,1960-08-23,M,Usa,Colorado,Home,5,No,Website,395,379,404,417,405,65,3,396418.54,1189255.63,1330.22,539103.37,213975.95,325127.42,0,3,C2 - First-Time Buyers,3
C0225,Individual,Evelyn,Reyes,1948-12-19,F,Usa,California,Home,1,Yes,Agency,395,379,404,417,405,77,4,280156.74,1120626.94,905.75,405353.74,202719.39,202634.34999999998,0,3,C2 - First-Time Buyers,3
C0226,Individual,Julia,Jordan,1958-07-11,F,Usa,Colorado,Home,2,No,Website,395,379,404,417,405,67,3,523750.34,1571251.03,1599.34,675765.41,347335.46,328429.95,1,2,C1 - Global Investors,2
C0227,Individual,Rachel,Evans,1944-10-23,F,Usa,Arizona,Home,5,Yes,Website,395,379,404,417,405,81,3,314081.79,942245.37,1104.51,499753.6,154333.84,345419.76,0,3,C2 - First-Time Buyers,3
C0228,Individual,Hannah,Owens,1952-04-23,F,Usa,Oregon,Investment,4,No,Website,395,379,404,417,405,74,3,202201.91,606605.72,610.62,306527.75,131519.77,175007.98,0,3,C2 - First-Time Buyers,3
C0229,Individual,Jose,Turner,1981-11-19,M,Usa,Colorado,Investment,5,No,Website,395,379,404,417,405,44,3,297406.71,892220.13,900.46,355384.51,216050.75,139333.76,0,3,C2 - First-Time Buyers,3
C0230,Company,Forsyte,Co,1977-07-22,M,Usa,Nevada,Investment,4,Yes,Website,395,379,404,417,405,48,4,364357.26,1457429.02,1104.29,567272.16,216996.95,350275.21,1,2,C1 - Global Investors,3
C0231,Individual,Ronald,Rogers,1993-12-18,M,Denmark,Central Denmark,Investment,2,Yes,Website,395,379,404,417,405,32,3,243297.69,729893.08,849.64,367286.05,172359.93,194926.12,0,3,C2 - First-Time Buyers,1
C0232,Individual,Megan,Kim,1962-05-04,F,Usa,California,Home,3,Yes,Website,395,379,404,417,405,64,4,319177.62,1276710.49,1036.65,556388.88,178180.61,378208.27,1,2,C1 - Global Investors,2
C0233,Individual,Larry,Garcia,1997-09-10,M,France,Provence,Home,4,Yes,Website,395,379,404,417,405,28,4,276451.64,1105806.54,914.31,427127.89,139864.72,287263.17000000004,0,0,C3 - Corporate Buyers,1
C0234,Individual,Andrea,Hughes,1979-03-02,F,Usa,New York,Home,1,Yes,Website,395,379,404,417,405,47,3,279989.01,839967.04,973.09,439529.6,194001.1,245528.49999999997,0,3,C2 - First-Time Buyers,3
C0235,Individual,Kenneth,Allen,1949-10-10,M,Usa,California,Home,5,No,Website,395,379,404,417,405,76,4,317146.64,1268586.58,1092.08,427566.1,194560.69,233005.40999999997,1,2,C1 - Global Investors,2
C0236,Individual,Gerald,Howard,1972-08-10,M,Canada,Manitoba,Home,3,No,Agency,395,379,404,417,405,53,3,440491.9,1321475.69,1449.5,627817.81,339954.47,287863.3400000001,1,2,C1 - Global Investors,0
C0237,Individual,Jason,Nelson,1984-11-03,M,Usa,California,Home,5,Yes,Website,395,379,404,417,405,41,3,464117.77,1392353.31,1630.14,501441.18,414089.58,87351.59999999998,1,2,C1 - Global Investors,2
C0238,Individual,Amber,Patterson,1982-01-08,F,Usa,Virginia,Home,4,Yes,Agency,395,379,404,417,405,44,3,375244.24,1125732.72,1125.17,472802.29,213990.68,258811.61,0,3,C2 - First-Time Buyers,3
C0239,Individual,Megan,Baker,1973-02-18,F,Usa,Oregon,Home,3,Yes,Website,395,379,404,417,405,53,4,338190.92,1352763.67,1011.58,561242.82,156115.46,405127.36,1,2,C1 - Global Investors,2
C0240,Individual,Amber,Morales,1942-05-15,F,Usa,Colorado,Investment,3,No,Website,395,379,404,417,405,84,3,311676.09,935028.28,1022.67,414273.14,227687.32,186585.82,0,3,C2 - First-Time Buyers,3
C0241,Individual,Kelly,Anderson,1962-01-14,F,Mexico,Nuevo Leon,Home,5,Yes,Website,395,379,404,417,405,64,3,341978.24,1025934.71,1110.27,486971.08,227389.86,259581.22000000003,0,3,C2 - First-Time Buyers,0
C0242,Individual,Stephen,Peterson,1998-03-16,M,Usa,Utah,Home,3,Yes,Agency,395,379,404,417,405,28,4,339578.93,1358315.73,1191.1,478633.51,199191.81,279441.7,1,2,C1 - Global Investors,2
C0243,Individual,Nancy,Patterson,1978-07-11,F,Usa,Utah,Home,2,No,Website,395,379,404,417,405,47,4,345694.47,1382777.89,1286.27,497893.52,198426.44,299467.08,1,2,C1 - Global Investors,2
C0244,Individual,Joyce,Pierce,1998-08-03,F,Usa,California,Home,1,No,Website,395,379,404,417,405,27,3,348884.09,1046652.28,1095.03,540440.51,140213.02,400227.49,0,3,C2 - First-Time Buyers,3
C0245,Individual,Sean,Long,1974-01-07,M,Usa,Nevada,Investment,4,No,Agency,395,379,404,417,405,52,3,451528.17,1354584.5,1439.26,648020.11,206013.07,442007.04,1,2,C1 - Global Investors,2
C0246,Individual,Stephen,Pierce,1992-05-15,M,France,Normandy,Home,1,Yes,Agency,395,379,404,417,405,34,3,341495.09,1024485.26,1117.94,369524.95,313972.36,55552.590000000026,0,0,C3 - Corporate Buyers,1
C0247,Individual,Kevin,Morris,1965-01-18,M,Usa,California,Home,1,No,Website,395,379,404,417,405,61,4,424135.13,1696540.52,1458.93,553756.62,308106.88,245649.74,1,2,C1 - Global Investors,2
C0248,Individual,Carl,Collins,1968-12-09,M,Usa,Florida,Home,4,Yes,Agency,395,379,404,417,405,57,3,345311.54,1035934.63,1224.68,371257.45,308722.73,62534.72000000003,0,3,C2 - First-Time Buyers,3
C0249,Individual,Stephanie,Montgomery,1968-12-05,F,Usa,California,Investment,4,No,Agency,395,379,404,417,405,57,4,285748.88,1142995.52,1027.32,489564.98,192018.85,297546.13,0,3,C2 - First-Time Buyers,3
C0250,Individual,Justin,Stewart,1947-10-19,M,Uk,England,Home,2,No,Agency,395,379,404,417,405,78,3,327435.55,982306.66,1076.69,459717.65,125935.98,333781.67000000004,0,1,C4 - Luxury Investors,1
C0251,Individual,Janice,Chavez,1976-08-11,F,Usa,Utah,Home,5,No,Website,395,379,404,417,405,49,3,154537.32,463611.95,564.01,211507.17,124643.03,86864.14000000001,0,3,C2 - First-Time Buyers,3
C0252,Individual,Elizabeth,Rogers,1953-08-23,F,Usa,Nevada,Investment,2,No,Website,395,379,404,417,405,72,3,360740.49,1082221.48,1209.64,527700.01,241818.73,285881.28,0,3,C2 - First-Time Buyers,3
C0253,Individual,Betty,Hughes,1994-09-15,F,Usa,Virginia,Home,4,No,Website,395,379,404,417,405,31,4,309806.53,1239226.11,1052.83,486893.64,177004.8,309888.84,0,3,C2 - First-Time Buyers,3
C0254,Individual,Rachel,Freeman,1956-07-21,F,Usa,Florida,Home,5,No,Website,395,379,404,417,405,69,4,333038.14,1332152.57,1096.37,499070.64,179317.03,319753.61,1,2,C1 - Global Investors,2
C0255,Individual,Sara,Jones,1961-02-08,F,Uk,England,Investment,3,Yes,Client,395,379,404,417,405,65,4,422270.76,1689083.06,1253.31,598112.26,198403.06,399709.2,1,1,C4 - Luxury Investors,1
C0256,Individual,Anthony,Hughes,1990-12-10,M,Usa,California,Home,1,Yes,Website,395,379,404,417,405,35,3,383409.72,1150229.15,1281.32,574185.82,242722.44,331463.37999999995,0,3,C2 - First-Time Buyers,2
C0257,Individual,Nicholas,Kim,1974-10-22,M,Usa,California,Home,1,No,Website,395,379,404,417,405,51,3,381818.74,1145456.23,1277.84,534131.64,212947.87,321183.77,0,3,C2 - First-Time Buyers,3
C0258,Individual,Carl,Murray,1991-04-15,M,Uk,Northern Ireland,Home,4,Yes,Agency,395,379,404,417,405,35,3,333904.12,1001712.37,1173.18,525651.46,169877.17,355774.2899999999,0,1,C4 - Luxury Investors,1
C0259,Individual,Emma,Chavez,1990-02-15,F,Usa,Oregon,Home,4,No,Website,395,379,404,417,405,36,3,259798.8,779396.41,842.68,327070.05,162211.14,164858.90999999997,0,3,C2 - First-Time Buyers,3
C0260,Individual,Rebecca,Wood,1946-08-04,F,Usa,Nevada,Investment,3,No,Website,395,379,404,417,405,79,4,264298.2,1057192.79,820.92,387130.78,183956.85,203173.93000000002,0,3,C2 - First-Time Buyers,3
C0261,Company,Celera,Co,1985-05-13,F,Usa,Florida,Investment,4,Yes,Website,395,379,404,417,405,41,4,523655.78,2094623.1,1676.38,553392.84,491253.25,62139.58999999997,1,2,C1 - Global Investors,3
C0262,Individual,Billy,Bryant,1947-05-25,M,Usa,Oregon,Home,2,No,Website,395,379,404,417,405,78,3,411086.8,1233260.4,1359.24,507625.15,332249.26,175375.89,0,3,C2 - First-Time Buyers,3
C0263,Individual,Anthony,Garcia,1981-08-02,M,Usa,Nevada,Investment,2,Yes,Website,395,379,404,417,405,44,3,323046.8,969140.41,1016.76,377230.63,227850.26,149380.37,0,3,C2 - First-Time Buyers,3
C0264,Individual,Melissa,Baker,1992-09-12,F,Usa,Colorado,Home,2,Yes,Agency,395,379,404,417,405,33,4,281941.5,1127766.02,972.24,343865.15,172642.9,171222.25000000003,0,3,C2 - First-Time Buyers,3
C0265,Company,Celera,Co,1967-04-13,M,Belgium,Flanders,Home,1,No,Website,395,379,404,417,405,59,4,427008.0,1708031.99,1293.07,629727.03,146835.08,482891.95000000007,1,2,C1 - Global Investors,1
C0266,Individual,Aaron,Owens,1977-02-26,M,Usa,California,Home,5,Yes,Agency,395,379,404,417,405,49,3,310548.79,931646.38,1078.79,423535.41,141541.69,281993.72,0,3,C2 - First-Time Buyers,3
C0267,Individual,Judy,Howard,1948-11-12,F,Usa,Utah,Home,4,Yes,Agency,395,379,404,417,405,77,4,328623.75,1314495.01,1096.12,426946.49,278252.51,148693.97999999998,1,2,C1 - Global Investors,2
C0268,Individual,Danielle,Carter,1959-02-21,F,Usa,Georgia,Investment,3,No,Website,395,379,404,417,405,67,4,277234.96,1108939.86,900.39,425894.16,137345.87,288548.29,0,3,C2 - First-Time Buyers,3
C0269,Individual,David,Stewart,1969-02-04,M,Usa,New York,Home,2,No,Agency,395,379,404,417,405,57,3,349703.36,1049110.08,1076.69,536079.52,141634.15,394445.37,0,3,C2 - First-Time Buyers,3
C0270,Individual,Megan,Allen,1944-07-21,F,Usa,Florida,Home,5,No,Website,395,379,404,417,405,81,3,308003.3,924009.9,983.43,389694.82,232921.37,156773.45,0,3,C2 - First-Time Buyers,3
C0271,Individual,Laura,Hughes,1972-04-28,F,Usa,California,Investment,3,No,Agency,395,379,404,417,405,54,4,323922.34,1295689.37,1024.34,479460.4,165450.84,314009.56000000006,1,2,C1 - Global Investors,2
C0272,Individual,Pamela,Green,1993-08-03,F,Uk,Scotland,Home,5,Yes,Website,395,379,404,417,405,32,4,359896.09,1439584.37,1248.58,535120.87,151459.02,383661.85,1,1,C4 - Luxury Investors,1
C0273,Individual,Paul,Morales,1987-02-27,M,Denmark,Zealand,Investment,2,No,Website,395,379,404,417,405,39,3,227484.21,682452.64,801.46,341971.22,169922.25,172048.96999999997,0,3,C2 - First-Time Buyers,1
C0274,Individual,Raymond,Young,1950-10-01,M,Usa,Florida,Home,2,No,Website,395,379,404,417,405,75,3,447816.45,1343449.34,1467.89,623754.36,266175.15,357579.20999999996,1,2,C1 - Global Investors,2
C0275,Individual,William,Thompson,2000-06-26,M,Usa,Oregon,Home,1,Yes,Website,395,379,404,417,405,25,4,309375.08,1237500.3,1177.34,394827.74,235108.59,159719.15,0,3,C2 - First-Time Buyers,3
C0276,Individual,Gloria,Harris,1953-02-16,F,Usa,Washington,Home,5,No,Website,395,379,404,417,405,73,3,337065.33,1011195.98,1164.98,419401.36,178627.91,240773.44999999998,0,3,C2 - First-Time Buyers,3
C0277,Individual,Jordan,Garcia,1954-11-17,M,Usa,Colorado,Investment,1,Yes,Agency,395,379,404,417,405,71,3,374483.18,1123449.53,1286.43,510899.59,224518.89,286380.7,0,3,C2 - First-Time Buyers,3
C0278,Individual,Margaret,Foster,1955-08-03,F,Usa,California,Investment,2,Yes,Website,395,379,404,417,405,70,3,480846.22,1442538.67,1685.28,598158.07,384958.51,213199.55999999994,1,2,C1 - Global Investors,2
C0279,Individual,Heather,Montgomery,1967-05-15,F,Usa,Oregon,Home,1,No,Website,395,379,404,417,405,59,3,337662.08,1012986.25,1170.35,462143.05,251730.82,210412.22999999998,0,3,C2 - First-Time Buyers,3
C0280,Individual,Nathan,Price,1944-04-14,M,Usa,Florida,Home,4,No,Client,395,379,404,417,405,82,4,320505.23,1282020.93,1154.25,473146.44,150790.34,322356.1,1,2,C1 - Global Investors,3
C0281,Individual,Katherine,Phillips,1977-03-22,F,Usa,California,Home,1,Yes,Agency,395,379,404,417,405,49,3,418758.46,1256275.37,1388.46,522943.88,258394.11,264549.77,0,3,C2 - First-Time Buyers,3
C0282,Individual,Emily,Owens,1997-10-18,F,Usa,California,Investment,1,No,Website,395,379,404,417,405,28,4,243465.95,973863.8,858.98,315993.38,207359.1,108634.28,0,3,C2 - First-Time Buyers,3
C0283,Individual,Susan,Edwards,1962-05-12,F,Usa,Arizona,Home,2,Yes,Agency,395,379,404,417,405,64,4,279649.87,1118599.47,922.54,503401.23,146928.09,356473.14,0,3,C2 - First-Time Buyers,3
C0284,Individual,Patrick,Owens,1977-02-25,M,Usa,Arizona,Home,4,No,Client,395,379,404,417,405,49,4,312993.96,1251975.85,994.07,452041.67,213442.59,238599.08,0,3,C2 - First-Time Buyers,3
C0285,Individual,Billy,Parker,1999-03-09,M,France,Ile-De-France,Investment,3,No,Website,395,379,404,417,405,27,4,419764.03,1679056.13,1423.17,575785.08,239359.44,336425.63999999996,1,0,C3 - Corporate Buyers,1
C0286,Individual,Noah,Brooks,1996-03-24,M,Uk,Scotland,Home,1,No,Agency,395,379,404,417,405,30,3,286451.03,859353.09,988.6,335095.0,246881.14,88213.85999999999,0,1,C4 - Luxury Investors,1
C0287,Individual,Joan,Bell,1990-06-10,F,Australia,New South Wales,Home,5,No,Website,395,379,404,417,405,35,3,390421.68,1171265.03,1205.96,483565.19,306057.52,177507.66999999998,0,3,C2 - First-Time Buyers,0
C0288,Individual,Kevin,Freeman,1997-11-03,M,Usa,Colorado,Investment,4,No,Agency,395,379,404,417,405,28,4,341072.31,1364289.23,1198.37,556972.3,156017.83,400954.4700000001,1,2,C1 - Global Investors,2
C0289,Individual,Laura,Hayes,1993-06-14,F,Usa,California,Investment,5,No,Agency,395,379,404,417,405,32,4,383465.59,1533862.35,1200.27,465791.79,303252.26,162539.52999999997,1,2,C1 - Global Investors,2
C0290,Individual,Ryan,Watson,1962-01-01,M,Usa,California,Home,2,No,Website,395,379,404,417,405,64,3,405132.73,1215398.18,1337.17,618068.19,212618.56,405449.62999999995,0,2,C1 - Global Investors,3
C0291,Individual,James,Bryant,1953-07-06,M,Usa,Nevada,Home,2,No,Agency,395,379,404,417,405,72,3,440835.59,1322506.76,1523.69,578696.13,217050.04,361646.08999999997,1,2,C1 - Global Investors,2
C0292,Individual,Karen,Watson,1945-12-02,F,Usa,California,Home,1,No,Agency,395,379,404,417,405,80,4,360704.58,1442818.34,1084.06,562572.19,232726.96,329845.23,1,2,C1 - Global Investors,2
C0293,Individual,Ruth,Collins,1993-07-01,F,Usa,California,Investment,4,No,Website,395,379,404,417,405,32,4,395219.16,1580876.65,1299.33,555343.32,295510.6,259832.71999999997,1,2,C1 - Global Investors,2
C0294,Individual,Nicholas,Reyes,1963-07-17,M,Usa,Nevada,Home,3,Yes,Website,395,379,404,417,405,62,4,256812.73,1027250.91,825.13,483003.01,163464.75,319538.26,0,3,C2 - First-Time Buyers,3
C0295,Individual,Roger,Harris,1967-09-07,M,Russia,Tatarstan,Home,3,No,Agency,395,379,404,417,405,58,3,450125.24,1350375.73,1413.87,628455.63,241210.83,387244.80000000005,1,2,C1 - Global Investors,1
C0296,Individual,Mark,Young,1984-04-06,M,Canada,Manitoba,Home,1,Yes,Client,395,379,404,417,405,42,3,380958.49,1142875.46,1238.02,449749.3,272780.53,176968.76999999996,0,3,C2 - First-Time Buyers,0
C0297,Individual,Julia,Murray,1972-11-19,F,Uk,Wales,Investment,5,No,Agency,395,379,404,417,405,53,4,427296.19,1709184.75,1422.99,549203.19,239700.98,309502.20999999996,1,1,C4 - Luxury Investors,1
C0298,Individual,Sarah,Patterson,1972-11-10,F,Usa,Oregon,Home,3,No,Website,395,379,404,417,405,53,4,315619.81,1262479.23,1069.63,565653.37,174310.03,391343.33999999997,1,2,C1 - Global Investors,2
C0299,Individual,Barbara,Davis,1977-05-03,F,Uk,Wales,Home,5,No,Agency,395,379,404,417,405,49,4,294415.44,1177661.76,948.76,495541.93,172520.48,323021.44999999995,0,1,C4 - Luxury Investors,1
C0300,Individual,Zachary,Peterson,1959-04-11,M,Canada,Alberta,Home,5,Yes,Website,395,379,404,417,405,67,3,281652.18,844956.55,877.96,294620.75,271118.72,23502.030000000028,0,3,C2 - First-Time Buyers,0
C0301,Individual,Lisa,Alexander,1959-03-02,F,Usa,Virginia,Home,4,No,Agency,395,379,404,417,405,67,3,348592.17,1045776.52,1286.43,452486.22,249424.37,203061.84999999998,0,3,C2 - First-Time Buyers,3
C0302,Individual,Maria,Edwards,1976-07-25,F,Usa,Utah,Investment,1,No,Agency,395,379,404,417,405,49,4,413575.08,1654300.33,1239.14,712128.48,190628.71,521499.77,1,2,C1 - Global Investors,2
C0303,Individual,Betty,Owens,1957-07-10,F,Usa,Virginia,Investment,5,Yes,Website,395,379,404,417,405,68,4,379778.28,1519113.12,1242.08,464094.48,319009.74,145084.74,1,2,C1 - Global Investors,2
C0304,Individual,Patrick,Morris,1959-12-22,M,Usa,California,Investment,1,No,Agency,395,379,404,417,405,66,4,421438.32,1685753.28,1333.56,664971.32,211715.31,453256.00999999995,1,2,C1 - Global Investors,2
C0305,Individual,Emily,Kim,1995-11-22,F,Usa,Arizona,Home,1,No,Website,395,379,404,417,405,30,3,442578.74,1327736.23,1493.24,561574.14,324022.67,237551.47000000003,1,2,C1 - Global Investors,2
C0306,Individual,Samuel,Foster,1988-04-05,M,Usa,California,Home,1,No,Client,395,379,404,417,405,38,4,349924.7,1399698.79,1075.5,493102.83,230825.85,262276.98,1,2,C1 - Global Investors,3
C0307,Individual,Samuel,Freeman,1992-10-13,M,Usa,California,Home,5,Yes,Client,395,379,404,417,405,33,4,372542.6,1490170.38,1167.1,500020.84,288968.78,211052.06,1,2,C1 - Global Investors,3
C0308,Individual,Catherine,Roberts,1972-10-10,F,Belgium,Flanders,Investment,4,Yes,Agency,395,379,404,417,405,53,3,392194.18,1176582.54,1343.82,528227.73,311089.65,217138.07999999996,0,3,C2 - First-Time Buyers,1
C0309,Individual,Stephanie,Cox,1957-10-15,F,Usa,Washington,Home,4,No,Agency,395,379,404,417,405,68,3,460883.19,1382649.58,1412.22,578028.54,259197.21,318831.3300000001,1,2,C1 - Global Investors,2
C0310,Individual,Edward,Weaver,1992-05-02,M,Uk,Northern Ireland,Home,3,No,Website,395,379,404,417,405,34,3,463109.87,1389329.62,1565.32,525344.23,376814.3,148529.93,1,1,C4 - Luxury Investors,1
C0311,Individual,Justin,Anderson,1952-03-09,M,Usa,Georgia,Home,2,No,Website,395,379,404,417,405,74,4,408249.89,1632999.56,1312.82,582311.86,285014.58,297297.27999999997,1,2,C1 - Global Investors,2
C0312,Individual,Zachary,Cooper,1941-01-14,M,Usa,Nevada,Home,3,Yes,Website,395,379,404,417,405,85,4,276417.16,1105668.66,962.32,363263.79,178371.29,184892.49999999997,0,3,C2 - First-Time Buyers,3
C0313,Company,Stratos,Co,1974-04-12,M,Usa,California,Home,1,No,Agency,395,379,404,417,405,52,3,363695.31,1091085.93,1190.31,467065.87,242140.66,224925.21,0,3,C2 - First-Time Buyers,3
C0314,Individual,Andrew,Jones,1982-08-23,M,Usa,Washington,Investment,4,No,Agency,395,379,404,417,405,43,3,346931.67,1040795.02,1138.42,417096.92,258318.58,158778.34,0,3,C2 - First-Time Buyers,3
C0315,Individual,Michael,Phillips,1987-03-18,M,Mexico,Baja California,Investment,5,No,Website,395,379,404,417,405,39,4,294651.64,1178606.56,979.68,560474.88,146274.65,414200.23,0,3,C2 - First-Time Buyers,0
C0316,Individual,Brandon,Martin,1997-04-14,M,Uk,Scotland,Investment,4,Yes,Website,395,379,404,417,405,29,4,448111.82,1792447.27,1338.9,541632.06,226667.28,314964.78,1,1,C4 - Luxury Investors,1
C0317,Individual,Amber,Hansen,1999-11-17,F,Usa,California,Investment,2,Yes,Website,395,379,404,417,405,26,3,416148.1,1248444.31,1451.25,518973.54,281566.76,237406.77999999997,0,3,C2 - First-Time Buyers,3
C0318,Individual,Amy,Peterson,1974-03-22,F,Germany,Berlin,Home,5,No,Website,395,379,404,417,405,52,3,290656.22,871968.67,927.61,330533.73,257161.54,73372.18999999997,0,3,C2 - First-Time Buyers,1
C0319,Company,Zynex,Co,1995-11-12,F,Usa,Texas,Home,5,Yes,Website,395,379,404,417,405,30,4,515263.66,2061054.65,1726.06,614698.11,379274.31,235423.8,1,2,C1 - Global Investors,3
C0320,Individual,Tyler,Cox,1984-12-01,M,Usa,Texas,Home,3,Yes,Client,395,379,404,417,405,41,3,439244.03,1317732.09,1465.92,569841.56,329559.53,240282.03000000003,1,2,C1 - Global Investors,3
C0321,Individual,Jesse,Cook,1992-01-12,M,Usa,California,Investment,2,No,Agency,395,379,404,417,405,34,4,425438.43,1701753.71,1321.76,541634.06,301641.79,239992.27000000008,1,2,C1 - Global Investors,2
C0322,Individual,Deborah,Moore,1996-12-25,F,Usa,California,Home,2,Yes,Website,395,379,404,417,405,29,3,449000.98,1347002.93,1445.29,591179.27,338571.79,252607.48000000004,1,2,C1 - Global Investors,2
C0323,Individual,Samantha,Hayes,1975-09-16,F,Usa,California,Investment,2,Yes,Website,395,379,404,417,405,50,3,410275.21,1230825.62,1308.51,545057.23,223589.36,321467.87,0,3,C2 - First-Time Buyers,3
C0324,Individual,Raymond,Parker,1993-06-14,M,Usa,Washington,Home,4,No,Website,395,379,404,417,405,32,3,382373.75,1147121.25,1313.16,517353.17,243338.41,274014.76,0,3,C2 - First-Time Buyers,3
C0325,Individual,Maria,Flores,1983-02-24,F,Usa,California,Home,5,Yes,Agency,395,379,404,417,405,43,4,301293.89,1205175.56,1030.12,488081.56,117558.15,370523.41000000003,0,3,C2 - First-Time Buyers,3
C0326,Individual,Daniel,Reed,1958-05-10,M,Usa,Oregon,Investment,4,Yes,Agency,395,379,404,417,405,68,4,330493.88,1321975.5,1028.13,577426.88,138157.57,439269.31,1,2,C1 - Global Investors,2
C0327,Individual,Elizabeth,Ward,1961-07-09,F,Uk,Scotland,Home,1,No,Agency,395,379,404,417,405,64,4,279091.68,1116366.72,933.36,530962.64,170653.24,360309.4,0,1,C4 - Luxury Investors,1
C0328,Individual,William,Young,1946-10-22,M,Usa,California,Home,1,Yes,Client,395,379,404,417,405,79,4,339140.08,1356560.31,1030.21,504707.33,216148.29,288559.04000000004,1,2,C1 - Global Investors,3
C0329,Individual,Diane,Morales,1998-10-05,F,Germany,Hesse,Home,3,No,Agency,395,379,404,417,405,27,3,256687.47,770062.4,922.67,337233.0,141835.85,195397.15,0,3,C2 - First-Time Buyers,1
C0330,Individual,Christian,Richardson,1975-06-21,M,Usa,California,Home,1,No,Website,395,379,404,417,405,50,4,332865.91,1331463.63,1146.99,453899.37,221149.9,232749.47,1,2,C1 - Global Investors,2
C0331,Individual,Ann,Martin,1984-05-23,F,Usa,California,Investment,3,No,Agency,395,379,404,417,405,41,4,386583.6,1546334.4,1259.95,486548.28,204935.44,281612.84,1,2,C1 - Global Investors,2
C0332,Individual,Christopher,Price,1989-12-15,M,Usa,Texas,Investment,3,No,Website,395,379,404,417,405,36,3,403329.15,1209987.46,1435.66,510194.12,211905.04,298289.07999999996,0,3,C2 - First-Time Buyers,3
C0333,Individual,Helen,Hall,1955-12-23,F,Uk,Wales,Home,3,No,Website,395,379,404,417,405,70,3,372986.69,1118960.06,1203.39,544042.09,130153.08,413889.00999999995,0,1,C4 - Luxury Investors,1
C0334,Individual,Andrew,Roberts,1950-08-01,M,Usa,Arizona,Investment,3,No,Agency,395,379,404,417,405,75,4,361413.98,1445655.93,1047.99,565288.74,196588.07,368700.67,1,2,C1 - Global Investors,2
C0335,Individual,Charles,Morris,1975-12-24,M,Usa,Arizona,Home,4,No,Website,395,379,404,417,405,50,4,369585.28,1478341.12,1190.41,593581.03,192263.39,401317.64,1,2,C1 - Global Investors,2
C0336,Individual,Karen,Price,1971-11-17,F,Usa,California,Investment,5,No,Agency,395,379,404,417,405,54,3,387896.86,1163690.59,1226.88,627613.85,111035.88,516577.97,0,3,C2 - First-Time Buyers,3
C0337,Individual,Nathan,Alexander,1942-01-27,M,Usa,Arizona,Home,3,Yes,Website,395,379,404,417,405,84,3,253103.4,759310.2,893.38,405740.25,150284.25,255456.0,0,3,C2 - First-Time Buyers,3
C0338,Individual,Patrick,Flores,1943-05-28,M,Usa,California,Home,5,Yes,Website,395,379,404,417,405,82,4,372167.78,1488671.13,1227.17,539440.64,215053.02,324387.62,1,2,C1 - Global Investors,2
C0339,Individual,Keith,King,1963-10-05,M,Usa,Utah,Investment,5,No,Agency,395,379,404,417,405,62,4,387206.06,1548824.23,1170.14,503290.73,253669.32,249621.40999999997,1,2,C1 - Global Investors,2
C0340,Individual,Daniel,Garcia,1940-11-25,M,Usa,California,Investment,2,No,Agency,395,379,404,417,405,85,3,349166.81,1047500.42,1263.58,437506.24,233668.32,203837.91999999998,0,3,C2 - First-Time Buyers,3
C0341,Individual,Carl,Chavez,1982-11-10,M,Usa,California,Investment,4,No,Agency,395,379,404,417,405,43,4,419888.86,1679555.42,1293.07,584357.04,154353.28,430003.76,1,2,C1 - Global Investors,2
C0342,Individual,Kevin,Hughes,1974-08-15,M,Usa,California,Investment,2,No,Client,395,379,404,417,405,51,3,430189.13,1290567.39,1286.43,545582.64,222155.47,323427.17000000004,1,2,C1 - Global Investors,3
C0343,Individual,Joyce,Thompson,1952-06-17,F,Usa,California,Home,2,No,Website,395,379,404,417,405,73,4,407730.99,1630923.97,1374.58,626989.8,203521.4,423468.4,1,2,C1 - Global Investors,2
C0344,Individual,Joshua,Jackson,1997-05-13,M,Canada,British Columbia,Home,2,Yes,Website,395,379,404,417,405,29,4,319086.17,1276344.68,1059.94,450231.11,223568.77,226662.34,1,2,C1 - Global Investors,0
C0345,Individual,Stephanie,Hall,1969-09-15,F,Usa,New York,Home,4,Yes,Website,395,379,404,417,405,56,3,446562.42,1339687.25,1510.38,495847.14,416775.71,79071.43,1,2,C1 - Global Investors,2
C0346,Individual,Amy,Nelson,1963-06-02,F,Usa,California,Home,5,No,Agency,395,379,404,417,405,62,3,391604.29,1174812.86,1271.67,492067.86,241805.57,250262.28999999998,0,3,C2 - First-Time Buyers,3
C0347,Individual,Mark,Reyes,1992-05-24,M,Usa,Washington,Home,3,Yes,Website,395,379,404,417,405,33,3,459335.48,1378006.45,1471.62,476814.14,445059.31,31754.830000000016,1,2,C1 - Global Investors,2
C0348,Individual,Jack,Pierce,1982-02-13,M,Usa,Colorado,Investment,5,Yes,Agency,395,379,404,417,405,44,4,370658.48,1482633.92,1246.71,571558.04,199268.27,372289.77,1,2,C1 - Global Investors,2
C0349,Individual,Paul,Jackson,1975-06-26,M,Usa,Arizona,Home,2,Yes,Agency,395,379,404,417,405,50,3,355248.61,1065745.84,1124.5,536330.79,251404.16,284926.63,0,3,C2 - First-Time Buyers,3
C0350,Individual,Richard,Jones,1992-12-11,M,Usa,Arizona,Home,2,No,Agency,395,379,404,417,405,33,3,355469.43,1066408.3,1206.27,501574.06,266868.89,234705.16999999998,0,3,C2 - First-Time Buyers,3
C0351,Individual,Michelle,Watson,1961-12-27,F,Usa,Oregon,Home,5,No,Agency,395,379,404,417,405,64,4,387778.44,1551113.76,1260.06,536210.24,232221.73,303988.51,1,2,C1 - Global Investors,2
C0352,Individual,Judith,Williams,1977-06-22,F,Usa,Nevada,Investment,3,No,Agency,395,379,404,417,405,48,3,446610.01,1339830.04,1447.82,563932.05,254694.6,309237.45000000007,1,2,C1 - Global Investors,2
C0353,Individual,Anna,Murray,1964-04-24,F,Usa,Arizona,Home,2,No,Agency,395,379,404,417,405,62,3,296618.39,889855.16,980.87,348984.03,219176.28,129807.75000000003,0,3,C2 - First-Time Buyers,3
C0354,Individual,Kimberly,Turner,1998-10-23,F,Usa,California,Home,4,No,Website,395,379,404,417,405,27,3,320732.2,962196.6,1059.15,401828.82,247494.01,154334.81,0,3,C2 - First-Time Buyers,3
C0355,Individual,Henry,Alexander,1951-10-16,M,Mexico,Baja California,Investment,1,No,Website,395,379,404,417,405,74,3,343197.99,1029593.97,1273.45,371216.81,290759.45,80457.35999999999,0,3,C2 - First-Time Buyers,0
C0356,Individual,Andrea,Kim,1976-06-06,F,Usa,Georgia,Home,3,No,Website,395,379,404,417,405,49,4,241087.98,964351.9,816.16,356415.65,184463.78,171951.87000000002,0,3,C2 - First-Time Buyers,3
C0357,Individual,Danielle,Griffin,1988-04-09,F,Usa,California,Home,3,No,Website,395,379,404,417,405,38,3,323543.07,970629.22,1059.35,440318.57,195445.31,244873.26,0,3,C2 - First-Time Buyers,3
C0358,Individual,Katherine,Griffin,1978-09-26,F,Australia,New South Wales,Home,3,Yes,Agency,395,379,404,417,405,47,3,383639.91,1150919.74,1240.61,448849.01,324753.68,124095.33000000002,0,3,C2 - First-Time Buyers,0
C0359,Individual,Julie,Cooper,1951-03-10,F,Usa,California,Investment,1,No,Agency,395,379,404,417,405,75,3,366063.3,1098189.89,1308.51,504517.39,199912.89,304604.5,0,3,C2 - First-Time Buyers,2
C0360,Individual,Laura,Baker,1948-09-09,F,Usa,Utah,Home,2,Yes,Agency,395,379,404,417,405,77,4,494506.62,1978026.48,1676.38,563291.28,397081.68,166209.60000000003,1,2,C1 - Global Investors,2
C0361,Individual,Nicholas,Miller,1958-09-08,M,Uk,England,Home,1,Yes,Website,395,379,404,417,405,67,4,367093.06,1468372.25,1222.6,471871.72,220806.64,251065.07999999996,1,1,C4 - Luxury Investors,1
C0362,Individual,Betty,Moore,2000-09-06,F,Usa,Utah,Home,4,No,Website,395,379,404,417,405,25,3,376556.47,1129669.4,1162.62,479711.66,182294.98,297416.67999999993,0,3,C2 - First-Time Buyers,3
C0363,Individual,Christine,Edwards,1959-01-25,F,Usa,Utah,Investment,2,No,Client,395,379,404,417,405,67,4,308075.36,1232301.44,929.7,468524.95,169223.27,299301.68000000005,0,3,C2 - First-Time Buyers,3
C0364,Individual,George,Gray,1944-03-02,M,Usa,Texas,Home,2,No,Website,395,379,404,417,405,82,4,373126.3,1492505.18,1261.78,627189.08,183516.5,443672.57999999996,1,2,C1 - Global Investors,2
C0365,Individual,Brandon,Morales,1962-02-11,M,Usa,Colorado,Investment,5,No,Agency,395,379,404,417,405,64,3,317086.63,951259.9,1164.98,435723.27,159920.2,275803.07,0,3,C2 - First-Time Buyers,3
C0366,Individual,Keith,Long,1983-04-26,M,Usa,California,Home,4,No,Website,395,379,404,417,405,43,3,473378.44,1420135.32,1452.26,668066.43,225455.98,442610.45000000007,1,2,C1 - Global Investors,2
C0367,Individual,Samuel,Collins,1964-11-25,M,Usa,California,Investment,4,No,Agency,395,379,404,417,405,61,4,415654.47,1662617.88,1269.06,593682.12,241468.69,352213.43,1,2,C1 - Global Investors,2
C0368,Individual,Betty,Scott,1992-08-11,F,Usa,California,Home,4,Yes,Agency,395,379,404,417,405,33,4,373638.11,1494552.45,1136.21,589380.74,172251.51,417129.23,1,2,C1 - Global Investors,2
C0369,Individual,Helen,Murray,1954-10-01,F,Usa,Utah,Home,2,Yes,Agency,395,379,404,417,405,71,4,396609.77,1586439.08,1333.56,604849.17,172499.8,432349.37000000005,1,2,C1 - Global Investors,2
C0370,Individual,Michelle,Brooks,1957-09-23,F,Russia,Krasnodar Krai,Home,1,No,Website,395,379,404,417,405,68,4,403408.35,1613633.39,1334.88,552125.64,320644.43,231481.21000000002,1,2,C1 - Global Investors,1
C0371,Individual,Ryan,Moore,1970-03-15,M,Belgium,Wallonia,Investment,3,No,Agency,395,379,404,417,405,56,3,275736.2,827208.61,842.68,369988.32,152103.81,217884.51,0,3,C2 - First-Time Buyers,1
C0372,Individual,Teresa,Nelson,1952-04-22,F,Belgium,Flanders,Investment,1,No,Agency,395,379,404,417,405,74,3,426709.35,1280128.06,1361.74,541782.12,241961.7,299820.42,1,2,C1 - Global Investors,1
C0373,Individual,Karen,Morales,1993-01-27,F,Usa,Georgia,Home,2,No,Agency,395,379,404,417,405,33,3,349092.39,1047277.18,1160.51,512134.29,207576.51,304557.77999999997,0,3,C2 - First-Time Buyers,3
C0374,Individual,Madison,Hughes,1993-11-07,F,Australia,New South Wales,Investment,4,Yes,Agency,395,379,404,417,405,32,4,229206.46,916825.86,735.11,272720.31,174301.38,98418.93,0,3,C2 - First-Time Buyers,0
C0375,Individual,Kyle,Thompson,1968-07-15,M,Usa,California,Investment,4,No,Website,395,379,404,417,405,57,3,392860.21,1178580.64,1224.68,463091.82,316514.21,146577.61,0,3,C2 - First-Time Buyers,3
C0376,Individual,Shirley,Smith,1953-04-19,F,Usa,California,Home,3,No,Website,395,379,404,417,405,73,3,394269.43,1182808.29,1361.74,474499.21,292899.87,181599.34000000003,0,3,C2 - First-Time Buyers,3
C0377,Individual,Charles,Patterson,1998-05-14,M,Usa,Washington,Home,4,No,Website,395,379,404,417,405,28,3,274260.11,822780.32,904.05,319434.72,246908.49,72526.22999999998,0,3,C2 - First-Time Buyers,3
C0378,Individual,Heather,Anderson,1957-11-28,F,Usa,California,Investment,3,Yes,Website,395,379,404,417,405,68,3,270795.84,812387.51,983.43,349197.14,215852.8,133344.34000000003,0,3,C2 - First-Time Buyers,3
C0379,Company,Optima,Co,1977-04-22,M,Usa,California,Investment,2,Yes,Client,395,379,404,417,405,49,4,313729.84,1254919.36,1115.51,415669.45,148198.24,267471.21,0,3,C2 - First-Time Buyers,3
C0380,Individual,Evelyn,Chavez,1973-09-13,F,Usa,California,Home,3,Yes,Website,395,379,404,417,405,52,3,313236.29,939708.87,1175.45,518564.66,199667.31,318897.35,0,3,C2 - First-Time Buyers,3
C0381,Individual,David,Gray,1961-01-08,M,Usa,California,Home,5,Yes,Agency,395,379,404,417,405,65,3,292971.06,878913.19,1188.23,315056.1,278765.3,36290.79999999999,0,3,C2 - First-Time Buyers,3
C0382,Individual,Nicholas,Garcia,1975-08-08,M,Usa,California,Investment,1,Yes,Agency,395,379,404,417,405,50,3,326713.08,980139.25,980.87,397171.33,275110.41,122060.92000000004,0,3,C2 - First-Time Buyers,3
C0383,Company,Novex,Co,1985-11-09,F,Mexico,Mexico City,Investment,3,No,Agency,395,379,404,417,405,40,4,242017.66,968070.64,809.66,454071.94,126200.04,327871.9,0,3,C2 - First-Time Buyers,0
C0384,Individual,Amy,Stewart,1944-03-22,F,Usa,California,Home,3,Yes,Website,395,379,404,417,405,82,3,336920.58,1010761.74,1049.38,366344.49,283367.29,82977.20000000001,0,3,C2 - First-Time Buyers,3
C0385,Individual,Douglas,Owens,1969-01-12,M,Uk,Northern Ireland,Investment,4,No,Website,395,379,404,417,405,57,3,429882.14,1289646.41,1277.27,605784.18,280404.22,325379.9600000001,1,1,C4 - Luxury Investors,1
C0386,Individual,Carol,Stewart,1976-03-25,F,Usa,Colorado,Home,2,No,Client,395,379,404,417,405,50,3,544657.4,1633972.21,1445.08,704058.44,409266.01,294792.42999999993,1,2,C1 - Global Investors,3
C0387,Individual,Jessica,Owens,1974-07-18,F,Usa,California,Home,2,Yes,Website,395,379,404,417,405,51,4,498245.89,1992983.55,1555.3,575135.54,390369.6,184765.94000000006,1,2,C1 - Global Investors,2
C0388,Individual,Zachary,Cox,1995-09-24,M,Usa,California,Home,4,No,Agency,395,379,404,417,405,30,3,320631.64,961894.92,975.94,395393.94,211905.97,183487.97,0,3,C2 - First-Time Buyers,3
C0389,Individual,Ronald,Stone,1954-11-18,M,Usa,Colorado,Home,3,No,Website,395,379,404,417,405,71,4,315387.27,1261549.09,1119.09,439227.72,146344.44,292883.27999999997,1,2,C1 - Global Investors,2
C0390,Individual,Steven,Griffin,1942-04-23,M,Canada,Quebec,Investment,2,No,Website,395,379,404,417,405,84,4,419690.52,1678762.07,1295.26,550273.32,249209.28,301064.0399999999,1,2,C1 - Global Investors,0
C0391,Individual,Heather,Long,1966-11-12,F,Usa,California,Home,5,No,Agency,395,379,404,417,405,59,3,345004.3,1035012.91,1064.42,502064.98,242144.72,259920.25999999998,0,3,C2 - First-Time Buyers,3
C0392,Individual,Katherine,Adams,1977-06-14,F,Usa,Arizona,Home,2,Yes,Website,395,379,404,417,405,48,4,253957.51,1015830.03,922.66,448959.32,135718.84,313240.48,0,3,C2 - First-Time Buyers,3
C0393,Individual,Nicole,Allen,1988-06-08,F,Usa,Arizona,Home,4,No,Agency,395,379,404,417,405,37,4,404139.2,1616556.78,1298.14,492421.76,340541.6,151880.16000000003,1,2,C1 - Global Investors,2
C0394,Individual,Shirley,Foster,1954-11-24,F,Usa,Colorado,Home,3,Yes,Website,395,379,404,417,405,71,4,314710.0,1258840.0,1041.8,600821.21,153024.68,447796.52999999997,0,3,C2 - First-Time Buyers,3
C0395,Individual,Deborah,Chavez,1959-01-17,F,Usa,Florida,Home,1,No,Website,395,379,404,417,405,67,3,384378.16,1153134.48,1303.47,493489.81,305098.44,188391.37,0,3,C2 - First-Time Buyers,3
C0396,Individual,Charles,Allen,2000-04-17,M,Usa,Nevada,Home,5,No,Agency,395,379,404,417,405,26,4,295361.81,1181447.25,896.25,414855.4,178488.52,236366.88000000003,0,3,C2 - First-Time Buyers,3
C0397,Individual,Hannah,Williams,2000-09-18,F,Usa,California,Home,5,No,Website,395,379,404,417,405,25,3,264514.42,793543.27,862.11,299573.55,239134.14,60439.409999999974,0,3,C2 - First-Time Buyers,3
C0398,Individual,Jennifer,Alexander,1948-12-22,F,Usa,Texas,Home,1,Yes,Agency,395,379,404,417,405,77,4,296673.46,1186693.85,935.76,416143.54,129469.7,286673.83999999997,0,3,C2 - First-Time Buyers,3
C0399,Individual,Albert,Kim,1984-06-09,M,Usa,California,Home,4,No,Agency,395,379,404,417,405,41,4,307264.37,1229057.49,1093.05,470140.59,227335.39,242805.2,0,3,C2 - First-Time Buyers,3
C0400,Individual,Brandon,Anderson,1959-11-25,M,Usa,California,Home,4,No,Agency,395,379,404,417,405,66,4,340038.25,1360152.99,1239.14,479620.3,197007.65,282612.65,1,2,C1 - Global Investors,2
C0401,Individual,Brian,Anderson,1969-07-21,M,Usa,Arizona,Home,5,Yes,Website,395,379,404,417,405,56,4,255228.27,1020913.07,853.07,338232.19,207963.57,130268.62,0,3,C2 - First-Time Buyers,3
C0402,Individual,Brenda,Garcia,1941-02-22,F,Usa,Georgia,Home,5,No,Website,395,379,404,417,405,85,3,351388.98,1054166.95,1102.86,419555.74,251843.7,167712.03999999998,0,3,C2 - First-Time Buyers,3
C0403,Individual,Jennifer,Adams,1963-03-25,F,Australia,New South Wales,Home,1,No,Website,395,379,404,417,405,63,3,292930.99,878792.98,1060.97,430423.76,197541.36,232882.40000000002,0,3,C2 - First-Time Buyers,0
C0404,Individual,Sara,Cook,1976-12-05,F,France,Normandy,Investment,1,No,Client,395,379,404,417,405,49,3,243929.65,731788.96,753.31,385857.81,170715.21,215142.6,0,0,C3 - Corporate Buyers,1
C0405,Company,Horizon,Co,1969-12-25,M,Usa,Colorado,Home,1,No,Agency,395,379,404,417,405,56,4,327740.81,1310963.25,1140.38,453518.72,149919.38,303599.33999999997,1,2,C1 - Global Investors,3
C0406,Individual,Christine,Brown,1960-05-26,F,Usa,Colorado,Home,3,No,Website,395,379,404,417,405,65,4,329291.28,1317165.12,1090.19,525171.0,214175.32,310995.68,1,2,C1 - Global Investors,2
C0407,Individual,Lisa,Freeman,1982-04-23,F,Usa,California,Home,2,No,Client,395,379,404,417,405,44,4,313623.73,1254494.91,1045.8,406850.28,203858.66,202991.62000000002,0,3,C2 - First-Time Buyers,3
C0408,Individual,Tyler,Rogers,1977-02-03,M,Usa,California,Home,3,No,Website,395,379,404,417,405,49,3,440165.67,1320497.01,1413.06,574122.16,242012.41,332109.75,1,2,C1 - Global Investors,2
C0409,Individual,Timothy,Reyes,1972-09-18,M,Usa,Nevada,Home,1,Yes,Website,395,379,404,417,405,53,4,454167.3,1816669.2,1449.38,599891.42,296993.27,302898.15,1,2,C1 - Global Investors,2
C0410,Individual,Diane,Johnson,1982-07-13,F,Russia,Saint Petersburg,Home,5,Yes,Agency,395,379,404,417,405,43,3,340568.67,1021706.02,1189.19,524175.54,238107.01,286068.52999999997,0,3,C2 - First-Time Buyers,1
C0411,Individual,Amanda,Moore,1983-05-09,F,Usa,California,Home,2,No,Website,395,379,404,417,405,43,3,298995.74,896987.21,883.75,475205.98,163236.34,311969.64,0,3,C2 - First-Time Buyers,3
C0412,Individual,Karen,Richardson,1984-04-24,F,Uk,Scotland,Home,5,No,Website,395,379,404,417,405,42,3,366792.08,1100376.25,1260.84,493587.18,222972.29,270614.89,0,1,C4 - Luxury Investors,1
C0413,Individual,Brandon,Smith,1940-07-11,M,Canada,British Columbia,Home,3,No,Website,395,379,404,417,405,85,4,442281.56,1769126.22,1431.46,537806.31,361700.25,176106.06000000006,1,2,C1 - Global Investors,0
C0414,Individual,Brandon,Reed,1962-12-07,M,Usa,California,Home,4,No,Website,395,379,404,417,405,63,4,353037.24,1412148.94,1144.74,518926.42,212968.31,305958.11,1,2,C1 - Global Investors,2
C0415,Individual,Grace,Turner,1980-07-09,F,Usa,Nevada,Home,5,Yes,Agency,395,379,404,417,405,45,4,326482.09,1305928.35,1093.05,503380.47,221533.82,281846.64999999997,1,2,C1 - Global Investors,2
C0416,Company,Bravada,Co,1981-07-28,M,Germany,North Rhine-Westphalia,Investment,5,Yes,Client,395,379,404,417,405,44,3,353177.5,1059532.51,1260.84,492952.77,208529.56,284423.21,0,3,C2 - First-Time Buyers,1
C0417,Individual,Peter,Collins,1947-12-03,M,Usa,Utah,Home,2,No,Website,395,379,404,417,405,78,3,451591.32,1354773.96,1471.9,583440.71,342309.1,241131.61,1,2,C1 - Global Investors,2
C0418,Individual,Douglas,Howard,1996-08-20,M,Usa,Arizona,Home,5,No,Agency,395,379,404,417,405,29,4,407371.71,1629486.83,1276.82,529967.66,158612.64,371355.02,1,2,C1 - Global Investors,2
C0419,Individual,Jack,Hansen,1962-11-03,M,Usa,Washington,Home,3,Yes,Agency,395,379,404,417,405,63,4,293503.05,1174012.19,990.45,419691.92,146968.53,272723.39,0,3,C2 - First-Time Buyers,3
C0420,Individual,Debra,Reyes,1994-01-04,F,Usa,California,Home,5,No,Agency,395,379,404,417,405,32,3,420032.05,1260096.16,1330.22,588644.89,236557.17,352087.72,0,3,C2 - First-Time Buyers,3
C0421,Individual,Zachary,Cox,1975-08-25,M,Germany,Hesse,Investment,5,Yes,Website,395,379,404,417,405,50,4,373940.84,1495763.37,1203.9,585167.95,160509.63,424658.31999999995,1,2,C1 - Global Investors,1
C0422,Company,Telnox,Co,1973-11-13,F,Usa,California,Home,1,Yes,Client,395,379,404,417,405,52,4,413292.9,1653171.62,1428.57,555693.16,195438.27,360254.89,1,2,C1 - Global Investors,3
C0423,Individual,Rachel,Sanders,1950-04-17,F,Usa,California,Home,1,No,Client,395,379,404,417,405,76,3,356238.73,1068716.19,1195.2,410950.81,312769.84,98180.96999999997,0,3,C2 - First-Time Buyers,3
C0424,Individual,Sarah,Stewart,1998-12-04,F,Usa,Florida,Home,1,No,Website,395,379,404,417,405,27,3,344678.77,1034036.3,1107.81,521067.94,180268.05,340799.89,0,3,C2 - First-Time Buyers,3
C0425,Individual,Gerald,Wright,1965-03-11,M,Usa,Nevada,Home,2,No,Agency,395,379,404,417,405,61,3,418977.49,1256932.48,1452.26,560677.96,180903.98,379773.98,0,2,C1 - Global Investors,3
C0426,Individual,Julie,Brown,1953-10-07,F,Usa,Oregon,Home,4,Yes,Client,395,379,404,417,405,72,3,296750.2,890250.61,874.19,519106.96,134618.94,384488.02,0,3,C2 - First-Time Buyers,3
C0427,Individual,Sarah,Peterson,1994-09-06,F,Usa,California,Home,4,Yes,Website,395,379,404,417,405,31,4,364254.08,1457016.31,1216.6,563544.96,147901.85,415643.11,1,2,C1 - Global Investors,2
C0428,Individual,Gloria,Rogers,1962-07-20,F,Usa,Oregon,Home,3,No,Agency,395,379,404,417,405,63,4,246112.83,984451.32,838.29,330914.17,173398.4,157515.77,0,3,C2 - First-Time Buyers,3
C0429,Individual,Danielle,Stone,1995-11-05,F,Usa,California,Home,3,Yes,Website,395,379,404,417,405,30,4,375976.04,1503904.16,1374.58,573428.92,188979.3,384449.62000000005,1,2,C1 - Global Investors,2
C0430,Individual,Roger,Wood,1974-10-05,M,Usa,Nevada,Home,2,No,Agency,395,379,404,417,405,51,3,310380.65,931141.96,1033.1,413945.61,118779.75,295165.86,0,3,C2 - First-Time Buyers,3
C0431,Individual,Austin,King,1969-05-05,M,Usa,California,Home,5,Yes,Website,395,379,404,417,405,57,4,386187.83,1544751.33,1246.62,562089.63,301088.15,261001.47999999998,1,2,C1 - Global Investors,2
C0432,Company,Grandis,Co,1995-02-17,M,Usa,California,Home,5,No,Agency,395,379,404,417,405,31,4,319462.54,1277850.15,1025.15,500722.63,156439.68,344282.95,1,2,C1 - Global Investors,3
C0433,Individual,Ruth,Hughes,1969-03-03,F,Usa,California,Investment,2,Yes,Website,395,379,404,417,405,57,4,484265.34,1937061.37,1591.47,656465.4,244660.43,411804.97000000003,1,2,C1 - Global Investors,2
C0434,Individual,Amanda,Sanders,1964-12-25,F,Russia,Tatarstan,Home,5,No,Website,395,379,404,417,405,61,3,454963.08,1364889.24,1445.56,603903.4,275862.16,328041.24000000005,1,2,C1 - Global Investors,1
C0435,Individual,Sara,Richardson,1966-01-25,F,Australia,New South Wales,Home,5,Yes,Website,395,379,404,417,405,60,3,302990.11,908970.34,1077.32,382435.3,170472.55,211962.75,0,3,C2 - First-Time Buyers,0
C0436,Individual,Brandon,Jones,1972-05-12,M,Usa,Colorado,Home,2,Yes,Client,395,379,404,417,405,54,4,331898.66,1327594.64,1064.26,479775.72,206156.81,273618.91,1,2,C1 - Global Investors,3
C0437,Individual,Danielle,James,1990-10-05,F,Usa,Texas,Home,1,No,Website,395,379,404,417,405,35,3,219010.94,657032.82,801.46,353361.5,145618.18,207743.32,0,3,C2 - First-Time Buyers,3
C0438,Individual,Gregory,Collins,1982-10-09,M,Usa,Georgia,Investment,1,Yes,Client,395,379,404,417,405,43,4,364660.28,1458641.1,1261.78,517610.73,190860.98,326749.75,1,2,C1 - Global Investors,3
C0439,Individual,Larry,Thompson,1956-03-08,M,Usa,Virginia,Home,2,No,Agency,395,379,404,417,405,70,3,424442.87,1273328.62,1422.97,547817.26,264395.14,283422.12,1,2,C1 - Global Investors,2
C0440,Individual,Lawrence,Parker,1960-07-13,M,Usa,California,Investment,1,No,Agency,395,379,404,417,405,65,3,234499.61,703498.83,845.86,311878.98,167127.37,144751.61,0,3,C2 - First-Time Buyers,3
C0441,Individual,Joan,Foster,1980-10-01,F,Russia,Krasnodar Krai,Investment,1,No,Agency,395,379,404,417,405,45,4,381462.39,1525849.55,1239.26,616227.01,194960.28,421266.73,1,2,C1 - Global Investors,1
C0442,Individual,Sarah,Hansen,1975-04-14,F,Usa,Colorado,Home,3,Yes,Website,395,379,404,417,405,51,4,426866.74,1707466.97,1489.73,520127.02,339117.71,181009.31,1,2,C1 - Global Investors,2
C0443,Individual,Noah,Foster,1950-06-22,M,Denmark,Capital Region,Home,1,Yes,Agency,395,379,404,417,405,75,3,451946.37,1355839.1,1527.86,555912.87,316684.59,239228.27999999997,1,2,C1 - Global Investors,1
C0444,Individual,Jennifer,Martin,1941-03-15,F,Usa,California,Home,2,No,Website,395,379,404,417,405,85,4,263628.64,1054514.54,943.97,399974.1,183058.38,216915.71999999997,0,3,C2 - First-Time Buyers,3
C0445,Individual,Michelle,Evans,1995-11-12,F,Usa,California,Home,2,Yes,Website,395,379,404,417,405,30,4,356422.91,1425691.63,1101.99,518136.39,176345.04,341791.35,1,2,C1 - Global Investors,2
C0446,Individual,Douglas,Thomas,1955-02-01,M,Usa,Colorado,Home,2,No,Website,395,379,404,417,405,71,3,341551.68,1024655.04,1258.69,426208.52,226025.07,200183.45,0,3,C2 - First-Time Buyers,3
C0447,Individual,Patricia,Johnson,1956-06-27,F,Usa,New York,Home,2,No,Website,395,379,404,417,405,69,3,514530.72,1543592.15,1680.53,605190.49,389827.78,215362.70999999996,1,2,C1 - Global Investors,2
C0448,Individual,Mark,White,1980-06-10,M,Usa,Nevada,Investment,2,No,Agency,395,379,404,417,405,45,3,314022.16,942066.48,1050.08,458054.04,187719.53,270334.51,0,3,C2 - First-Time Buyers,3
C0449,Individual,Jordan,King,1972-06-24,M,Usa,Oregon,Investment,2,No,Agency,395,379,404,417,405,53,3,472974.15,1418922.44,1504.28,594018.07,381257.52,212760.54999999993,1,2,C1 - Global Investors,2
C0450,Individual,Matthew,Jackson,1992-02-19,M,Mexico,Nuevo Leon,Home,3,No,Website,395,379,404,417,405,34,4,388824.34,1555297.37,1258.58,473301.04,210741.61,262559.43,1,2,C1 - Global Investors,0
C0451,Individual,Larry,Anderson,1985-09-20,M,Canada,Alberta,Investment,5,Yes,Client,395,379,404,417,405,40,4,416491.85,1665967.41,1339.7,526063.15,320227.29,205835.86000000004,1,2,C1 - Global Investors,0
C0452,Individual,Brandon,Adams,1967-10-17,M,Usa,Washington,Home,3,No,Website,395,379,404,417,405,58,4,349589.67,1398358.69,1086.23,515843.73,197151.66,318692.06999999995,1,2,C1 - Global Investors,2
C0453,Individual,Carl,Wood,1993-04-16,M,Uk,Scotland,Investment,1,No,Website,395,379,404,417,405,33,4,330252.69,1321010.76,1103.3,587960.16,167795.76,420164.4,1,1,C4 - Luxury Investors,1
C0454,Company,Altira,Co,1961-04-01,F,Usa,Nevada,Investment,4,No,Agency,395,379,404,417,405,65,3,326894.58,980683.73,1072.48,522599.89,191795.51,330804.38,0,3,C2 - First-Time Buyers,3
C0455,Individual,Karen,Williams,1963-02-01,F,Usa,California,Home,1,No,Agency,395,379,404,417,405,63,4,281431.66,1125726.62,838.29,477256.95,202636.75,274620.2,0,3,C2 - First-Time Buyers,3
C0456,Individual,Virginia,Brooks,1995-11-18,F,Usa,Oregon,Home,3,Yes,Website,395,379,404,417,405,30,3,449736.85,1349210.55,1448.82,521158.55,389151.65,132006.89999999997,1,2,C1 - Global Investors,2
C0457,Individual,Kenneth,Hansen,1980-07-19,M,Uk,Wales,Investment,1,No,Agency,395,379,404,417,405,45,3,466646.74,1399940.21,1457.83,596228.96,222108.32,374120.63999999996,1,1,C4 - Luxury Investors,1
C0458,Individual,Thomas,Turner,1995-07-04,M,Usa,Oregon,Investment,1,No,Agency,395,379,404,417,405,30,4,345720.45,1382881.81,1123.32,503414.2,160735.05,342679.15,1,2,C1 - Global Investors,2
C0459,Individual,Steven,Johnson,1955-03-23,M,Usa,California,Home,3,No,Agency,395,379,404,417,405,71,3,273905.38,821716.14,945.65,368466.6,167180.02,201286.58,0,3,C2 - First-Time Buyers,3
C0460,Individual,Amanda,Cox,1992-12-25,F,Usa,Virginia,Home,1,No,Website,395,379,404,417,405,33,3,353783.01,1061349.03,1078.79,484806.07,123288.92,361517.15,0,3,C2 - First-Time Buyers,3
C0461,Individual,Jonathan,Peterson,1960-02-16,M,Usa,Arizona,Home,1,No,Agency,395,379,404,417,405,66,3,328876.8,986630.39,1157.47,473479.09,255802.61,217676.48000000004,0,3,C2 - First-Time Buyers,3
C0462,Individual,Eric,White,1943-10-22,M,Australia,Victoria,Home,2,No,Agency,395,379,404,417,405,82,4,401666.92,1606667.68,1316.04,630993.32,268225.04,362768.27999999997,1,2,C1 - Global Investors,0
C0463,Individual,Nicholas,Garcia,1970-06-13,M,Usa,California,Home,5,No,Client,395,379,404,417,405,55,4,308773.68,1235094.73,989.46,456678.02,208167.63,248510.39,0,3,C2 - First-Time Buyers,3
C0464,Individual,Gregory,Turner,1974-12-11,M,Usa,Florida,Home,5,No,Website,395,379,404,417,405,51,4,363887.5,1455550.0,1276.82,462200.84,147823.33,314377.51,1,2,C1 - Global Investors,2
C0465,Individual,George,Carter,1949-09-02,M,Usa,California,Home,3,No,Website,395,379,404,417,405,76,3,235933.31,707799.92,839.14,344983.8,179694.61,165289.19,0,3,C2 - First-Time Buyers,3
C0466,Individual,Patricia,Cox,1988-05-19,F,Usa,Virginia,Investment,2,No,Website,395,379,404,417,405,38,4,307162.8,1228651.21,1030.21,446810.74,219865.93,226944.81,0,3,C2 - First-Time Buyers,3
C0467,Individual,Rebecca,Chavez,1952-04-05,F,Usa,Ohio,Home,1,Yes,Agency,395,379,404,417,405,74,3,325355.64,976066.93,1155.7,433348.26,173669.46,259678.80000000002,0,3,C2 - First-Time Buyers,3
C0468,Individual,Raymond,Smith,1952-11-13,M,Mexico,Jalisco,Investment,3,Yes,Website,395,379,404,417,405,73,3,422465.6,1267396.8,1386.32,511655.42,311827.97,199827.45,1,2,C1 - Global Investors,0
C0469,Individual,Adam,Foster,1997-03-23,M,Usa,California,Home,2,No,Website,395,379,404,417,405,29,4,379619.12,1518476.47,1265.38,502622.02,131603.98,371018.04000000004,1,2,C1 - Global Investors,2
C0470,Individual,Joan,Anderson,1963-02-17,F,Usa,Oregon,Home,1,No,Agency,395,379,404,417,405,63,3,287517.51,862552.54,883.75,497090.51,125292.1,371798.41000000003,0,3,C2 - First-Time Buyers,3
C0471,Individual,Gary,Collins,1984-06-26,M,Usa,Utah,Investment,3,No,Agency,395,379,404,417,405,41,3,361665.8,1084997.39,1209.64,513906.66,258517.67,255388.98999999996,0,3,C2 - First-Time Buyers,3
C0472,Individual,Edward,Moore,1951-10-04,M,Usa,California,Home,4,No,Website,395,379,404,417,405,74,3,425828.79,1277486.37,1394.21,529761.19,247405.59,282355.6,1,2,C1 - Global Investors,2
C0473,Individual,Sharon,Price,1981-08-09,F,Usa,California,Home,3,No,Agency,395,379,404,417,405,44,4,326131.92,1304527.66,1042.72,518735.4,214779.83,303955.57000000007,1,2,C1 - Global Investors,2
C0474,Individual,Gregory,Young,1995-12-08,M,Usa,Nevada,Home,1,No,Website,395,379,404,417,405,30,4,240503.82,962015.29,824.2,413387.67,137979.81,275407.86,0,3,C2 - First-Time Buyers,3
C0475,Individual,William,Brooks,1946-08-18,M,Belgium,Wallonia,Investment,2,Yes,Agency,395,379,404,417,405,79,3,411490.05,1234470.16,1371.61,455542.16,325677.3,129864.85999999999,0,3,C2 - First-Time Buyers,1
C0476,Individual,Steven,Johnson,1997-04-05,M,Usa,Florida,Home,3,No,Agency,395,379,404,417,405,29,4,371325.75,1485303.01,1299.37,457069.23,271586.15,185483.07999999996,1,2,C1 - Global Investors,2
C0477,Individual,Jesse,Stone,1984-02-01,M,Usa,California,Investment,4,Yes,Website,395,379,404,417,405,42,3,511704.96,1535114.88,1452.26,734390.86,235908.73,498482.13,1,2,C1 - Global Investors,2
C0478,Individual,Ashley,Garcia,1940-08-02,F,Usa,Ohio,Investment,4,No,Website,395,379,404,417,405,85,3,258297.6,774892.79,997.41,404581.32,174077.05,230504.27000000002,0,3,C2 - First-Time Buyers,3
C0479,Individual,Virginia,Wright,1978-04-06,F,Usa,California,Home,2,Yes,Agency,395,379,404,417,405,48,4,293195.73,1172782.93,956.67,494567.75,181449.2,313118.55,0,3,C2 - First-Time Buyers,3
C0480,Individual,Scott,Bryant,1974-09-16,M,Usa,California,Home,4,Yes,Website,395,379,404,417,405,51,4,258315.26,1033261.03,827.2,347137.85,155923.76,191214.08999999997,0,3,C2 - First-Time Buyers,3
C0481,Individual,Sean,Williams,1976-12-12,M,Usa,Arizona,Home,3,No,Agency,395,379,404,417,405,49,4,341365.06,1365460.24,1040.89,539294.72,169367.25,369927.47,1,2,C1 - Global Investors,2
C0482,Individual,Deborah,Brown,1980-10-08,F,Usa,New York,Investment,3,Yes,Agency,395,379,404,417,405,45,3,335377.59,1006132.77,1155.46,421206.38,272816.91,148389.47000000003,0,3,C2 - First-Time Buyers,3
C0483,Individual,Kevin,Jackson,1985-11-08,M,Usa,Arizona,Investment,1,No,Website,395,379,404,417,405,40,3,293704.6,881113.79,934.87,415468.55,160886.49,254582.06,0,3,C2 - First-Time Buyers,3
C0484,Individual,Janet,Wright,1989-04-19,F,Usa,Texas,Investment,3,No,Website,395,379,404,417,405,37,4,328310.17,1313240.67,1114.1,412809.69,162649.73,250159.96,1,2,C1 - Global Investors,2
C0485,Individual,Julia,Morales,1991-10-07,F,Usa,Arizona,Home,2,No,Website,395,379,404,417,405,34,3,333613.73,1000841.18,1144.8,603778.82,185592.46,418186.36,0,3,C2 - First-Time Buyers,3
C0486,Individual,Billy,Carter,1999-09-16,M,Usa,California,Investment,2,Yes,Website,395,379,404,417,405,26,3,363529.22,1090587.66,1175.45,599081.0,222912.15,376168.85,0,3,C2 - First-Time Buyers,3
C0487,Individual,Jessica,Williams,1991-10-23,F,Usa,Washington,Home,5,No,Website,395,379,404,417,405,34,4,394068.18,1576272.71,1295.1,542265.03,181240.83,361024.20000000007,1,2,C1 - Global Investors,2
C0488,Individual,Megan,Jackson,1979-05-11,F,Usa,California,Investment,4,No,Agency,395,379,404,417,405,47,4,304566.34,1218265.36,990.99,559367.69,161368.51,397999.17999999993,0,3,C2 - First-Time Buyers,3
C0489,Individual,Austin,Jordan,1950-06-08,M,Germany,Berlin,Investment,2,No,Website,395,379,404,417,405,75,3,341758.26,1025274.77,1102.86,439792.36,233513.02,206279.34,0,3,C2 - First-Time Buyers,1
C0490,Individual,Emily,Wright,1954-01-23,F,Usa,Nevada,Investment,5,Yes,Website,395,379,404,417,405,72,3,430789.31,1292367.93,1240.61,517225.72,373889.7,143336.01999999996,1,2,C1 - Global Investors,2
C0491,Individual,Noah,White,1941-08-05,M,Usa,Washington,Home,2,No,Website,395,379,404,417,405,84,3,368793.27,1106379.8,1168.38,527792.52,195087.94,332704.58,0,3,C2 - First-Time Buyers,3
C0492,Individual,Raymond,Price,2000-05-07,M,Usa,Utah,Home,3,Yes,Website,395,379,404,417,405,26,4,325229.28,1300917.1,1008.66,551610.52,212683.17,338927.35,1,2,C1 - Global Investors,2
C0493,Individual,Tyler,Hughes,1954-07-06,M,Usa,Colorado,Home,3,No,Website,395,379,404,417,405,71,4,328049.74,1312198.98,1141.22,432134.46,251376.49,180757.97000000003,1,2,C1 - Global Investors,2
C0494,Individual,Grace,Carter,1990-08-03,F,Usa,California,Home,3,Yes,Website,395,379,404,417,405,35,4,263169.16,1052676.65,911.04,379142.42,142969.08,236173.34,0,3,C2 - First-Time Buyers,3
C0495,Individual,Jerry,Hall,1954-02-18,M,Usa,California,Investment,5,No,Client,395,379,404,417,405,72,4,311685.61,1246742.44,984.95,420300.71,170336.43,249964.28000000003,0,3,C2 - First-Time Buyers,3
C0496,Individual,Billy,Reyes,1990-01-04,M,Usa,California,Home,4,No,Agency,395,379,404,417,405,36,4,280094.11,1120376.44,947.75,352076.14,173179.78,178896.36000000002,0,3,C2 - First-Time Buyers,3
C0497,Individual,Emma,Stewart,1985-02-02,F,Usa,Arizona,Investment,4,Yes,Website,395,379,404,417,405,41,3,443561.66,1330684.99,1438.29,526810.49,390199.46,136611.02999999997,1,2,C1 - Global Investors,2
C0498,Individual,Nancy,Collins,1948-11-21,F,Canada,Alberta,Home,2,Yes,Website,395,379,404,417,405,77,3,335818.43,1007455.29,1258.4,419982.23,231668.75,188313.47999999998,0,3,C2 - First-Time Buyers,0
C0499,Individual,Lisa,Patterson,1946-02-10,F,Usa,Colorado,Home,3,Yes,Agency,395,379,404,417,405,80,3,299256.6,897769.81,863.76,383627.2,242708.74,140918.46000000002,0,3,C2 - First-Time Buyers,3
C0500,Individual,Dennis,Howard,1977-03-15,M,Usa,California,Home,4,Yes,Website,395,379,404,417,405,49,3,431648.17,1294944.52,1438.29,476123.08,403011.66,73111.42000000004,1,2,C1 - Global Investors,2
C0501,Individual,Kenneth,Jackson,1995-11-12,M,Usa,Nevada,Investment,5,Yes,Agency,395,379,404,417,405,30,4,435291.57,1741166.27,1454.35,545614.44,264876.66,280737.77999999997,1,2,C1 - Global Investors,2
C0502,Individual,Madison,Gray,1966-11-28,F,Usa,Arizona,Home,4,No,Website,395,379,404,417,405,59,4,384497.44,1537989.75,1324.38,483760.31,201911.89,281848.42,1,2,C1 - Global Investors,2
C0503,Individual,Keith,Peterson,1943-09-26,M,Usa,Utah,Investment,2,Yes,Client,395,379,404,417,405,82,4,358041.84,1432167.34,1135.53,609798.92,131159.48,478639.44000000006,1,2,C1 - Global Investors,3
C0504,Individual,Jeffrey,Green,1992-01-14,M,Usa,Utah,Home,2,No,Website,395,379,404,417,405,34,4,341797.14,1367188.58,1108.61,463948.75,190741.67,273207.07999999996,1,2,C1 - Global Investors,2
C0505,Individual,Katherine,Wilson,1995-07-18,F,Usa,Arizona,Home,3,No,Agency,395,379,404,417,405,30,3,347845.07,1043535.21,1125.17,462127.71,179866.96,282260.75,0,3,C2 - First-Time Buyers,3
C0506,Individual,Albert,Stone,1967-07-04,M,Usa,California,Home,5,No,Agency,395,379,404,417,405,58,3,374067.68,1122203.03,1267.41,461159.55,247655.06,213504.49,0,3,C2 - First-Time Buyers,3
C0507,Individual,Mark,Morales,1951-02-26,M,Usa,New York,Home,3,No,Website,395,379,404,417,405,75,3,354218.87,1062656.61,1221.38,474018.4,287687.55,186330.85000000003,0,3,C2 - First-Time Buyers,3
C0508,Individual,Grace,Weaver,1970-01-06,F,Usa,Nevada,Home,5,No,Agency,395,379,404,417,405,56,3,277903.35,833710.06,900.62,463860.46,143613.32,320247.14,0,3,C2 - First-Time Buyers,3
C0509,Individual,Aaron,Cook,1956-04-02,M,Belgium,Wallonia,Home,3,No,Website,395,379,404,417,405,70,4,421982.56,1687930.25,1333.28,636508.92,159338.05,477170.87000000005,1,2,C1 - Global Investors,1
C0510,Individual,Samantha,Evans,1947-08-28,F,France,Brittany,Investment,1,Yes,Website,395,379,404,417,405,78,3,364744.22,1094232.67,1243.82,504493.45,158528.72,345964.73,0,0,C3 - Corporate Buyers,1
C0511,Individual,Christine,Parker,1954-07-20,F,Uk,England,Home,2,No,Website,395,379,404,417,405,71,3,363512.53,1090537.6,1179.52,505829.95,270783.51,235046.44,0,1,C4 - Luxury Investors,1
C0512,Individual,Hannah,Flores,1945-06-27,F,Usa,Arizona,Home,1,No,Client,395,379,404,417,405,80,3,482719.38,1448158.14,1654.47,558618.92,438067.15,120551.77000000002,1,2,C1 - Global Investors,3
C0513,Individual,Christian,Morales,1999-03-07,M,Usa,Florida,Home,2,Yes,Agency,395,379,404,417,405,27,3,324865.54,974596.63,1049.51,491938.8,227598.3,264340.5,0,3,C2 - First-Time Buyers,3
C0514,Individual,Rebecca,Evans,1977-08-17,F,Usa,Oregon,Home,1,Yes,Website,395,379,404,417,405,48,4,382006.88,1528027.54,1316.04,598032.14,225808.71,372223.43000000005,1,2,C1 - Global Investors,2
C0515,Individual,Melissa,Patterson,1963-09-12,F,Usa,California,Home,1,Yes,Website,395,379,404,417,405,62,4,390456.23,1561824.93,1342.79,486501.61,283492.47,203009.14,1,2,C1 - Global Investors,2
C0516,Individual,Lawrence,Nelson,1946-04-21,M,Usa,Utah,Home,3,No,Website,395,379,404,417,405,80,4,359459.37,1437837.49,1196.89,501892.72,239960.5,261932.21999999997,1,2,C1 - Global Investors,2
C0517,Individual,Harold,Thompson,1959-03-20,M,Usa,California,Home,5,No,Client,395,379,404,417,405,67,4,278951.75,1115807.0,939.49,413330.24,128695.37,284634.87,0,3,C2 - First-Time Buyers,3
C0518,Company,Lumina,Co,1962-05-22,F,Usa,New York,Home,3,No,Website,395,379,404,417,405,64,4,408277.91,1633111.65,1196.97,657039.24,156509.03,500530.20999999996,1,2,C1 - Global Investors,3
C0519,Individual,Madison,Freeman,1975-10-04,F,Usa,Arizona,Investment,3,No,Agency,395,379,404,417,405,50,3,327239.75,981719.26,1109.0,436603.35,248699.46,187903.88999999998,0,3,C2 - First-Time Buyers,3
C0520,Individual,Helen,White,1970-02-11,F,Usa,Oregon,Home,3,Yes,Agency,395,379,404,417,405,56,3,344507.72,1033523.16,1109.0,454823.84,212497.0,242326.84000000003,0,3,C2 - First-Time Buyers,3
C0521,Individual,Stephanie,Allen,1967-04-02,F,Canada,British Columbia,Home,3,No,Website,395,379,404,417,405,59,4,268576.62,1074306.5,872.68,428385.38,173524.87,254860.51,0,3,C2 - First-Time Buyers,0
C0522,Individual,Nicole,Campbell,1942-07-13,F,Usa,Virginia,Home,5,No,Agency,395,379,404,417,405,83,3,331007.71,993023.13,1240.61,365717.82,281622.19,84095.63,0,3,C2 - First-Time Buyers,3
C0523,Individual,Cynthia,Hansen,1960-08-22,F,Usa,Colorado,Home,2,No,Agency,395,379,404,417,405,65,3,309654.32,928962.95,1058.66,458362.92,203374.52,254988.4,0,3,C2 - First-Time Buyers,3
C0524,Individual,Harold,Thompson,1953-05-24,M,Usa,Washington,Home,3,No,Website,395,379,404,417,405,72,3,267034.9,801104.69,897.31,372739.71,167605.4,205134.31000000003,0,3,C2 - First-Time Buyers,3
C0525,Individual,Frank,Gray,1950-06-12,M,Usa,Arizona,Home,4,Yes,Agency,395,379,404,417,405,75,4,407364.38,1629457.52,1299.33,528447.33,361543.25,166904.07999999996,1,2,C1 - Global Investors,2
C0526,Individual,Harold,Green,1968-02-28,M,Germany,Bavaria,Home,5,No,Website,395,379,404,417,405,58,3,433713.26,1301139.77,1592.12,578194.07,344289.15,233904.91999999993,1,2,C1 - Global Investors,1
C0527,Individual,Andrew,Baker,1979-07-19,M,Usa,California,Home,2,No,Website,395,379,404,417,405,46,3,379366.57,1138099.7,1299.54,544170.95,223449.69,320721.25999999995,0,3,C2 - First-Time Buyers,3
C0528,Individual,Benjamin,Davis,2000-08-09,M,Usa,Washington,Investment,2,No,Client,395,379,404,417,405,25,3,372824.29,1118472.87,1206.27,518036.13,280069.05,237967.08000000002,0,3,C2 - First-Time Buyers,3
C0529,Individual,Paul,Jordan,1973-11-14,M,Usa,Nevada,Home,4,Yes,Website,395,379,404,417,405,52,4,317034.74,1268138.95,1098.17,420874.11,194477.8,226396.31,1,2,C1 - Global Investors,2
C0530,Individual,Patricia,Reed,1952-09-07,F,Usa,Utah,Home,2,Yes,Agency,395,379,404,417,405,73,4,389781.17,1559124.69,1246.71,579567.49,218529.92,361037.56999999995,1,2,C1 - Global Investors,2
C0531,Individual,Emily,White,1976-09-19,F,Usa,California,Home,1,No,Website,395,379,404,417,405,49,4,477825.19,1911300.78,1510.65,580528.21,322492.37,258035.83999999997,1,2,C1 - Global Investors,2
C0532,Individual,Lauren,Moore,1979-08-12,F,Belgium,Flanders,Home,2,No,Website,395,379,404,417,405,46,4,268800.69,1075202.77,990.99,411253.4,152258.24,258995.16000000003,0,3,C2 - First-Time Buyers,1
C0533,Individual,Jeffrey,Williams,1963-09-06,M,Usa,Nevada,Investment,1,No,Agency,395,379,404,417,405,62,4,247507.05,990028.19,787.46,438895.96,133385.68,305510.28,0,3,C2 - First-Time Buyers,3
C0534,Individual,Bryan,Miller,1958-02-21,M,Usa,California,Investment,1,No,Agency,395,379,404,417,405,68,3,377731.73,1133195.2,1371.61,406001.38,349404.33,56597.04999999999,0,3,C2 - First-Time Buyers,3
C0535,Individual,Judith,Allen,1987-12-22,F,Uk,Wales,Home,3,No,Agency,395,379,404,417,405,38,3,433017.98,1299053.94,1386.32,494969.3,339165.46,155803.83999999997,1,1,C4 - Luxury Investors,1
C0536,Individual,Brittany,Weaver,1956-03-14,F,Usa,Arizona,Investment,5,Yes,Website,395,379,404,417,405,70,3,327702.28,983106.84,1104.51,512156.34,172200.35,339955.99,0,3,C2 - First-Time Buyers,3
C0537,Individual,Carl,Baker,1962-04-25,M,Usa,Florida,Home,2,No,Client,395,379,404,417,405,64,4,372581.88,1490327.5,1239.14,595842.66,188014.56,407828.10000000003,1,2,C1 - Global Investors,3
C0538,Individual,Richard,Pierce,1969-04-23,M,Usa,California,Home,1,Yes,Agency,395,379,404,417,405,57,4,301724.43,1206897.7,1103.32,464389.02,216366.01,248023.01,0,3,C2 - First-Time Buyers,3
C0539,Individual,Lawrence,Bryant,1991-02-25,M,Usa,California,Investment,1,Yes,Agency,395,379,404,417,405,35,4,411330.3,1645321.2,1338.9,493737.03,211248.28,282488.75,1,2,C1 - Global Investors,2
C0540,Individual,Anna,Long,1997-02-27,F,Usa,New York,Home,3,No,Agency,395,379,404,417,405,29,3,164724.44,494173.31,577.24,193265.77,139343.87,53921.899999999994,0,3,C2 - First-Time Buyers,3
C0541,Individual,Anthony,Garcia,2000-03-22,M,Uk,Northern Ireland,Home,3,No,Agency,395,379,404,417,405,26,4,430418.38,1721673.54,1296.56,566466.92,304008.75,262458.17000000004,1,1,C4 - Luxury Investors,1
C0542,Company,Lumina,Co,1985-09-26,M,Mexico,Mexico City,Home,3,No,Website,395,379,404,417,405,40,4,298954.85,1195819.4,1024.34,385011.74,208828.68,176183.06,0,3,C2 - First-Time Buyers,0
C0543,Individual,Joan,Parker,1947-07-23,F,Usa,Texas,Home,2,Yes,Website,395,379,404,417,405,78,3,251048.56,753145.67,862.87,350655.95,155769.09,194886.86000000002,0,3,C2 - First-Time Buyers,3
C0544,Individual,Kevin,White,1974-10-16,M,Usa,Utah,Home,2,No,Website,395,379,404,417,405,51,4,409189.07,1636756.28,1326.25,504689.77,278311.59,226378.18,1,2,C1 - Global Investors,2
C0545,Individual,Paul,Griffin,1942-08-04,M,Usa,Colorado,Home,1,Yes,Agency,395,379,404,417,405,83,3,420042.13,1260126.39,1452.26,532459.61,226783.93,305675.68,0,2,C1 - Global Investors,3
C0546,Individual,Samuel,Flores,1967-12-23,M,Canada,Manitoba,Home,4,No,Client,395,379,404,417,405,58,3,265176.02,795528.06,932.37,306339.37,217297.0,89042.37,0,3,C2 - First-Time Buyers,0
C0547,Individual,Diane,Allen,1947-09-20,F,Usa,California,Investment,2,No,Agency,395,379,404,417,405,78,4,294614.49,1178457.95,1028.32,388928.18,236340.44,152587.74,0,3,C2 - First-Time Buyers,3
C0548,Individual,Christopher,Foster,1980-04-11,M,Usa,California,Home,2,No,Agency,395,379,404,417,405,46,3,349158.98,1047476.93,1186.44,515231.68,225181.51,290050.17,0,3,C2 - First-Time Buyers,3
C0549,Individual,Daniel,Sanders,1972-10-15,M,Usa,Florida,Home,4,No,Website,395,379,404,417,405,53,3,313739.92,941219.76,1082.75,386941.83,170571.14,216370.69,0,3,C2 - First-Time Buyers,3
C0550,Company,Vertex,Co,1967-04-09,F,Usa,Nevada,Home,1,No,Agency,395,379,404,417,405,59,4,353642.02,1414568.09,1123.62,445954.78,186656.42,259298.36000000002,1,2,C1 - Global Investors,3
C0551,Individual,Billy,Freeman,1960-05-17,M,Usa,California,Investment,4,No,Website,395,379,404,417,405,66,3,335799.19,1007397.56,1110.62,543106.45,198798.52,344307.92999999993,0,3,C2 - First-Time Buyers,3
C0552,Individual,Kyle,Cook,1965-10-20,M,Usa,Virginia,Investment,3,No,Agency,395,379,404,417,405,60,3,380492.19,1141476.56,1196.17,546573.79,217380.34,329193.45000000007,0,3,C2 - First-Time Buyers,3
C0553,Individual,James,Bell,1978-11-26,M,Usa,Arizona,Home,3,No,Website,395,379,404,417,405,47,3,273844.98,821534.94,897.31,375810.64,208569.64,167241.0,0,3,C2 - First-Time Buyers,3
C0554,Individual,Carl,Moore,1948-12-24,M,Australia,Victoria,Home,1,Yes,Agency,395,379,404,417,405,77,4,410898.21,1643592.85,1295.26,533306.66,225864.51,307442.15,1,2,C1 - Global Investors,0
C0555,Individual,Aaron,Nelson,1971-04-23,M,Usa,California,Investment,4,Yes,Agency,395,379,404,417,405,55,3,354844.42,1064533.27,1162.62,507714.49,162856.39,344858.1,0,3,C2 - First-Time Buyers,3
C0556,Individual,Zachary,Sanders,1958-10-17,M,Usa,Colorado,Home,5,No,Website,395,379,404,417,405,67,3,445159.39,1335478.18,1526.96,508776.17,410763.17,98013.0,1,2,C1 - Global Investors,2
C0557,Individual,Judy,Griffin,1941-09-25,F,Usa,Utah,Investment,2,No,Website,395,379,404,417,405,84,3,244387.33,733161.98,791.04,384719.5,124905.01,259814.49,0,3,C2 - First-Time Buyers,3
C0558,Individual,Cheryl,Wood,1974-10-23,F,Denmark,North Denmark,Home,3,No,Website,395,379,404,417,405,51,3,344665.32,1033995.96,1092.54,492997.29,223827.64,269169.64999999997,0,3,C2 - First-Time Buyers,1
C0559,Company,Corvus,Co,1969-08-18,M,Usa,California,Home,5,No,Client,395,379,404,417,405,56,4,251007.22,1004028.87,786.87,438095.92,151676.84,286419.07999999996,0,3,C2 - First-Time Buyers,3
C0560,Individual,Janice,Nelson,1988-04-20,F,Australia,South Australia,Home,3,No,Website,395,379,404,417,405,38,3,477906.04,1433718.12,1500.72,575175.8,381525.18,193650.62000000005,1,2,C1 - Global Investors,0
C0561,Company,Bravada,Co,1962-11-20,F,Usa,Arizona,Investment,3,No,Website,395,379,404,417,405,63,4,397313.11,1589252.43,1298.14,503687.91,302307.79,201380.12,1,2,C1 - Global Investors,3
C0562,Individual,Judy,Peterson,1940-11-23,F,Usa,Utah,Investment,5,Yes,Website,395,379,404,417,405,85,4,355918.93,1423675.72,1154.1,604532.8,229357.3,375175.50000000006,1,2,C1 - Global Investors,2
C0563,Individual,William,Howard,1991-01-22,M,Usa,California,Home,2,Yes,Agency,395,379,404,417,405,35,4,253201.98,1012807.93,842.75,301398.29,207951.17,93447.11999999997,0,3,C2 - First-Time Buyers,3
C0564,Individual,Scott,Adams,1952-09-02,M,Usa,Texas,Home,1,No,Agency,395,379,404,417,405,73,3,378339.2,1135017.6,1250.31,600992.42,152268.3,448724.12000000005,0,3,C2 - First-Time Buyers,3
C0565,Individual,Austin,Wood,1985-09-26,M,France,Brittany,Home,1,No,Website,395,379,404,417,405,40,3,347831.44,1043494.32,1167.28,545741.02,163205.77,382535.25,0,0,C3 - Corporate Buyers,1
C0566,Individual,Janice,Miller,2000-12-09,F,Usa,Oregon,Investment,4,Yes,Agency,395,379,404,417,405,25,4,291925.47,1167701.9,965.3,575087.19,128009.61,447077.57999999996,0,3,C2 - First-Time Buyers,3
C0567,Individual,Megan,Chavez,1953-10-07,F,Russia,Saint Petersburg,Investment,2,Yes,Agency,395,379,404,417,405,72,4,467321.52,1869286.1,1546.39,650710.38,333843.01,316867.37,1,2,C1 - Global Investors,1
C0568,Individual,Timothy,Wright,1953-09-04,M,Usa,California,Home,3,No,Website,395,379,404,417,405,72,3,314778.63,944335.88,1015.94,449151.55,232301.46,216850.09,0,3,C2 - First-Time Buyers,3
C0569,Individual,Mary,Cook,1971-12-05,F,Usa,California,Home,5,Yes,Client,395,379,404,417,405,54,3,461583.1,1384749.3,1460.49,522654.07,420964.33,101689.73999999999,1,2,C1 - Global Investors,3
C0570,Individual,Hannah,Peterson,1965-06-03,F,France,Occitanie,Home,5,Yes,Website,395,379,404,417,405,60,4,381802.62,1527210.47,1310.82,526682.25,203633.01,323049.24,1,0,C3 - Corporate Buyers,1
C0571,Individual,Adam,Chavez,1966-07-03,M,Usa,California,Home,3,No,Website,395,379,404,417,405,59,4,387492.37,1549969.49,1458.93,419927.79,340602.26,79325.52999999997,1,2,C1 - Global Investors,2
C0572,Individual,Ann,Johnson,1993-11-12,F,Usa,California,Investment,5,No,Website,395,379,404,417,405,32,4,379919.36,1519677.44,1228.83,450012.44,257009.74,193002.7,1,2,C1 - Global Investors,2
C0573,Company,Altira,Co,1977-04-24,M,Usa,Georgia,Home,4,Yes,Agency,395,379,404,417,405,49,3,261947.59,785842.76,849.75,427006.84,169300.68,257706.16000000003,0,3,C2 - First-Time Buyers,3
C0574,Individual,Gerald,Cox,1968-09-15,M,Usa,California,Home,2,No,Agency,395,379,404,417,405,57,4,315476.58,1261906.32,1052.25,523216.37,183932.23,339284.14,1,2,C1 - Global Investors,2
C0575,Individual,Brian,Hansen,1966-01-21,M,Usa,California,Investment,2,No,Website,395,379,404,417,405,60,3,339463.76,1018391.27,1107.81,506852.64,164878.55,341974.09,0,3,C2 - First-Time Buyers,3
C0576,Individual,Terry,Reyes,1959-02-24,M,Germany,Hamburg,Home,1,No,Client,395,379,404,417,405,67,3,349135.6,1047406.79,1082.9,516482.69,245591.43,270891.26,0,3,C2 - First-Time Buyers,1
C0577,Individual,Christopher,Miller,1989-05-18,M,Usa,Arizona,Home,3,No,Website,395,379,404,417,405,37,3,231299.67,693899.01,879.34,279379.41,165950.58,113428.82999999999,0,3,C2 - First-Time Buyers,3
C0578,Individual,Lauren,Rogers,1999-07-22,F,Usa,Arizona,Home,5,Yes,Client,395,379,404,417,405,26,3,235758.84,707276.53,899.76,266964.5,216531.18,50433.32000000001,0,3,C2 - First-Time Buyers,3
C0579,Individual,Christopher,Ward,1941-09-04,M,Usa,Texas,Investment,3,No,Website,395,379,404,417,405,84,3,399476.21,1198428.64,1299.54,592851.63,202307.22,390544.41000000003,0,3,C2 - First-Time Buyers,3
C0580,Individual,Heather,Watson,1948-11-01,F,Usa,California,Home,2,Yes,Client,395,379,404,417,405,77,4,539738.7,2158954.78,1726.06,620192.42,444157.13,176035.29000000004,1,2,C1 - Global Investors,3
C0581,Individual,Kimberly,Stewart,1957-12-21,F,Usa,California,Investment,5,Yes,Website,395,379,404,417,405,68,4,257438.89,1029755.56,801.06,371216.71,147025.21,224191.50000000003,0,3,C2 - First-Time Buyers,3
C0582,Individual,Teresa,Pierce,1940-02-10,F,Usa,Washington,Investment,3,Yes,Website,395,379,404,417,405,86,3,236186.38,708559.15,791.04,387349.97,129935.43,257414.53999999998,0,3,C2 - First-Time Buyers,3
C0583,Individual,Kevin,Scott,1986-10-27,M,Usa,California,Home,2,No,Agency,395,379,404,417,405,39,4,309307.04,1237228.18,996.7,390024.91,196134.77,193890.13999999998,0,3,C2 - First-Time Buyers,3
C0584,Individual,Janice,Taylor,1982-11-03,F,Usa,California,Home,5,No,Website,395,379,404,417,405,43,3,378563.87,1135691.62,1350.97,501136.87,187291.27,313845.6,0,3,C2 - First-Time Buyers,3
C0585,Individual,Anthony,Edwards,1961-02-07,M,Usa,Colorado,Home,3,No,Agency,395,379,404,417,405,65,4,250922.54,1003690.18,886.43,298657.8,170341.14,128316.65999999997,0,3,C2 - First-Time Buyers,3
C0586,Individual,Noah,Morales,1977-06-14,M,Usa,California,Home,2,Yes,Client,395,379,404,417,405,48,3,408841.44,1226524.31,1286.43,553899.49,243379.65,310519.83999999997,0,3,C2 - First-Time Buyers,3
C0587,Individual,Pamela,Richardson,1992-11-24,F,Usa,New York,Home,4,No,Website,395,379,404,417,405,33,4,273359.96,1093439.84,911.78,386382.22,154757.84,231624.37999999998,0,3,C2 - First-Time Buyers,3
C0588,Individual,Janice,White,1989-11-20,F,Usa,Florida,Home,2,No,Website,395,379,404,417,405,36,4,373994.04,1495976.14,1271.34,529783.19,272247.83,257535.35999999993,1,2,C1 - Global Investors,2
C0589,Individual,Christopher,Williams,1946-09-21,M,Usa,Texas,Investment,5,No,Client,395,379,404,417,405,79,4,495561.56,1982246.22,1699.37,539246.07,389720.64,149525.42999999993,1,2,C1 - Global Investors,3
C0590,Individual,Arthur,Campbell,1966-09-16,M,Uk,Scotland,Investment,2,No,Website,395,379,404,417,405,59,4,276347.22,1105388.89,935.76,364484.54,151439.51,213045.02999999997,0,1,C4 - Luxury Investors,1
C0591,Individual,Dorothy,Long,1968-09-03,F,Usa,Nevada,Home,1,No,Website,395,379,404,417,405,57,3,445405.88,1336217.65,1460.49,473238.41,407447.04,65791.37,1,2,C1 - Global Investors,2
C0592,Individual,Roger,Moore,1972-03-06,M,Usa,Arizona,Investment,2,No,Client,395,379,404,417,405,54,3,262505.53,787516.58,851.43,353140.87,207013.27,146127.6,0,3,C2 - First-Time Buyers,3
C0593,Individual,Elizabeth,Carter,1952-08-08,F,Usa,California,Home,2,Yes,Agency,395,379,404,417,405,73,4,503015.84,2012063.38,1575.11,578707.72,351694.47,227013.25,1,2,C1 - Global Investors,2
C0594,Individual,Diane,Patterson,1942-08-02,F,Usa,Utah,Home,1,No,Agency,395,379,404,417,405,83,3,379190.96,1137572.87,1221.68,501939.76,313882.7,188057.06,0,3,C2 - First-Time Buyers,3
C0595,Individual,Anna,Murray,1966-10-06,F,Usa,Utah,Home,3,No,Agency,395,379,404,417,405,59,3,304768.32,914304.97,934.43,491381.22,158604.2,332777.01999999996,0,3,C2 - First-Time Buyers,3
C0596,Individual,Gerald,Phillips,1976-04-17,M,Usa,Nevada,Home,4,No,Agency,395,379,404,417,405,50,4,273692.87,1094771.49,1023.97,349555.66,160146.36,189409.3,0,3,C2 - First-Time Buyers,3
C0597,Individual,Peter,King,1986-02-17,M,Uk,Northern Ireland,Home,2,Yes,Website,395,379,404,417,405,40,3,325614.72,976844.17,1033.62,336562.17,317758.61,18803.559999999998,0,1,C4 - Luxury Investors,1
C0598,Individual,Jacob,Gray,1949-06-24,M,Usa,Colorado,Investment,4,No,Website,395,379,404,417,405,76,4,349732.68,1398930.7,1135.53,578866.18,140335.17,438531.01,1,2,C1 - Global Investors,2
C0599,Individual,Jennifer,Turner,1998-03-19,F,Canada,Alberta,Home,2,No,Agency,395,379,404,417,405,28,3,387605.26,1162815.78,1354.09,519841.25,222979.69,296861.56,0,3,C2 - First-Time Buyers,0
C0600,Individual,Thomas,King,1984-03-17,M,Usa,Oregon,Investment,1,No,Client,395,379,404,417,405,42,3,305903.2,917709.61,1042.71,331613.25,261905.49,69707.76000000001,0,3,C2 - First-Time Buyers,3
C0601,Individual,Lisa,Nelson,1972-10-16,F,Usa,California,Home,4,No,Website,395,379,404,417,405,53,4,425102.93,1700411.72,1307.3,608461.19,260615.44,347845.74999999994,1,2,C1 - Global Investors,2
C0602,Individual,Albert,Hayes,1984-03-24,M,Germany,Bavaria,Home,4,No,Agency,395,379,404,417,405,42,4,226377.2,905508.82,748.33,319887.69,174206.99,145680.7,0,3,C2 - First-Time Buyers,1
C0603,Individual,Diane,Thompson,1994-01-07,F,Usa,New York,Home,4,Yes,Agency,395,379,404,417,405,32,4,304523.82,1218095.3,1027.81,402393.19,192057.65,210335.54,0,3,C2 - First-Time Buyers,3
C0604,Individual,Danielle,Montgomery,1998-09-17,F,Belgium,Wallonia,Home,1,No,Agency,395,379,404,417,405,27,3,263711.01,791133.03,919.05,427718.82,178243.97,249474.85,0,3,C2 - First-Time Buyers,1
C0605,Individual,Nathan,Flores,1974-06-28,M,Usa,Utah,Home,4,Yes,Agency,395,379,404,417,405,51,4,351828.58,1407314.33,1267.07,470883.03,272856.66,198026.37000000005,1,2,C1 - Global Investors,2
C0606,Individual,Carolyn,Stone,1949-12-25,F,France,Ile-De-France,Investment,1,No,Website,395,379,404,417,405,76,3,356989.84,1070969.53,1146.26,442981.99,294198.85,148783.14,0,0,C3 - Corporate Buyers,1
C0607,Individual,Daniel,Edwards,1962-09-14,M,Usa,California,Home,1,No,Agency,395,379,404,417,405,63,3,375076.71,1125230.12,1371.61,381636.61,363367.6,18269.01000000001,0,3,C2 - First-Time Buyers,3
C0608,Individual,Jerry,Adams,1956-06-14,M,Usa,California,Home,4,No,Agency,395,379,404,417,405,69,4,300352.89,1201411.56,1018.52,564420.33,202760.5,361659.82999999996,0,3,C2 - First-Time Buyers,3
C0609,Individual,Julia,Richardson,1961-05-22,F,Usa,Washington,Home,4,No,Agency,395,379,404,417,405,64,4,326891.91,1307567.64,1255.13,539078.45,186418.6,352659.85,1,2,C1 - Global Investors,2
C0610,Individual,Ann,Owens,1970-05-10,F,Usa,California,Investment,4,No,Website,395,379,404,417,405,56,3,392865.89,1178597.68,1339.73,477431.41,250887.27,226544.13999999998,0,3,C2 - First-Time Buyers,3
C0611,Individual,Jacob,Price,1950-12-06,M,Usa,California,Home,4,No,Agency,395,379,404,417,405,75,4,285667.98,1142671.94,997.42,433951.65,109548.52,324403.13,0,3,C2 - First-Time Buyers,3
C0612,Individual,Kevin,Wood,1960-01-26,M,Usa,Florida,Home,4,No,Agency,395,379,404,417,405,66,4,417961.58,1671846.3,1389.15,633040.56,180342.16,452698.4,1,2,C1 - Global Investors,2
C0613,Individual,Cynthia,Cox,1995-10-02,F,Australia,Victoria,Home,4,No,Agency,395,379,404,417,405,30,3,395339.84,1186019.52,1366.56,447068.49,355893.16,91175.33000000002,0,3,C2 - First-Time Buyers,0
C0614,Individual,George,Bryant,1972-01-07,M,Uk,Wales,Home,3,Yes,Website,395,379,404,417,405,54,4,256489.6,1025958.38,858.98,323890.25,210334.7,113555.54999999999,0,1,C4 - Luxury Investors,1
C0615,Individual,Jordan,King,1957-01-12,M,Usa,Utah,Home,2,Yes,Website,395,379,404,417,405,69,4,229750.5,919002.01,748.33,284149.74,165789.68,118360.06,0,3,C2 - First-Time Buyers,3
C0616,Individual,Julie,Brooks,1963-04-17,F,Usa,Virginia,Investment,1,Yes,Agency,395,379,404,417,405,63,3,337788.1,1013364.3,1074.62,519571.55,130514.41,389057.14,0,3,C2 - First-Time Buyers,3
C0617,Individual,Carolyn,Evans,1986-10-07,F,Usa,Ohio,Home,5,Yes,Website,395,379,404,417,405,39,3,255620.4,766861.21,849.64,408314.89,175491.09,232823.80000000002,0,3,C2 - First-Time Buyers,3
C0618,Individual,Austin,Taylor,1968-05-11,M,Usa,Texas,Home,3,No,Agency,395,379,404,417,405,58,3,327601.0,982803.0,1113.29,498882.11,195094.85,303787.26,0,3,C2 - First-Time Buyers,3
C0619,Individual,Heather,Morales,1970-04-25,F,Usa,Washington,Home,4,No,Website,395,379,404,417,405,56,3,470659.14,1411977.41,1471.9,545321.51,381854.67,163466.84000000003,1,2,C1 - Global Investors,2
C0620,Individual,Sarah,Howard,1960-04-22,F,France,Brittany,Home,3,No,Website,395,379,404,417,405,66,3,510809.76,1532429.29,1504.28,619177.19,428558.17,190619.01999999996,1,0,C3 - Corporate Buyers,1
C0621,Individual,Jonathan,Turner,1982-02-13,M,Germany,Bavaria,Investment,3,Yes,Agency,395,379,404,417,405,44,3,263869.7,791609.11,869.79,372530.49,148566.34,223964.15,0,3,C2 - First-Time Buyers,1
C0622,Individual,Katherine,Ward,1987-10-09,F,Usa,Washington,Investment,2,No,Client,395,379,404,417,405,38,3,289778.24,869334.73,980.87,353174.47,181705.84,171468.62999999998,0,3,C2 - First-Time Buyers,3
C0623,Individual,Jonathan,Adams,1986-04-27,M,Usa,Florida,Investment,3,Yes,Client,395,379,404,417,405,40,4,352583.36,1410333.45,1146.02,490155.8,175980.46,314175.33999999997,1,2,C1 - Global Investors,3
C0624,Individual,Carl,Jordan,2000-09-02,M,Usa,Nevada,Investment,3,No,Agency,395,379,404,417,405,25,3,405203.85,1215611.54,1413.87,497030.07,234941.79,262088.28,0,3,C2 - First-Time Buyers,3
C0625,Individual,Deborah,Hayes,1983-07-08,F,Belgium,Flanders,Investment,2,Yes,Agency,395,379,404,417,405,42,4,250041.72,1000166.88,851.02,308545.24,170552.15,137993.09,0,3,C2 - First-Time Buyers,1
C0626,Individual,Sara,Jones,1968-06-13,F,Germany,Hamburg,Investment,2,No,Website,395,379,404,417,405,57,3,353898.04,1061694.13,1244.56,448491.59,212626.79,235864.80000000002,0,3,C2 - First-Time Buyers,1
C0627,Individual,Katherine,Johnson,2000-11-07,F,Usa,Arizona,Home,3,No,Agency,395,379,404,417,405,25,4,467701.6,1870806.42,1726.06,562008.09,373065.95,188942.13999999996,1,2,C1 - Global Investors,2
C0628,Individual,Arthur,Campbell,1985-05-16,M,Canada,British Columbia,Home,3,Yes,Agency,395,379,404,417,405,41,4,405777.41,1623109.63,1250.39,601135.7,211336.04,389799.6599999999,1,2,C1 - Global Investors,0
C0629,Individual,Maria,Richardson,1946-07-09,F,Usa,California,Investment,2,No,Agency,395,379,404,417,405,79,3,320573.92,961721.77,1129.18,404054.56,259068.93,144985.63,0,3,C2 - First-Time Buyers,3
C0630,Individual,Stephen,Roberts,1965-07-28,M,Usa,California,Home,2,No,Website,395,379,404,417,405,60,4,327019.4,1308077.61,1075.5,521382.1,217542.01,303840.08999999997,1,2,C1 - Global Investors,2
C0631,Individual,Dorothy,Flores,1966-12-11,F,Usa,California,Home,5,No,Website,395,379,404,417,405,59,4,383722.8,1534891.22,1227.64,458349.81,293846.83,164502.97999999998,1,2,C1 - Global Investors,2
C0632,Individual,Thomas,Nelson,1948-05-16,M,Uk,Northern Ireland,Home,4,No,Website,395,379,404,417,405,78,4,286711.5,1146845.98,947.75,386036.16,171733.24,214302.91999999998,0,1,C4 - Luxury Investors,1
C0633,Individual,Ann,Owens,1941-05-12,F,Usa,Nevada,Home,3,No,Agency,395,379,404,417,405,85,4,301879.06,1207516.26,928.74,526337.84,187366.27,338971.56999999995,0,3,C2 - First-Time Buyers,3
C0634,Individual,Justin,Ward,1980-11-17,M,Usa,Washington,Investment,4,Yes,Website,395,379,404,417,405,45,3,393897.88,1181693.63,1393.11,498320.91,222121.91,276199.0,0,3,C2 - First-Time Buyers,3
C0635,Individual,Kimberly,King,1960-06-14,F,Uk,Scotland,Investment,5,No,Website,395,379,404,417,405,65,3,458566.68,1375700.03,1460.49,503560.15,385520.65,118039.5,1,1,C4 - Luxury Investors,1
C0636,Individual,Kathleen,Rogers,1980-11-10,F,France,Brittany,Home,5,No,Website,395,379,404,417,405,45,4,245452.52,981810.08,827.36,368940.08,148669.83,220270.25000000003,0,0,C3 - Corporate Buyers,1
C0637,Individual,Catherine,Stone,1967-08-14,F,Usa,California,Home,2,No,Website,395,379,404,417,405,58,4,400619.52,1602478.07,1296.56,487674.6,297389.79,190284.81,1,2,C1 - Global Investors,2
C0638,Individual,Jason,King,1975-02-04,M,Usa,Ohio,Home,5,Yes,Website,395,379,404,417,405,51,4,336761.36,1347045.42,1204.5,527612.39,206964.98,320647.41000000003,1,2,C1 - Global Investors,2
C0639,Individual,Mark,Campbell,1961-03-03,M,Uk,Scotland,Home,3,Yes,Website,395,379,404,417,405,65,3,287223.57,861670.72,1008.13,446713.63,198594.76,248118.87,0,1,C4 - Luxury Investors,1
C0640,Individual,Emily,Thompson,1967-03-01,F,Usa,Utah,Home,3,No,Agency,395,379,404,417,405,59,3,257650.06,772950.17,915.64,339275.85,158974.32,180301.52999999997,0,3,C2 - First-Time Buyers,3
C0641,Company,Zynex,Co,1994-02-26,M,Usa,Arizona,Home,2,No,Agency,395,379,404,417,405,32,3,405737.75,1217213.26,1240.61,463667.58,334381.13,129286.45000000001,0,3,C2 - First-Time Buyers,3
C0642,Individual,Julia,Reyes,1967-11-21,F,Usa,California,Home,4,No,Website,395,379,404,417,405,58,3,342380.2,1027140.61,1161.54,512135.16,245867.49,266267.67,0,3,C2 - First-Time Buyers,3
C0643,Individual,Samantha,Richardson,1974-05-05,F,Usa,California,Home,5,No,Website,395,379,404,417,405,52,3,309548.34,928645.01,1016.5,376815.49,183881.37,192934.12,0,3,C2 - First-Time Buyers,3
C0644,Individual,Teresa,Johnson,1956-08-25,F,Usa,California,Home,4,Yes,Agency,395,379,404,417,405,69,3,516541.41,1549624.23,1630.14,599850.78,412697.67,187153.11000000004,1,2,C1 - Global Investors,2
C0645,Individual,Arthur,Cox,1988-07-18,M,Usa,Nevada,Home,2,No,Client,395,379,404,417,405,37,3,243817.84,731453.53,862.11,268604.55,219862.84,48741.70999999999,0,3,C2 - First-Time Buyers,3
C0646,Individual,Cynthia,Campbell,1995-07-21,F,Usa,Arizona,Investment,5,No,Agency,395,379,404,417,405,30,3,441770.61,1325311.83,1464.02,479212.8,388946.75,90266.04999999999,1,2,C1 - Global Investors,2
C0647,Individual,Victoria,Green,1946-02-06,F,Usa,California,Home,4,No,Agency,395,379,404,417,405,80,4,528880.1,2115520.42,1676.38,647138.13,421336.89,225801.24,1,2,C1 - Global Investors,2
C0648,Individual,Stephanie,Reed,1999-03-02,F,Usa,California,Home,1,Yes,Website,395,379,404,417,405,27,4,285746.34,1142985.38,984.65,404330.66,173779.21,230551.44999999998,0,3,C2 - First-Time Buyers,3
C0649,Individual,Patricia,Mitchell,1995-03-01,F,Usa,California,Home,4,No,Agency,395,379,404,417,405,31,4,350362.13,1401448.51,1136.69,511233.23,238812.89,272420.33999999997,1,2,C1 - Global Investors,2
C0650,Company,Polaris,Co,1976-02-19,M,France,Occitanie,Home,3,Yes,Client,395,379,404,417,405,50,3,266580.75,799742.26,932.37,290736.09,252741.45,37994.640000000014,0,0,C3 - Corporate Buyers,1
C0651,Company,Horizon,Co,1993-01-14,M,Usa,Washington,Home,1,No,Agency,395,379,404,417,405,33,4,269273.68,1077094.73,948.76,398037.98,187120.57,210917.40999999997,0,3,C2 - First-Time Buyers,3
C0652,Individual,Heather,Johnson,1993-12-08,F,Usa,Washington,Home,2,No,Website,395,379,404,417,405,32,3,301385.74,904157.22,985.54,439896.91,203347.49,236549.41999999998,0,3,C2 - First-Time Buyers,3
C0653,Individual,Gerald,Adams,1970-07-22,M,Usa,Ohio,Home,2,No,Client,395,379,404,417,405,55,4,303885.79,1215543.15,1053.27,421423.2,178170.39,243252.81,0,3,C2 - First-Time Buyers,3
C0654,Individual,Eric,Griffin,1960-05-07,M,Usa,New York,Home,2,Yes,Website,395,379,404,417,405,66,3,288431.3,865293.89,1015.94,388799.01,232742.76,156056.25,0,3,C2 - First-Time Buyers,3
C0655,Individual,Patricia,King,1950-05-19,F,Usa,Nevada,Home,1,Yes,Agency,395,379,404,417,405,76,3,357254.41,1071763.22,1138.42,438371.45,292783.1,145588.35000000003,0,3,C2 - First-Time Buyers,3
C0656,Individual,Amber,Allen,1977-02-08,F,Usa,Colorado,Home,5,No,Client,395,379,404,417,405,49,4,322095.84,1288383.38,1190.41,505553.38,164194.34,341359.04000000004,1,2,C1 - Global Investors,3
C0657,Individual,Alexander,Allen,1956-09-26,M,Usa,California,Home,2,No,Agency,395,379,404,417,405,69,3,419370.44,1258111.32,1338.15,593053.61,260940.86,332112.75,0,3,C2 - First-Time Buyers,3
C0658,Individual,Kelly,Green,1999-12-13,F,Usa,Virginia,Home,3,Yes,Agency,395,379,404,417,405,26,3,374007.09,1122021.28,1271.67,491470.69,276330.88,215139.81,0,3,C2 - First-Time Buyers,3
C0659,Individual,Sara,Foster,1988-10-06,F,Usa,California,Home,4,Yes,Agency,395,379,404,417,405,37,4,250137.72,1000550.86,832.62,315923.54,173467.51,142456.02999999997,0,3,C2 - First-Time Buyers,3
C0660,Individual,Charles,Kim,1991-08-10,M,Usa,Arizona,Home,4,Yes,Client,395,379,404,417,405,34,3,382769.45,1148308.35,1337.05,425964.32,348352.52,77611.79999999999,0,3,C2 - First-Time Buyers,3
C0661,Individual,Deborah,Williams,1961-06-25,F,Canada,Manitoba,Home,3,No,Website,395,379,404,417,405,64,4,406928.26,1627713.05,1299.33,621646.32,299605.04,322041.27999999997,1,2,C1 - Global Investors,0
C0662,Individual,Stephanie,Kim,1957-08-25,F,Usa,California,Investment,3,No,Website,395,379,404,417,405,68,4,380059.99,1520239.97,1175.23,524135.1,232325.48,291809.62,1,2,C1 - Global Investors,2
C0663,Individual,Anthony,Flores,1958-02-02,M,Usa,California,Home,2,Yes,Agency,395,379,404,417,405,68,4,386078.34,1544313.34,1234.81,601666.05,231176.25,370489.80000000005,1,2,C1 - Global Investors,2
C0664,Individual,Lawrence,Wood,1958-08-17,M,Canada,Alberta,Investment,5,Yes,Website,395,379,404,417,405,67,4,265756.14,1063024.57,897.47,369441.6,139782.57,229659.02999999997,0,3,C2 - First-Time Buyers,0
C0665,Individual,Robert,Adams,1959-08-27,M,Usa,Colorado,Investment,1,No,Agency,395,379,404,417,405,66,3,234962.01,704886.02,765.68,259327.23,212548.64,46778.59,0,3,C2 - First-Time Buyers,3
C0666,Individual,Maria,Davis,1948-10-09,F,Usa,California,Investment,1,No,Website,395,379,404,417,405,77,4,383018.57,1532074.27,1271.34,533934.58,312185.78,221748.79999999993,1,2,C1 - Global Investors,2
C0667,Individual,Anthony,Mitchell,1966-07-07,M,Usa,Arizona,Investment,2,No,Agency,395,379,404,417,405,59,4,371640.02,1486560.06,1295.26,528551.13,223901.16,304649.97,1,2,C1 - Global Investors,2
C0668,Individual,Margaret,Peterson,1978-11-15,F,France,Ile-De-France,Investment,4,Yes,Website,395,379,404,417,405,47,4,246793.75,987175.01,824.2,407789.69,118024.61,289765.08,0,0,C3 - Corporate Buyers,1
C0669,Individual,Cheryl,Bell,1958-03-18,F,Canada,British Columbia,Home,3,No,Agency,395,379,404,417,405,68,3,455511.16,1366533.49,1599.34,540922.9,337688.76,203234.14,1,2,C1 - Global Investors,0
C0670,Company,Altira,Co,1976-06-18,M,Usa,Nevada,Investment,4,No,Website,395,379,404,417,405,49,3,543991.18,1631973.55,1800.45,625384.45,450541.6,174842.84999999998,1,2,C1 - Global Investors,3
C0671,Individual,Jerry,Pierce,1941-12-09,M,Usa,Colorado,Home,4,Yes,Client,395,379,404,417,405,84,3,253226.04,759678.12,849.64,361032.68,181792.91,179239.77,0,3,C2 - First-Time Buyers,3
C0672,Individual,Amber,Williams,1967-03-10,F,Usa,California,Home,2,No,Website,395,379,404,417,405,59,3,433989.35,1301968.05,1452.26,535756.29,246241.4,289514.89,1,2,C1 - Global Investors,2
C0673,Individual,Janice,Hayes,1965-10-19,F,Usa,California,Home,4,No,Website,395,379,404,417,405,60,3,290167.97,870503.9,1012.96,319736.59,236471.53,83265.06000000003,0,3,C2 - First-Time Buyers,3
C0674,Individual,Judy,Turner,1986-05-26,F,Usa,California,Investment,4,No,Website,395,379,404,417,405,39,4,433359.63,1733438.52,1365.95,584942.34,264096.57,320845.76999999996,1,2,C1 - Global Investors,2
C0675,Individual,Andrea,Wright,1969-12-23,F,Usa,Texas,Home,5,No,Website,395,379,404,417,405,56,3,372386.39,1117159.17,1113.29,528517.95,275203.33,253314.61999999994,0,3,C2 - First-Time Buyers,3
C0676,Individual,Lisa,Davis,1942-06-12,F,Usa,Nevada,Home,2,No,Agency,395,379,404,417,405,83,3,340798.68,1022396.03,989.06,478630.37,124485.23,354145.14,0,3,C2 - First-Time Buyers,3
C0677,Individual,Jerry,Miller,1981-09-02,M,Usa,Arizona,Investment,2,No,Agency,395,379,404,417,405,44,4,304253.78,1217015.11,1024.34,362582.49,188272.1,174310.38999999998,0,3,C2 - First-Time Buyers,3
C0678,Individual,Joseph,Watson,1972-10-19,M,Usa,California,Home,4,Yes,Website,395,379,404,417,405,53,3,301350.29,904050.87,897.31,449002.59,212891.5,236111.09000000003,0,3,C2 - First-Time Buyers,3
C0679,Individual,Lisa,Patterson,1964-12-02,F,Usa,Nevada,Home,1,No,Agency,395,379,404,417,405,61,4,486342.92,1945371.68,1726.06,542183.91,409624.51,132559.40000000002,1,2,C1 - Global Investors,2
C0680,Individual,Andrew,Griffin,1965-04-16,M,Usa,Utah,Investment,2,No,Agency,395,379,404,417,405,61,4,383431.93,1533727.71,1333.28,527252.15,162825.0,364427.15,1,2,C1 - Global Investors,2
C0681,Company,Helios,Co,1977-04-25,F,Usa,California,Home,3,No,Agency,395,379,404,417,405,49,4,184174.24,736696.97,658.86,258314.7,114846.15,143468.55000000002,0,3,C2 - First-Time Buyers,3
C0682,Individual,Donald,Bennett,1973-06-12,M,Usa,California,Home,5,No,Website,395,379,404,417,405,52,4,359001.56,1436006.22,1214.56,454375.43,157671.38,296704.05,1,2,C1 - Global Investors,2
C0683,Individual,Patrick,Jordan,1948-08-20,M,Usa,Colorado,Home,2,Yes,Agency,395,379,404,417,405,77,3,405521.84,1216565.53,1463.22,484751.08,286554.21,198196.87,0,3,C2 - First-Time Buyers,3
C0684,Individual,Donald,Miller,1985-10-05,M,Usa,California,Home,1,No,Agency,395,379,404,417,405,40,4,350656.36,1402625.45,1120.62,472614.44,132138.97,340475.47,1,2,C1 - Global Investors,2
C0685,Individual,Sharon,Hansen,1987-04-18,F,Usa,Washington,Home,5,No,Agency,395,379,404,417,405,39,3,376611.69,1129835.06,1228.5,632201.17,131819.04,500382.13,0,3,C2 - First-Time Buyers,3
C0686,Individual,Michael,Howard,1963-11-17,M,Usa,California,Home,1,Yes,Website,395,379,404,417,405,62,3,416722.11,1250166.33,1369.73,528510.9,345446.82,183064.08000000002,0,3,C2 - First-Time Buyers,2
C0687,Individual,Susan,Long,1959-01-03,F,Usa,Utah,Home,3,Yes,Website,395,379,404,417,405,67,4,383151.0,1532604.0,1210.74,720425.67,220051.06,500374.61000000004,1,2,C1 - Global Investors,2
C0688,Individual,Kathleen,Howard,1968-12-04,F,Usa,Colorado,Investment,5,Yes,Website,395,379,404,417,405,57,4,273440.6,1093762.42,868.57,415205.7,164217.44,250988.26,0,3,C2 - First-Time Buyers,3
C0689,Individual,Ann,Williams,1998-04-17,F,Usa,California,Home,4,No,Website,395,379,404,417,405,28,3,350419.79,1051259.37,1186.05,433353.3,264146.36,169206.94,0,3,C2 - First-Time Buyers,3
C0690,Individual,Janet,Stewart,1985-09-09,F,Usa,Oregon,Home,4,Yes,Agency,395,379,404,417,405,40,4,350505.81,1402023.24,1150.33,527730.49,172726.4,355004.08999999997,1,2,C1 - Global Investors,2
C0691,Individual,Kenneth,Bell,1943-07-22,M,Usa,California,Investment,4,No,Agency,395,379,404,417,405,82,4,237138.22,948552.89,816.16,307826.14,184248.76,123577.38,0,3,C2 - First-Time Buyers,3
C0692,Individual,Adam,Roberts,1964-03-14,M,Usa,Georgia,Investment,3,No,Agency,395,379,404,417,405,62,4,301646.47,1206585.87,1011.59,395284.05,178721.82,216562.22999999998,0,3,C2 - First-Time Buyers,3
C0693,Individual,Jesse,Chavez,1957-04-28,M,Usa,California,Investment,5,Yes,Agency,395,379,404,417,405,69,4,457875.73,1831502.92,1498.68,572810.16,278284.91,294525.25000000006,1,2,C1 - Global Investors,2
C0694,Company,Sterling,Co,1989-07-13,M,Uk,Scotland,Investment,2,No,Website,395,379,404,417,405,36,4,321941.77,1287767.07,1063.04,382289.82,182434.9,199854.92,1,1,C4 - Luxury Investors,1
C0695,Individual,Timothy,Rogers,1947-03-24,M,Usa,Washington,Home,4,No,Website,395,379,404,417,405,79,3,290150.55,870451.65,934.87,381213.39,203127.74,178085.65000000002,0,3,C2 - First-Time Buyers,3
C0696,Individual,Carol,Green,1994-03-06,F,Usa,Washington,Investment,5,Yes,Agency,395,379,404,417,405,32,4,354256.37,1417025.49,1246.62,610973.17,254439.1,356534.07000000007,1,2,C1 - Global Investors,2
C0697,Individual,Bryan,Mitchell,1986-11-01,M,Usa,California,Investment,4,Yes,Agency,395,379,404,417,405,39,4,300892.8,1203571.2,1036.65,529206.1,169315.54,359890.55999999994,0,3,C2 - First-Time Buyers,3
C0698,Individual,Maria,Scott,1946-07-16,F,Usa,California,Home,2,Yes,Website,395,379,404,417,405,79,4,390158.88,1560635.51,1286.96,575207.87,260227.69,314980.18,1,2,C1 - Global Investors,2
C0699,Individual,Stephen,Bennett,1986-12-22,M,Usa,Washington,Home,1,Yes,Agency,395,379,404,417,405,39,3,430815.05,1292445.15,1357.19,497579.57,299400.1,198179.47000000003,1,2,C1 - Global Investors,2
C0700,Individual,Christine,Sanders,1944-04-14,F,Usa,Washington,Home,5,No,Website,395,379,404,417,405,82,3,241484.57,724453.7,851.43,302845.83,192322.86,110522.97000000003,0,3,C2 - First-Time Buyers,3
C0701,Individual,Danielle,Peterson,1962-09-17,F,Uk,England,Investment,1,No,Website,395,379,404,417,405,63,4,329634.44,1318537.76,1050.57,610952.85,212665.55,398287.3,1,1,C4 - Luxury Investors,1
C0702,Individual,Nicholas,Flores,1966-07-24,M,Usa,Arizona,Home,5,No,Agency,395,379,404,417,405,59,3,405007.33,1215022.0,1303.78,437978.56,342941.15,95037.40999999997,0,3,C2 - First-Time Buyers,3
C0703,Company,Elara,Co,1984-05-15,M,Usa,Colorado,Home,3,No,Website,395,379,404,417,405,42,3,312691.19,938073.57,1023.88,394037.08,219537.26,174499.82,0,3,C2 - First-Time Buyers,3
C0704,Individual,Nicole,Jordan,1942-01-23,F,Usa,Georgia,Home,4,No,Agency,395,379,404,417,405,84,3,376926.29,1130778.86,1194.93,431012.78,334482.01,96530.77000000002,0,3,C2 - First-Time Buyers,3
C0705,Individual,Timothy,Murray,1940-12-18,M,Usa,Nevada,Home,3,No,Website,395,379,404,417,405,85,3,547794.56,1643383.67,1680.53,670575.87,469223.8,201352.07,1,2,C1 - Global Investors,2
C0706,Individual,Kyle,Thomas,1984-06-23,M,Uk,England,Investment,2,No,Client,395,379,404,417,405,41,3,344984.95,1034954.84,1162.62,437082.22,185735.17,251347.04999999996,0,1,C4 - Luxury Investors,1
C0707,Individual,Zachary,Richardson,1995-09-23,M,Usa,Virginia,Home,5,Yes,Website,395,379,404,417,405,30,4,292813.8,1171255.22,956.94,399196.41,104509.38,294687.02999999997,0,3,C2 - First-Time Buyers,3
C0708,Individual,Brian,Cook,1964-11-28,M,Usa,California,Home,2,No,Client,395,379,404,417,405,61,3,513113.62,1539340.87,1523.69,658501.84,230696.3,427805.54,1,2,C1 - Global Investors,3
C0709,Individual,Samantha,Price,1982-11-06,F,Usa,Georgia,Home,2,Yes,Agency,395,379,404,417,405,43,4,308490.13,1233960.52,1009.23,558878.17,157957.15,400921.02,0,3,C2 - First-Time Buyers,3
C0710,Individual,Kyle,Bryant,1946-08-18,M,Usa,Oregon,Home,2,Yes,Agency,395,379,404,417,405,79,4,289500.34,1158001.36,939.36,510596.18,151955.73,358640.44999999995,0,3,C2 - First-Time Buyers,3
C0711,Individual,Victoria,Hughes,1995-10-20,F,Usa,California,Investment,3,No,Agency,395,379,404,417,405,30,4,261414.64,1045658.54,905.75,383676.59,194186.18,189490.41000000003,0,3,C2 - First-Time Buyers,3
C0712,Individual,Joseph,Scott,1991-01-21,M,Usa,California,Home,1,No,Agency,395,379,404,417,405,35,3,233896.1,701688.31,842.68,311645.47,140986.81,170658.65999999997,0,3,C2 - First-Time Buyers,3
C0713,Individual,Debra,Thomas,1997-02-14,F,Usa,California,Investment,3,No,Agency,395,379,404,417,405,29,3,315512.58,946537.74,1125.17,467446.4,178814.53,288631.87,0,3,C2 - First-Time Buyers,3
C0714,Individual,Kyle,Murray,1977-01-03,M,Russia,Saint Petersburg,Home,3,No,Website,395,379,404,417,405,49,3,506739.39,1520218.18,1680.53,606614.22,446411.88,160202.33999999997,1,2,C1 - Global Investors,1
C0715,Individual,Janice,Wilson,1982-08-05,F,Usa,Utah,Home,3,No,Website,395,379,404,417,405,43,3,383790.92,1151372.75,1340.77,523101.86,221164.52,301937.33999999997,0,3,C2 - First-Time Buyers,3
C0716,Individual,Jordan,Davis,1994-10-24,M,Uk,Northern Ireland,Home,1,No,Client,395,379,404,417,405,31,3,391081.91,1173245.74,1334.1,512554.33,279331.2,233223.13,0,1,C4 - Luxury Investors,1
C0717,Individual,Virginia,Weaver,1946-06-09,F,Usa,Arizona,Investment,3,Yes,Agency,395,379,404,417,405,79,3,333509.89,1000529.67,1156.56,419346.92,263898.13,155448.78999999998,0,3,C2 - First-Time Buyers,3
C0718,Individual,Martha,Scott,1944-10-08,F,France,Ile-De-France,Home,2,Yes,Website,395,379,404,417,405,81,3,300052.64,900157.91,1123.8,406298.92,190909.23,215389.68999999997,0,0,C3 - Corporate Buyers,1
C0719,Individual,Jason,Jordan,1974-07-02,M,Usa,California,Investment,2,Yes,Agency,395,379,404,417,405,51,3,304305.59,912916.77,1023.88,359309.3,205598.72,153710.58,0,3,C2 - First-Time Buyers,3
C0720,Individual,Shirley,Wilson,1981-05-17,F,Usa,California,Investment,1,Yes,Agency,395,379,404,417,405,45,4,211079.17,844316.69,678.37,257796.8,163987.28,93809.51999999999,0,3,C2 - First-Time Buyers,3
C0721,Individual,Julia,Jordan,1999-03-07,F,Usa,Florida,Home,4,No,Website,395,379,404,417,405,27,4,291803.0,1167212.02,939.49,468906.08,131473.18,337432.9,0,3,C2 - First-Time Buyers,3
C0722,Individual,Carol,Sanders,1943-09-11,F,Usa,Texas,Home,1,No,Website,395,379,404,417,405,82,3,312034.68,936104.05,1033.48,428259.32,245566.63,182692.69,0,3,C2 - First-Time Buyers,3
C0723,Individual,Ann,Hansen,1999-04-19,F,Germany,North Rhine-Westphalia,Home,3,Yes,Website,395,379,404,417,405,27,3,518014.6,1554043.79,1671.77,641498.15,441706.47,199791.68000000005,1,2,C1 - Global Investors,1
C0724,Individual,Samuel,Howard,1960-09-27,M,Usa,Arizona,Investment,4,Yes,Agency,395,379,404,417,405,65,4,391198.82,1564795.28,1255.13,595879.26,166487.84,429391.42000000004,1,2,C1 - Global Investors,2
C0725,Individual,Katherine,Jones,1983-07-03,F,Usa,New York,Home,3,No,Website,395,379,404,417,405,42,3,519259.84,1557779.53,1733.68,566513.0,480390.25,86122.75,1,2,C1 - Global Investors,2
C0726,Individual,Melissa,Harris,1977-01-25,F,Usa,Georgia,Home,4,No,Website,395,379,404,417,405,49,4,263851.54,1055406.17,901.24,377502.89,163367.5,214135.39,0,3,C2 - First-Time Buyers,3
C0727,Individual,Ronald,Bell,1941-08-24,M,Usa,California,Investment,3,Yes,Client,395,379,404,417,405,84,4,481054.56,1924218.25,1425.77,675285.62,235978.85,439306.77,1,2,C1 - Global Investors,3
C0728,Individual,Jason,Jones,1971-07-23,M,Usa,California,Home,3,Yes,Agency,395,379,404,417,405,54,3,298682.14,896046.43,934.87,421724.13,205316.4,216407.73,0,3,C2 - First-Time Buyers,3
C0729,Individual,Raymond,Long,1944-01-04,M,Usa,Washington,Investment,3,Yes,Agency,395,379,404,417,405,82,3,366859.47,1100578.42,1280.28,489878.14,212131.44,277746.7,0,3,C2 - First-Time Buyers,3
C0730,Individual,Gregory,Baker,1988-05-09,M,Usa,California,Investment,4,No,Website,395,379,404,417,405,38,3,465153.51,1395460.54,1435.66,629261.99,256720.02,372541.97,1,2,C1 - Global Investors,2
C0731,Individual,Larry,Harris,2000-10-18,M,Usa,California,Home,5,No,Agency,395,379,404,417,405,25,4,540968.34,2163873.35,1699.37,579753.4,493329.54,86423.86000000004,1,2,C1 - Global Investors,2
C0732,Individual,Justin,Peterson,1985-03-03,M,Usa,Oregon,Home,5,No,Website,395,379,404,417,405,41,4,440900.62,1763602.47,1454.35,561731.1,316603.14,245127.95999999996,1,2,C1 - Global Investors,2
C0733,Individual,Susan,White,1976-01-03,F,Usa,Nevada,Home,5,No,Agency,395,379,404,417,405,50,3,536826.7,1610480.1,1609.03,622128.29,424125.21,198003.08000000002,1,2,C1 - Global Investors,2
C0734,Individual,Danielle,Ward,1981-06-27,F,Usa,Virginia,Investment,5,Yes,Client,395,379,404,417,405,44,3,298191.07,894573.22,1077.33,455010.72,201555.86,253454.86,0,3,C2 - First-Time Buyers,3
C0735,Individual,Matthew,Long,1994-08-10,M,Germany,Hesse,Investment,4,No,Website,395,379,404,417,405,31,3,360890.17,1082670.51,1129.18,470123.96,210611.2,259512.76,0,3,C2 - First-Time Buyers,1
C0736,Individual,Jordan,Campbell,1942-06-13,M,Usa,Utah,Investment,3,No,Agency,395,379,404,417,405,83,3,320553.48,961660.45,1049.51,476537.31,215529.32,261007.99,0,3,C2 - First-Time Buyers,3
C0737,Individual,Harold,Harris,1978-08-15,M,Usa,California,Investment,3,No,Agency,395,379,404,417,405,47,3,423765.14,1271295.42,1435.66,517724.81,262773.49,254951.32,1,2,C1 - Global Investors,2
C0738,Individual,Jose,White,1980-09-21,M,Usa,Texas,Home,5,No,Website,395,379,404,417,405,45,4,304294.87,1217179.49,955.76,464608.3,169224.66,295383.64,0,3,C2 - First-Time Buyers,3
C0739,Individual,Albert,Turner,1965-03-16,M,Usa,California,Home,2,No,Agency,395,379,404,417,405,61,4,309978.87,1239915.48,1096.12,442471.98,194671.4,247800.58,0,3,C2 - First-Time Buyers,3
C0740,Individual,Julia,Bell,1966-12-08,F,Usa,Utah,Investment,1,No,Client,395,379,404,417,405,59,3,383361.57,1150084.72,1176.24,580909.55,258574.46,322335.0900000001,0,3,C2 - First-Time Buyers,3
C0741,Individual,Sandra,Stone,1962-08-11,F,Usa,California,Home,2,No,Website,395,379,404,417,405,63,3,269366.77,808100.3,952.07,318066.48,241777.75,76288.72999999998,0,3,C2 - First-Time Buyers,3
C0742,Individual,Bryan,Howard,1980-08-21,M,Uk,Wales,Home,1,Yes,Website,395,379,404,417,405,45,3,314360.81,943082.42,1078.79,424586.91,142151.84,282435.06999999995,0,1,C4 - Luxury Investors,1
C0743,Individual,Joshua,Allen,1972-09-10,M,Usa,Oregon,Investment,4,Yes,Website,395,379,404,417,405,53,3,324569.1,973707.31,1145.47,437490.2,197503.46,239986.74000000002,0,3,C2 - First-Time Buyers,3
C0744,Individual,Helen,Morales,1950-11-10,F,Usa,Virginia,Home,1,No,Website,395,379,404,417,405,75,3,315797.9,947393.7,939.33,425904.8,228194.83,197709.97,0,3,C2 - First-Time Buyers,3
C0745,Individual,Emily,Collins,1997-06-18,F,Usa,California,Investment,5,No,Website,395,379,404,417,405,28,4,284306.53,1137226.12,940.48,457379.31,145614.58,311764.73,0,3,C2 - First-Time Buyers,3
C0746,Individual,Gary,Reyes,1956-10-13,M,Uk,Scotland,Home,4,No,Website,395,379,404,417,405,69,4,371260.36,1485041.45,1120.62,474858.86,185140.26,289718.6,1,1,C4 - Luxury Investors,1
C0747,Individual,George,Patterson,1992-04-18,M,Usa,Florida,Home,4,Yes,Website,395,379,404,417,405,34,3,440380.78,1321142.35,1435.66,565444.67,239629.75,325814.92000000004,1,2,C1 - Global Investors,2
C0748,Company,Vantage,Co,1974-03-05,F,Usa,California,Home,1,Yes,Client,395,379,404,417,405,52,3,396245.41,1188736.23,1332.34,484844.4,259885.32,224959.08000000002,0,3,C2 - First-Time Buyers,3
C0749,Individual,Dorothy,Anderson,1992-11-26,F,Usa,New York,Home,5,No,Agency,395,379,404,417,405,33,3,390294.64,1170883.93,1258.69,526465.62,243877.45,282588.17,0,3,C2 - First-Time Buyers,3
C0750,Individual,Janice,Price,1976-06-08,F,Usa,Nevada,Investment,1,No,Agency,395,379,404,417,405,49,3,295898.93,887696.78,964.27,533052.17,149645.32,383406.85000000003,0,3,C2 - First-Time Buyers,3
C0751,Individual,Keith,Parker,1974-09-19,M,Usa,California,Home,5,No,Client,395,379,404,417,405,51,4,263987.24,1055948.97,967.0,335648.24,177452.66,158195.58,0,3,C2 - First-Time Buyers,3
C0752,Individual,Lisa,Young,1954-12-17,F,Belgium,Brussels,Investment,3,No,Agency,395,379,404,417,405,71,4,209053.56,836214.24,725.42,237539.69,177998.09,59541.600000000006,0,3,C2 - First-Time Buyers,1
C0753,Individual,Nicholas,Patterson,1960-12-22,M,Germany,Hamburg,Home,5,No,Website,395,379,404,417,405,65,4,263275.58,1053102.32,868.57,360664.73,190314.12,170350.61,0,3,C2 - First-Time Buyers,1
C0754,Individual,Teresa,Johnson,1970-08-17,F,Usa,Arizona,Investment,3,No,Website,395,379,404,417,405,55,4,325002.39,1300009.56,1037.42,370723.42,269296.29,101427.13,1,2,C1 - Global Investors,2
C0755,Company,Celera,Co,1967-12-23,F,Usa,California,Home,5,No,Website,395,379,404,417,405,58,3,346999.08,1040997.25,1286.48,348797.92,345419.11,3378.8099999999977,0,3,C2 - First-Time Buyers,3
C0756,Individual,Jessica,Patterson,1963-03-19,F,Usa,Utah,Home,5,Yes,Website,395,379,404,417,405,63,3,261922.7,785768.09,934.87,349788.42,145680.6,204107.81999999998,0,3,C2 - First-Time Buyers,3
C0757,Individual,Keith,Taylor,1946-05-09,M,Usa,Oregon,Home,3,Yes,Website,395,379,404,417,405,80,4,348172.53,1392690.12,1053.27,566678.96,222102.75,344576.20999999996,1,2,C1 - Global Investors,2
C0758,Individual,Joe,Allen,1958-08-12,M,Usa,California,Investment,2,No,Website,395,379,404,417,405,67,4,283797.29,1135189.16,928.18,453645.31,170058.93,283586.38,0,3,C2 - First-Time Buyers,3
C0759,Individual,Samuel,Anderson,1991-10-27,M,Usa,Florida,Home,4,No,Website,395,379,404,417,405,34,3,442600.44,1327801.32,1451.54,605700.56,218992.09,386708.4700000001,1,2,C1 - Global Investors,2
C0760,Individual,Amanda,Adams,1964-12-27,F,Usa,California,Investment,3,No,Website,395,379,404,417,405,61,4,322002.05,1288008.21,1133.69,520039.4,199623.02,320416.38,1,2,C1 - Global Investors,2
C0761,Individual,Joyce,Patterson,1981-08-24,F,Belgium,Flanders,Home,2,No,Agency,395,379,404,417,405,44,4,346987.02,1387948.07,1134.42,575218.75,193159.98,382058.77,1,2,C1 - Global Investors,1
C0762,Individual,Anna,Young,1967-07-01,F,Usa,Ohio,Home,4,No,Website,395,379,404,417,405,58,4,364046.33,1456185.33,1313.38,485326.73,138735.2,346591.52999999997,1,2,C1 - Global Investors,2
C0763,Company,Summit,Co,1971-07-18,F,Usa,Georgia,Home,3,No,Agency,395,379,404,417,405,54,3,345593.99,1036781.97,1152.6,394871.49,278334.73,116536.76000000001,0,3,C2 - First-Time Buyers,3
C0764,Individual,Debra,Parker,1983-02-09,F,Uk,Northern Ireland,Investment,4,No,Client,395,379,404,417,405,43,4,417656.18,1670624.74,1441.66,596267.69,249430.34,346837.35,1,1,C4 - Luxury Investors,1
C0765,Individual,Joe,Green,1967-06-22,M,France,Brittany,Home,3,No,Website,395,379,404,417,405,58,4,379104.57,1516418.29,1260.06,556439.7,195020.26,361419.43999999994,1,0,C3 - Corporate Buyers,1
C0766,Individual,Robert,Bennett,1994-09-04,M,Germany,North Rhine-Westphalia,Home,3,Yes,Client,395,379,404,417,405,31,4,400469.04,1601876.14,1286.27,587630.43,197536.31,390094.12000000005,1,2,C1 - Global Investors,1
C0767,Individual,David,Brown,1961-02-02,M,Canada,British Columbia,Investment,2,No,Agency,395,379,404,417,405,65,4,350983.12,1403932.48,1242.08,485150.67,200706.98,284443.68999999994,1,2,C1 - Global Investors,0
C0768,Individual,Matthew,Weaver,1992-07-22,M,Denmark,Southern Denmark,Investment,5,Yes,Website,395,379,404,417,405,33,3,349375.82,1048127.47,1163.89,527746.08,240529.29,287216.7899999999,0,3,C2 - First-Time Buyers,1
C0769,Individual,Nicole,Long,1958-02-21,F,Usa,Ohio,Home,4,No,Agency,395,379,404,417,405,68,3,225202.6,675607.79,753.31,324271.22,155277.3,168993.91999999998,0,3,C2 - First-Time Buyers,3
C0770,Individual,Shirley,Hall,1951-02-09,F,Russia,Krasnodar Krai,Home,4,No,Website,395,379,404,417,405,75,3,328199.58,984598.73,1104.51,535533.08,140749.68,394783.39999999997,0,3,C2 - First-Time Buyers,1
C0771,Company,Quasar,Co,1984-06-09,M,Usa,California,Home,1,No,Website,395,379,404,417,405,41,4,464249.27,1856997.08,1408.33,728976.07,337560.83,391415.23999999993,1,2,C1 - Global Investors,3
C0772,Individual,Ethan,White,1991-09-25,M,Usa,California,Investment,1,No,Client,395,379,404,417,405,34,3,303721.51,911164.52,1038.2,332253.48,250072.13,82181.34999999998,0,3,C2 - First-Time Buyers,3
C0773,Individual,Christopher,Taylor,1964-12-09,M,Russia,Saint Petersburg,Home,1,No,Website,395,379,404,417,405,61,4,362866.36,1451465.46,1153.08,514489.27,222919.3,291569.97000000003,1,2,C1 - Global Investors,1
C0774,Individual,David,Wood,1983-03-23,M,Usa,Georgia,Home,5,Yes,Agency,395,379,404,417,405,43,3,333264.23,999792.68,1144.8,564194.97,194717.01,369477.95999999996,0,3,C2 - First-Time Buyers,3
C0775,Individual,Andrea,Reyes,1975-12-25,F,Usa,Arizona,Home,1,No,Agency,395,379,404,417,405,50,4,260902.09,1043608.37,900.39,368476.78,127025.78,241451.00000000003,0,3,C2 - First-Time Buyers,3
C0776,Individual,Ashley,Morales,1966-06-11,F,Germany,Bavaria,Home,4,Yes,Agency,395,379,404,417,405,59,3,304821.78,914465.33,980.87,382528.88,235584.51,146944.37,0,3,C2 - First-Time Buyers,1
C0777,Company,Meridian,Co,1982-05-15,M,Usa,Arizona,Home,1,No,Client,395,379,404,417,405,44,3,376919.8,1130759.41,1313.16,459850.51,244250.08,215600.43000000002,0,3,C2 - First-Time Buyers,3
C0778,Individual,George,Pierce,1998-07-22,M,Usa,California,Investment,4,Yes,Agency,395,379,404,417,405,27,4,411730.48,1646921.92,1334.88,601818.29,321109.42,280708.87000000005,1,2,C1 - Global Investors,2
C0779,Individual,Lisa,Hughes,1953-04-05,F,Usa,California,Home,5,Yes,Agency,395,379,404,417,405,73,3,407319.04,1221957.12,1325.08,499912.08,254226.38,245685.7,0,3,C2 - First-Time Buyers,3
C0780,Individual,Martha,Hansen,1947-08-01,F,Usa,California,Home,3,No,Website,395,379,404,417,405,78,3,236253.9,708761.69,849.64,337660.44,178108.71,159551.73,0,3,C2 - First-Time Buyers,3
C0781,Individual,Gerald,Sanders,1940-11-28,M,Usa,California,Investment,5,Yes,Website,395,379,404,417,405,85,4,295301.67,1181206.69,1030.64,356949.82,159563.73,197386.09,0,3,C2 - First-Time Buyers,3
C0782,Individual,Ethan,Williams,1970-10-02,M,Usa,Utah,Investment,2,Yes,Website,395,379,404,417,405,55,4,291659.54,1166638.16,905.04,500885.96,189501.07,311384.89,0,3,C2 - First-Time Buyers,3
C0783,Individual,Betty,Sanders,1961-03-27,F,Canada,Alberta,Home,1,Yes,Agency,395,379,404,417,405,65,3,343824.12,1031472.36,1156.56,437818.55,256455.73,181362.81999999998,0,3,C2 - First-Time Buyers,0
C0784,Individual,Charles,Baker,1973-06-26,M,Mexico,Baja California,Investment,4,No,Website,395,379,404,417,405,52,3,390838.22,1172514.65,1356.75,509668.52,209904.27,299764.25,0,3,C2 - First-Time Buyers,0
C0785,Company,Rexon,Co,1971-03-27,F,Usa,California,Home,2,No,Website,395,379,404,417,405,55,4,261778.12,1047112.48,860.93,431877.48,167859.82,264017.66,0,3,C2 - First-Time Buyers,3
C0786,Individual,Sarah,Martin,1983-03-25,F,Usa,California,Investment,3,No,Website,395,379,404,417,405,43,3,221265.79,663797.37,724.09,316398.13,134678.51,181719.62,0,3,C2 - First-Time Buyers,3
C0787,Individual,Andrew,Jackson,1950-11-20,M,Usa,Washington,Home,1,No,Website,395,379,404,417,405,75,3,468649.22,1405947.66,1527.86,528186.67,353988.11,174198.56000000006,1,2,C1 - Global Investors,2
C0788,Individual,Matthew,Stone,1944-05-14,M,France,Brittany,Investment,4,No,Website,395,379,404,417,405,82,4,449861.75,1799447.01,1482.59,599896.96,240374.88,359522.07999999996,1,0,C3 - Corporate Buyers,1
C0789,Individual,Madison,Price,1974-04-06,F,Canada,Ontario,Investment,1,No,Website,395,379,404,417,405,52,3,375090.53,1125271.6,1228.91,491362.13,184184.3,307177.83,0,3,C2 - First-Time Buyers,0
C0790,Individual,Brandon,Cooper,1974-01-18,M,Usa,California,Home,5,Yes,Agency,395,379,404,417,405,52,4,380360.22,1521440.86,1227.17,629276.73,159063.45,470213.27999999997,1,2,C1 - Global Investors,2
C0791,Individual,Walter,Adams,1983-01-07,M,Usa,Texas,Home,4,No,Website,395,379,404,417,405,43,4,356116.45,1424465.81,1159.97,386702.48,325758.94,60943.53999999998,1,2,C1 - Global Investors,2
C0792,Individual,Joseph,Richardson,1982-04-14,M,Usa,California,Investment,4,Yes,Website,395,379,404,417,405,44,4,389994.96,1559979.82,1219.85,542607.18,215511.14,327096.04000000004,1,2,C1 - Global Investors,2
C0793,Individual,Kevin,Brown,1969-09-04,M,Usa,New York,Home,4,No,Agency,395,379,404,417,405,56,4,311308.59,1245234.35,1048.44,545577.55,169982.66,375594.89,0,3,C2 - First-Time Buyers,3
C0794,Individual,Gregory,Mitchell,1951-02-11,M,Usa,California,Home,4,Yes,Website,395,379,404,417,405,75,3,373496.26,1120488.77,1308.51,453748.83,218027.25,235721.58000000002,0,3,C2 - First-Time Buyers,3
C0795,Individual,Harold,Murray,1969-01-14,M,Usa,California,Investment,4,Yes,Website,395,379,404,417,405,57,3,390289.7,1170869.09,1169.05,601201.34,265630.46,335570.87999999995,0,3,C2 - First-Time Buyers,3
C0796,Individual,Stephanie,Ward,1983-04-11,F,Usa,California,Investment,5,Yes,Website,395,379,404,417,405,43,3,186532.18,559596.54,607.45,201976.86,164671.95,37304.909999999974,0,3,C2 - First-Time Buyers,3
C0797,Individual,Joan,Gray,1990-06-08,F,Usa,Oregon,Home,5,Yes,Agency,395,379,404,417,405,35,3,293726.43,881179.3,851.87,475185.8,156338.43,318847.37,0,3,C2 - First-Time Buyers,3
C0798,Company,Novex,Co,1965-10-21,M,Usa,Nevada,Home,4,Yes,Agency,395,379,404,417,405,60,4,246816.87,987267.48,840.87,353070.7,161786.97,191283.73,0,3,C2 - First-Time Buyers,3
C0799,Individual,Pamela,Johnson,1954-07-24,F,Usa,California,Home,4,No,Website,395,379,404,417,405,71,4,277233.96,1108935.86,972.24,350745.37,157057.02,193688.35,0,3,C2 - First-Time Buyers,3
C0800,Individual,Lawrence,Smith,1974-01-02,M,Usa,Virginia,Investment,5,Yes,Website,395,379,404,417,405,52,3,327857.73,983573.18,1151.55,543292.36,200730.58,342561.78,0,3,C2 - First-Time Buyers,3
C0801,Individual,Betty,Price,1969-04-03,F,Usa,Washington,Home,4,Yes,Website,395,379,404,417,405,57,3,453904.1,1361712.3,1435.66,571066.07,270084.21,300981.8599999999,1,2,C1 - Global Investors,2
C0802,Individual,Matthew,Williams,1970-11-10,M,Usa,Virginia,Home,5,No,Agency,395,379,404,417,405,55,3,358160.27,1074480.81,1217.58,494631.27,259568.71,235062.56000000003,0,3,C2 - First-Time Buyers,3
C0803,Individual,Evelyn,Moore,1945-12-13,F,Usa,Texas,Home,4,No,Agency,395,379,404,417,405,80,4,385704.88,1542819.53,1329.59,595397.77,203161.94,392235.83,1,2,C1 - Global Investors,2
C0804,Individual,Tyler,Cook,1967-01-10,M,Usa,Washington,Home,5,No,Agency,395,379,404,417,405,59,3,407918.64,1223755.92,1464.85,563216.05,296079.64,267136.41000000003,0,3,C2 - First-Time Buyers,3
C0805,Individual,Albert,Cook,1953-01-17,M,Germany,Berlin,Home,1,Yes,Website,395,379,404,417,405,73,3,313654.91,940964.73,995.51,378804.75,271393.18,107411.57,0,3,C2 - First-Time Buyers,1
C0806,Individual,Jack,Richardson,1989-11-18,M,France,Ile-De-France,Home,5,No,Client,395,379,404,417,405,36,4,371292.07,1485168.27,1220.42,543193.6,214742.16,328451.43999999994,1,0,C3 - Corporate Buyers,1
C0807,Individual,Amy,Chavez,1993-11-16,F,Mexico,Mexico City,Investment,5,No,Website,395,379,404,417,405,32,4,408854.98,1635419.92,1412.38,548576.41,221107.63,327468.78,1,2,C1 - Global Investors,0
C0808,Individual,Gregory,Ward,1943-05-17,M,Germany,Berlin,Home,3,Yes,Website,395,379,404,417,405,83,3,295052.72,885158.15,1003.31,385179.19,204975.53,180203.66,0,3,C2 - First-Time Buyers,1
C0809,Individual,Hannah,Alexander,1967-02-16,F,France,Occitanie,Home,5,Yes,Agency,395,379,404,417,405,59,3,462039.4,1386118.19,1464.85,619032.93,338565.22,280467.7100000001,1,0,C3 - Corporate Buyers,1
C0810,Individual,Ronald,Sanders,1995-02-13,M,Usa,California,Home,1,Yes,Website,395,379,404,417,405,31,3,307532.53,922597.58,915.64,415564.76,177362.74,238202.02000000002,0,3,C2 - First-Time Buyers,3
C0811,Individual,Carl,Allen,1945-04-17,M,Uk,Wales,Home,3,No,Agency,395,379,404,417,405,81,3,505067.02,1515201.05,1471.9,531362.61,485182.7,46179.909999999974,1,1,C4 - Luxury Investors,1
C0812,Individual,Harold,Cooper,1974-08-24,M,Uk,Northern Ireland,Home,3,Yes,Website,395,379,404,417,405,51,4,360806.0,1443224.01,1248.58,529272.37,118609.39,410662.98,1,1,C4 - Luxury Investors,1
C0813,Individual,Gerald,Cook,1974-10-11,M,Uk,Scotland,Investment,3,No,Agency,395,379,404,417,405,51,4,328506.13,1314024.52,1099.49,453762.41,185709.66,268052.75,1,1,C4 - Luxury Investors,1
C0814,Individual,Joan,Stewart,1964-03-26,F,Usa,California,Home,2,No,Website,395,379,404,417,405,62,3,224787.91,674363.74,706.73,245279.18,203491.65,41787.53,0,3,C2 - First-Time Buyers,3
C0815,Company,Horizon,Co,1965-11-06,F,Usa,Nevada,Home,4,Yes,Agency,395,379,404,417,405,60,3,320791.55,962374.65,1205.96,376063.41,282046.7,94016.70999999996,0,3,C2 - First-Time Buyers,3
C0816,Individual,Deborah,Wright,1947-12-23,F,Germany,Hamburg,Home,2,Yes,Website,395,379,404,417,405,78,3,334363.62,1003090.85,1151.55,530119.92,210487.89,319632.03,0,3,C2 - First-Time Buyers,1
C0817,Individual,Grace,Thompson,1972-05-12,F,Usa,California,Investment,1,No,Website,395,379,404,417,405,54,3,446093.67,1338281.0,1448.82,487710.82,423036.11,64674.71000000002,1,2,C1 - Global Investors,2
C0818,Company,Sterling,Co,1991-09-08,F,Usa,Colorado,Home,2,No,Website,395,379,404,417,405,34,4,190110.84,760443.35,677.79,285509.27,133227.57,152281.7,0,3,C2 - First-Time Buyers,3
C0819,Individual,Jose,Bryant,1951-03-15,M,Usa,California,Home,5,No,Website,395,379,404,417,405,75,3,413126.09,1239378.27,1313.16,540445.52,222422.59,318022.93000000005,0,2,C1 - Global Investors,3
C0820,Individual,Judith,Collins,1940-10-22,F,Usa,Texas,Investment,4,No,Agency,395,379,404,417,405,85,3,306732.59,920197.78,976.28,497575.53,141290.15,356285.38,0,3,C2 - First-Time Buyers,3
C0821,Individual,Elizabeth,Moore,1957-09-04,F,Usa,California,Home,5,Yes,Agency,395,379,404,417,405,68,3,457071.09,1371213.26,1467.89,555202.09,351963.25,203238.83999999997,1,2,C1 - Global Investors,2
C0822,Individual,Jessica,Weaver,1959-04-19,F,Usa,California,Investment,3,Yes,Website,395,379,404,417,405,67,3,469210.1,1407630.29,1563.97,508753.3,398599.37,110153.93,1,2,C1 - Global Investors,2
C0823,Individual,Nancy,Hayes,1975-04-16,F,Usa,Oregon,Investment,5,Yes,Agency,395,379,404,417,405,51,4,430597.22,1722388.89,1338.9,589758.81,204725.07,385033.74000000005,1,2,C1 - Global Investors,2
C0824,Individual,Douglas,Cox,1976-06-01,M,Usa,California,Home,3,No,Agency,395,379,404,417,405,49,3,411459.62,1234378.85,1435.66,519209.27,250354.33,268854.94000000006,0,3,C2 - First-Time Buyers,3
C0825,Individual,Ruth,Hughes,1982-03-26,F,Mexico,Nuevo Leon,Home,4,Yes,Agency,395,379,404,417,405,44,4,311549.5,1246198.0,1075.05,507522.85,210587.3,296935.55,0,3,C2 - First-Time Buyers,0
C0826,Individual,Jason,Stewart,1970-09-11,M,Usa,Ohio,Investment,4,Yes,Website,395,379,404,417,405,55,4,313816.46,1255265.82,996.19,623819.92,198662.43,425157.49000000005,0,3,C2 - First-Time Buyers,3
C0827,Individual,Ruth,Wright,1965-08-23,F,Usa,Washington,Home,2,Yes,Website,395,379,404,417,405,60,4,294116.94,1176467.77,1025.32,557463.33,198802.46,358660.87,0,3,C2 - First-Time Buyers,3
C0828,Individual,Elizabeth,Stewart,1947-10-10,F,Usa,Arizona,Investment,4,Yes,Website,395,379,404,417,405,78,4,328393.55,1313574.2,1122.09,500403.51,189843.92,310559.58999999997,1,2,C1 - Global Investors,2
C0829,Individual,Jonathan,Stewart,1960-11-16,M,Usa,Utah,Investment,3,No,Website,395,379,404,417,405,65,4,324211.05,1296844.19,1102.08,444270.56,167067.76,277202.8,1,2,C1 - Global Investors,2
C0830,Individual,William,Martin,1952-05-16,M,Usa,Oregon,Investment,3,No,Agency,395,379,404,417,405,74,4,379699.67,1518798.69,1169.62,480172.84,281233.4,198939.44,1,2,C1 - Global Investors,2
C0831,Individual,Judith,Martin,1977-09-24,F,Usa,California,Home,2,No,Website,395,379,404,417,405,48,3,303177.49,909532.47,979.09,393983.06,239720.69,154262.37,0,3,C2 - First-Time Buyers,3
C0832,Individual,Dorothy,Ward,1990-01-09,F,Usa,Nevada,Investment,3,Yes,Website,395,379,404,417,405,36,3,430247.33,1290741.99,1336.61,561351.99,272945.8,288406.19,1,2,C1 - Global Investors,2
C0833,Individual,Roger,Green,1951-11-06,M,Denmark,Southern Denmark,Home,5,No,Website,395,379,404,417,405,74,3,474162.2,1422486.61,1623.3,504262.01,415531.04,88730.97000000003,1,2,C1 - Global Investors,1
C0834,Individual,Helen,Parker,1957-12-23,F,Usa,California,Home,5,No,Website,395,379,404,417,405,68,4,346165.14,1384660.54,1073.9,428653.51,240523.77,188129.74000000002,1,2,C1 - Global Investors,2
C0835,Individual,Maria,Foster,1974-06-06,F,Usa,California,Home,5,Yes,Website,395,379,404,417,405,51,4,289829.42,1159317.69,941.61,498858.03,182644.63,316213.4,0,3,C2 - First-Time Buyers,3
C0836,Individual,Adam,Sanders,1942-02-04,M,Usa,Ohio,Home,4,No,Website,395,379,404,417,405,84,3,426905.1,1280715.29,1493.24,499955.33,339531.13,160424.2,1,2,C1 - Global Investors,2
C0837,Individual,Peter,Montgomery,1967-06-06,M,France,Brittany,Home,1,No,Website,395,379,404,417,405,58,4,353861.43,1415445.71,1253.31,484359.77,205786.97,278572.80000000005,1,0,C3 - Corporate Buyers,1
C0838,Individual,Jacob,Morris,1992-04-05,M,Usa,Nevada,Investment,1,Yes,Website,395,379,404,417,405,34,3,279201.43,837604.3,853.81,345031.43,238462.47,106568.95999999999,0,3,C2 - First-Time Buyers,3
C0839,Individual,Elizabeth,Baker,1994-01-26,F,Uk,England,Home,5,Yes,Agency,395,379,404,417,405,32,3,374655.9,1123967.69,1308.51,531903.04,196645.59,335257.45000000007,0,1,C4 - Luxury Investors,1
C0840,Individual,Elizabeth,Wilson,1981-11-01,F,Belgium,Brussels,Home,1,No,Website,395,379,404,417,405,44,4,377088.06,1508352.25,1329.59,565118.87,208475.27,356643.6,1,2,C1 - Global Investors,1
C0841,Individual,Timothy,Cooper,1999-02-05,M,Belgium,Wallonia,Home,5,No,Website,395,379,404,417,405,27,4,336204.02,1344816.1,1167.1,443394.23,275527.07,167867.15999999997,1,2,C1 - Global Investors,1
C0842,Individual,Keith,Morales,1996-02-27,M,Usa,Washington,Home,5,Yes,Client,395,379,404,417,405,30,4,270619.45,1082477.82,928.74,507216.3,155758.36,351457.94,0,3,C2 - First-Time Buyers,3
C0843,Individual,Amanda,Hansen,2000-12-04,F,Usa,Georgia,Home,4,No,Agency,395,379,404,417,405,25,3,459042.46,1377127.37,1500.72,508725.94,391496.99,117228.95000000001,1,2,C1 - Global Investors,2
C0844,Individual,Margaret,Scott,1947-06-13,F,Usa,California,Home,2,No,Website,395,379,404,417,405,78,4,340800.49,1363201.96,1187.89,510261.37,161600.76,348660.61,1,2,C1 - Global Investors,2
C0845,Individual,Ashley,Long,1993-09-05,F,Usa,Washington,Home,3,No,Client,395,379,404,417,405,32,3,451756.72,1355270.16,1471.45,541412.0,387519.48,153892.52000000002,1,2,C1 - Global Investors,3
C0846,Individual,Martha,Harris,1976-05-15,F,Canada,Quebec,Investment,3,No,Agency,395,379,404,417,405,50,3,356344.59,1069033.77,1135.52,579072.02,177591.32,401480.7,0,3,C2 - First-Time Buyers,0
C0847,Individual,Nicole,James,1988-02-27,F,Usa,Utah,Home,2,Yes,Agency,395,379,404,417,405,38,4,314691.36,1258765.46,1011.59,480678.5,183562.93,297115.57,0,3,C2 - First-Time Buyers,3
C0848,Individual,Aaron,Hughes,1967-11-22,M,Usa,California,Home,4,No,Agency,395,379,404,417,405,58,4,341697.08,1366788.33,1184.95,546910.59,204867.41,342043.17999999993,1,2,C1 - Global Investors,2
C0849,Individual,Brian,Wilson,1977-04-11,M,Usa,Oregon,Home,1,Yes,Website,395,379,404,417,405,49,4,315732.91,1262931.66,995.03,539249.94,153351.4,385898.5399999999,1,2,C1 - Global Investors,2
C0850,Individual,Judy,Stone,1983-11-13,F,Usa,Colorado,Investment,5,No,Agency,395,379,404,417,405,42,3,176144.16,528432.48,610.62,229915.53,128315.89,101599.64,0,3,C2 - First-Time Buyers,3
C0851,Individual,Kyle,White,1993-05-16,M,Usa,California,Investment,2,Yes,Website,395,379,404,417,405,33,4,370739.47,1482957.88,1259.95,492001.45,221160.83,270840.62,1,2,C1 - Global Investors,2
C0852,Individual,Carl,Brown,1989-07-20,M,Germany,North Rhine-Westphalia,Home,2,No,Agency,395,379,404,417,405,36,4,342114.59,1368458.37,1222.37,430669.69,250208.08,180461.61000000002,1,2,C1 - Global Investors,1
C0853,Individual,Gerald,Bryant,1950-08-07,M,Usa,Utah,Home,4,No,Website,395,379,404,417,405,75,4,323390.56,1293562.22,1092.08,431452.51,207709.77,223742.74000000002,1,2,C1 - Global Investors,2
C0854,Individual,David,Reyes,1944-02-13,M,Usa,California,Home,4,No,Website,395,379,404,417,405,82,3,473010.54,1419031.61,1454.41,622276.58,365713.38,256563.19999999995,1,2,C1 - Global Investors,2
C0855,Individual,Amanda,Foster,1973-03-10,F,Australia,Queensland,Home,4,No,Website,395,379,404,417,405,53,4,299675.54,1198702.15,1114.21,439175.81,165789.26,273386.55,0,3,C2 - First-Time Buyers,0
C0856,Individual,Janice,Chavez,1964-08-16,F,Usa,Florida,Home,5,Yes,Website,395,379,404,417,405,61,4,391377.25,1565508.99,1226.18,557814.29,214023.32,343790.97000000003,1,2,C1 - Global Investors,2
C0857,Individual,Danielle,Ward,1951-05-11,F,Usa,California,Investment,1,Yes,Website,395,379,404,417,405,75,4,357766.14,1431064.56,1146.28,532766.89,176063.64,356703.25,1,2,C1 - Global Investors,2
C0858,Individual,Samuel,Howard,1994-07-12,M,Usa,Nevada,Home,1,No,Website,395,379,404,417,405,31,3,324050.2,972150.6,1156.56,377504.51,288890.05,88614.46000000002,0,3,C2 - First-Time Buyers,3
C0859,Individual,Megan,Anderson,1942-12-03,F,Usa,California,Home,2,Yes,Agency,395,379,404,417,405,83,4,360155.97,1440623.89,1154.1,641122.99,226404.55,414718.44,1,2,C1 - Global Investors,2
C0860,Individual,Virginia,Morales,1968-07-09,F,Usa,Utah,Home,5,Yes,Website,395,379,404,417,405,57,4,340644.96,1362579.84,1148.03,491343.75,144623.04,346720.70999999996,1,2,C1 - Global Investors,2
C0861,Individual,Christine,Peterson,1994-08-04,F,France,Brittany,Investment,2,No,Agency,395,379,404,417,405,31,3,509153.52,1527460.57,1635.62,530773.97,495697.84,35076.12999999995,1,0,C3 - Corporate Buyers,1
C0862,Individual,Amanda,Jordan,1981-06-14,F,Usa,Colorado,Investment,1,No,Website,395,379,404,417,405,44,3,451473.97,1354421.91,1527.86,605272.25,304246.71,301025.54,1,2,C1 - Global Investors,2
C0863,Individual,Brandon,Peterson,1975-04-20,M,Belgium,Wallonia,Home,5,Yes,Agency,395,379,404,417,405,51,4,276936.24,1107744.96,984.65,331782.88,149722.3,182060.58000000002,0,3,C2 - First-Time Buyers,1
C0864,Individual,Noah,Kim,1970-07-07,M,Usa,Texas,Home,3,No,Website,395,379,404,417,405,55,3,361849.34,1085548.02,1156.56,436782.69,304737.72,132044.97000000003,0,3,C2 - First-Time Buyers,3
C0865,Individual,Rebecca,Gray,1975-05-20,F,Usa,Colorado,Investment,5,Yes,Website,395,379,404,417,405,51,4,317014.78,1268059.13,1008.4,590633.76,194986.69,395647.07,1,2,C1 - Global Investors,2
C0866,Individual,Lawrence,Bryant,1987-11-27,M,Belgium,Brussels,Home,3,No,Agency,395,379,404,417,405,38,4,332928.27,1331713.08,1148.03,467860.91,163915.34,303945.56999999995,1,2,C1 - Global Investors,1
C0867,Individual,Julia,Davis,1967-04-12,F,Usa,California,Home,2,No,Agency,395,379,404,417,405,59,3,342915.77,1028747.3,1146.26,434559.42,280183.26,154376.15999999997,0,3,C2 - First-Time Buyers,3
C0868,Individual,Victoria,Rogers,1945-02-21,F,Usa,Florida,Home,3,Yes,Agency,395,379,404,417,405,81,3,329070.39,987211.17,1049.38,390539.15,269363.17,121175.98000000004,0,3,C2 - First-Time Buyers,3
C0869,Individual,Jose,Roberts,1993-03-07,M,Usa,California,Home,4,No,Agency,395,379,404,417,405,33,3,286269.04,858807.13,1012.96,338104.13,223045.28,115058.85,0,3,C2 - First-Time Buyers,3
C0870,Company,Harmon,Co,1966-09-01,F,Uk,Northern Ireland,Home,2,Yes,Website,395,379,404,417,405,59,4,274475.56,1097902.26,909.98,384011.41,174861.74,209149.66999999998,0,1,C4 - Luxury Investors,1
C0871,Individual,Pamela,Pierce,1989-11-28,F,Usa,Virginia,Home,1,Yes,Website,395,379,404,417,405,36,4,484962.13,1939848.53,1524.27,612113.6,223349.45,388764.14999999997,1,2,C1 - Global Investors,2
C0872,Individual,Sarah,Bennett,1943-06-22,F,Uk,England,Home,4,No,Website,395,379,404,417,405,82,4,365580.1,1462320.39,1326.25,455019.48,224186.65,230832.83,1,1,C4 - Luxury Investors,1
C0873,Individual,Gerald,Murray,1940-09-09,M,Usa,New York,Home,2,No,Website,395,379,404,417,405,85,3,441925.93,1325777.78,1463.22,554502.82,309997.56,244505.25999999995,1,2,C1 - Global Investors,2
C0874,Individual,Debra,Murray,1953-07-26,F,Belgium,Flanders,Investment,2,No,Website,395,379,404,417,405,72,4,372572.28,1490289.11,1186.52,604547.34,221376.35,383170.99,1,2,C1 - Global Investors,1
C0875,Individual,Jeffrey,Evans,1972-07-09,M,Canada,Manitoba,Home,4,No,Website,395,379,404,417,405,53,3,436327.16,1308981.48,1370.55,551578.92,223047.2,328531.72000000003,1,2,C1 - Global Investors,0
C0876,Individual,Benjamin,Chavez,1973-08-22,M,Usa,California,Home,3,No,Client,395,379,404,417,405,52,3,291257.17,873771.52,971.19,349877.5,247342.01,102535.48999999999,0,3,C2 - First-Time Buyers,3
C0877,Individual,Jennifer,Weaver,1998-12-22,F,Usa,Utah,Investment,2,Yes,Agency,395,379,404,417,405,27,3,469216.8,1407650.4,1493.24,573266.03,359202.38,214063.65000000002,1,2,C1 - Global Investors,2
C0878,Individual,Ashley,Hansen,1945-04-28,F,Usa,Nevada,Home,4,Yes,Website,395,379,404,417,405,81,3,323556.72,970670.15,1008.13,532017.08,193069.04,338948.0399999999,0,3,C2 - First-Time Buyers,3
C0879,Individual,Brandon,Adams,1945-03-15,M,Uk,Northern Ireland,Home,4,Yes,Website,395,379,404,417,405,81,3,449707.11,1349121.32,1463.22,610364.02,332809.37,277554.65,1,1,C4 - Luxury Investors,1
C0880,Individual,Judith,Bennett,1941-06-23,F,Usa,New York,Home,2,No,Website,395,379,404,417,405,84,4,347500.66,1390002.64,1151.37,485278.06,229219.76,256058.3,1,2,C1 - Global Investors,2
C0881,Individual,Ruth,Weaver,1954-09-24,F,Usa,Colorado,Investment,1,No,Website,395,379,404,417,405,71,4,311830.3,1247321.2,1136.69,542053.98,191764.78,350289.19999999995,0,3,C2 - First-Time Buyers,3
C0882,Individual,Peter,Moore,2000-07-07,M,Uk,Wales,Home,3,No,Website,395,379,404,417,405,25,3,380942.71,1142828.14,1435.66,466293.15,213545.23,252747.92,0,1,C4 - Luxury Investors,1
C0883,Individual,Gerald,Thompson,1946-10-22,M,Usa,Texas,Home,4,No,Client,395,379,404,417,405,79,4,494814.57,1979258.27,1699.37,555330.51,395086.1,160244.41000000003,1,2,C1 - Global Investors,3
C0884,Individual,Joe,Reed,1949-05-07,M,Usa,Nevada,Home,2,No,Website,395,379,404,417,405,77,3,340565.83,1021697.5,1209.64,423868.45,261651.44,162217.01,0,3,C2 - First-Time Buyers,3
C0885,Individual,Michael,Williams,1941-09-21,M,Canada,British Columbia,Investment,2,Yes,Agency,395,379,404,417,405,84,3,513614.67,1540844.02,1671.77,661095.49,409549.01,251546.47999999998,1,2,C1 - Global Investors,0
C0886,Individual,Joseph,Brooks,1961-07-20,M,Usa,California,Home,3,Yes,Agency,395,379,404,417,405,64,3,269185.49,807556.47,941.21,441789.19,156613.99,285175.2,0,3,C2 - First-Time Buyers,3
C0887,Individual,Joan,Bryant,1993-04-23,F,Usa,California,Home,3,No,Agency,395,379,404,417,405,33,4,311821.77,1247287.09,1012.56,460816.43,174346.4,286470.03,0,3,C2 - First-Time Buyers,3
C0888,Individual,Sharon,Montgomery,1987-05-24,F,Germany,Berlin,Home,4,Yes,Website,395,379,404,417,405,38,4,276178.3,1104713.19,933.36,506626.34,162276.59,344349.75,0,3,C2 - First-Time Buyers,1
C0889,Individual,Scott,Campbell,1985-10-15,M,Usa,Nevada,Investment,4,Yes,Website,395,379,404,417,405,40,3,446450.2,1339350.59,1451.25,525586.98,355007.88,170579.09999999998,1,2,C1 - Global Investors,2
C0890,Individual,Julie,Nelson,1955-07-23,F,Usa,Virginia,Investment,3,Yes,Website,395,379,404,417,405,70,4,284598.57,1138394.29,922.66,480775.4,123583.21,357192.19,0,3,C2 - First-Time Buyers,3
C0891,Individual,Raymond,Roberts,1970-06-20,M,Germany,North Rhine-Westphalia,Investment,1,Yes,Website,395,379,404,417,405,55,4,335093.27,1340373.08,1154.1,544032.25,199200.35,344831.9,1,2,C1 - Global Investors,1
C0892,Individual,Helen,Watson,1958-06-05,F,Usa,California,Investment,2,Yes,Website,395,379,404,417,405,67,3,328040.47,984121.4,1167.24,448877.05,183555.68,265321.37,0,3,C2 - First-Time Buyers,3
C0893,Individual,Evelyn,Thompson,1995-06-23,F,Usa,Colorado,Home,3,Yes,Website,395,379,404,417,405,30,4,423959.87,1695839.47,1329.59,603155.94,243883.4,359272.5399999999,1,2,C1 - Global Investors,2
C0894,Individual,Carl,Evans,1953-06-14,M,Usa,Georgia,Home,5,No,Website,395,379,404,417,405,72,3,294022.49,882067.47,932.37,301693.78,280137.79,21555.99000000005,0,3,C2 - First-Time Buyers,3
C0895,Individual,Amanda,Rogers,1953-08-25,F,Usa,Arizona,Investment,4,Yes,Website,395,379,404,417,405,72,3,375893.53,1127680.6,1280.28,502145.17,226963.84,275181.32999999996,0,3,C2 - First-Time Buyers,3
C0896,Individual,Timothy,Jones,1970-05-06,M,France,Brittany,Home,4,Yes,Agency,395,379,404,417,405,56,4,289483.36,1157933.44,935.76,403361.09,175483.61,227877.48000000004,0,0,C3 - Corporate Buyers,1
C0897,Individual,Ann,Foster,1971-08-04,F,Australia,Victoria,Home,1,No,Website,395,379,404,417,405,54,3,248563.88,745691.65,801.46,364650.23,150397.94,214252.28999999998,0,3,C2 - First-Time Buyers,0
C0898,Individual,Deborah,King,1953-09-27,F,Usa,Arizona,Investment,5,Yes,Agency,395,379,404,417,405,72,4,209123.5,836494.02,706.09,318001.46,158787.99,159213.47000000003,0,3,C2 - First-Time Buyers,3
C0899,Company,Apex,Co,1988-06-26,F,Usa,Washington,Investment,2,No,Website,395,379,404,417,405,37,3,350135.88,1050407.63,1076.69,481540.5,127936.41,353604.08999999997,0,3,C2 - First-Time Buyers,3
C0900,Individual,Betty,Cook,1999-05-22,F,Germany,North Rhine-Westphalia,Home,4,No,Agency,395,379,404,417,405,27,3,202019.41,606058.22,753.31,316820.96,122112.7,194708.26,0,3,C2 - First-Time Buyers,1
C0901,Individual,Gregory,Allen,1999-02-15,M,France,Brittany,Investment,4,No,Agency,395,379,404,417,405,27,3,303046.28,909138.84,909.06,535623.53,155133.85,380489.68000000005,0,0,C3 - Corporate Buyers,1
C0902,Company,Peerex,Co,1964-02-11,F,Uk,Northern Ireland,Home,3,Yes,Agency,395,379,404,417,405,62,4,320266.19,1281064.76,1068.57,457348.2,170914.8,286433.4,1,1,C4 - Luxury Investors,1
C0903,Individual,Christine,Morales,1992-04-28,F,Usa,Texas,Investment,3,No,Website,395,379,404,417,405,34,3,369382.54,1108147.61,1240.61,427664.89,339771.48,87893.41000000003,0,3,C2 - First-Time Buyers,3
C0904,Individual,Nancy,Brooks,1984-03-08,F,Russia,Saint Petersburg,Home,1,Yes,Website,395,379,404,417,405,42,4,262588.82,1050355.29,883.8,391528.7,129756.46,261772.24,0,3,C2 - First-Time Buyers,1
C0905,Individual,Emma,Allen,1993-05-16,F,Usa,Virginia,Home,5,Yes,Website,395,379,404,417,405,33,3,292492.57,877477.72,927.61,408310.1,208238.77,200071.33,0,3,C2 - First-Time Buyers,3
C0906,Individual,Jacqueline,Baker,1969-08-13,F,Usa,California,Investment,5,No,Website,395,379,404,417,405,56,4,439491.89,1757967.56,1458.93,571612.79,299618.3,271994.49000000005,1,2,C1 - Global Investors,2
C0907,Individual,Danielle,Scott,1973-11-14,F,Usa,California,Home,3,No,Agency,395,379,404,417,405,52,3,458460.15,1375380.46,1459.19,574177.29,294829.76,279347.53,1,2,C1 - Global Investors,2
C0908,Individual,Carl,Kim,1960-11-17,M,Usa,California,Home,4,Yes,Agency,395,379,404,417,405,65,4,282485.34,1129941.35,825.13,467397.36,178580.68,288816.68,0,3,C2 - First-Time Buyers,3
C0909,Individual,Brandon,Turner,1967-07-10,M,Usa,California,Investment,1,Yes,Agency,395,379,404,417,405,58,4,382363.93,1529455.73,1183.04,595281.62,195057.54,400224.07999999996,1,2,C1 - Global Investors,2
C0910,Individual,Victoria,Jackson,1971-11-24,F,Usa,Texas,Home,3,Yes,Agency,395,379,404,417,405,54,3,431199.49,1293598.48,1238.36,705817.01,233058.54,472758.47,1,2,C1 - Global Investors,2
C0911,Individual,Donald,Long,1989-03-27,M,Usa,California,Home,4,No,Website,395,379,404,417,405,37,4,327601.33,1310405.32,972.34,589085.76,166270.85,422814.91000000003,1,2,C1 - Global Investors,2
C0912,Individual,Christina,Freeman,1949-05-11,F,Usa,California,Home,1,No,Agency,395,379,404,417,405,77,3,440710.02,1322130.05,1351.46,617512.0,256392.52,361119.48,1,2,C1 - Global Investors,2
C0913,Individual,Nathan,Hansen,1999-01-13,M,Usa,California,Home,4,No,Agency,395,379,404,417,405,27,4,483909.48,1935637.92,1552.15,586679.08,390224.3,196454.77999999997,1,2,C1 - Global Investors,2
C0914,Individual,Helen,Freeman,1948-10-12,F,France,Provence,Investment,4,No,Website,395,379,404,417,405,77,4,281072.7,1124290.78,984.65,362803.25,183552.54,179250.71,0,0,C3 - Corporate Buyers,1
C0915,Individual,Ronald,Harris,1948-01-23,M,Usa,Florida,Home,2,No,Agency,395,379,404,417,405,78,3,436589.57,1309768.71,1283.46,589191.73,143851.79,445339.93999999994,1,2,C1 - Global Investors,2
C0916,Individual,Nathan,Hansen,1988-02-10,M,Russia,Moscow Oblast,Home,2,No,Website,395,379,404,417,405,38,4,344397.86,1377591.46,1114.1,478922.56,175373.36,303549.2,1,2,C1 - Global Investors,1
C0917,Individual,Kenneth,Hughes,1969-08-01,M,Usa,Arizona,Home,2,Yes,Agency,395,379,404,417,405,56,3,252261.83,756785.49,851.43,300300.85,201415.36,98885.48999999999,0,3,C2 - First-Time Buyers,3
C0918,Individual,Susan,Cook,2000-02-21,F,Australia,Western Australia,Home,4,No,Client,395,379,404,417,405,26,3,487120.62,1461361.87,1583.22,591434.36,330602.94,260831.41999999998,1,2,C1 - Global Investors,0
C0919,Individual,Barbara,Foster,1975-08-17,F,Canada,Quebec,Investment,5,No,Agency,395,379,404,417,405,50,3,353174.85,1059524.55,1179.52,486833.55,261814.63,225018.91999999998,0,3,C2 - First-Time Buyers,0
C0920,Individual,Christian,Williams,1973-10-11,M,Usa,California,Home,4,No,Website,395,379,404,417,405,52,3,292789.6,878368.79,934.43,447905.13,189016.63,258888.5,0,3,C2 - First-Time Buyers,3
C0921,Individual,Christina,Reyes,1999-03-10,F,Australia,New South Wales,Home,4,No,Agency,395,379,404,417,405,27,3,267578.92,802736.76,900.46,331896.95,174630.68,157266.27000000002,0,3,C2 - First-Time Buyers,0
C0922,Individual,Joe,Bell,1942-10-28,M,Australia,Victoria,Investment,4,Yes,Website,395,379,404,417,405,83,3,368584.66,1105753.98,1200.35,442539.26,296837.59,145701.66999999998,0,3,C2 - First-Time Buyers,0
C0923,Individual,Ruth,Richardson,1950-08-26,F,Usa,Oregon,Home,3,No,Client,395,379,404,417,405,75,4,295855.71,1183422.85,1035.19,554198.64,149833.02,404365.62,0,3,C2 - First-Time Buyers,3
C0924,Individual,Emily,Wright,1988-03-20,F,Usa,California,Home,4,No,Website,395,379,404,417,405,38,4,389667.71,1558670.83,1313.38,535687.32,141906.57,393780.74999999994,1,2,C1 - Global Investors,2
C0925,Individual,Michael,Ward,1944-05-12,M,Germany,Hamburg,Home,2,No,Website,395,379,404,417,405,82,3,436011.67,1308035.02,1471.9,523966.96,373202.64,150764.32,1,2,C1 - Global Investors,1
C0926,Individual,Lauren,Harris,1961-04-04,F,Usa,California,Home,3,No,Website,395,379,404,417,405,65,3,359613.91,1078841.73,1207.65,416303.05,322088.43,94214.62,0,3,C2 - First-Time Buyers,3
C0927,Individual,Carol,Hayes,1962-11-04,F,France,Ile-De-France,Home,4,No,Client,395,379,404,417,405,63,3,311166.46,933499.38,952.26,571089.66,157392.65,413697.01,0,0,C3 - Corporate Buyers,1
C0928,Individual,Jordan,Jordan,1950-02-27,M,Usa,California,Home,1,Yes,Agency,395,379,404,417,405,76,3,252690.04,758070.13,883.75,392319.37,137541.82,254777.55,0,3,C2 - First-Time Buyers,3
C0929,Individual,Jack,Hall,1954-05-23,M,Usa,Washington,Home,4,No,Website,395,379,404,417,405,71,3,389280.57,1167841.72,1117.94,407054.73,369105.44,37949.28999999998,0,3,C2 - First-Time Buyers,3
C0930,Individual,Debra,Moore,1993-04-15,F,Usa,Washington,Investment,1,Yes,Agency,395,379,404,417,405,33,3,308101.84,924305.53,1110.62,410092.17,242484.1,167608.06999999998,0,3,C2 - First-Time Buyers,3
C0931,Individual,Daniel,Parker,1977-12-25,M,Usa,Nevada,Investment,2,Yes,Client,395,379,404,417,405,48,3,332472.87,997418.61,1090.95,380782.35,237033.66,143748.68999999997,0,3,C2 - First-Time Buyers,3
C0932,Individual,Kathleen,Moore,1949-07-14,F,Usa,New York,Home,5,No,Website,395,379,404,417,405,76,4,367077.66,1468310.66,1196.97,567793.82,155737.3,412056.51999999996,1,2,C1 - Global Investors,2
C0933,Individual,Kimberly,Johnson,1955-09-03,F,Usa,California,Home,4,No,Website,395,379,404,417,405,70,3,359056.98,1077170.94,1155.46,411210.31,314903.31,96307.0,0,3,C2 - First-Time Buyers,3
C0934,Individual,Barbara,Allen,1943-10-02,F,Uk,Northern Ireland,Investment,5,Yes,Website,395,379,404,417,405,82,3,304163.2,912489.59,1086.98,426691.03,142662.45,284028.58,0,1,C4 - Luxury Investors,1
C0935,Individual,Katherine,Cooper,2000-05-17,F,Canada,Manitoba,Home,4,No,Agency,395,379,404,417,405,26,3,377677.5,1133032.49,1221.68,459433.77,314026.2,145407.57,0,3,C2 - First-Time Buyers,0
C0936,Individual,Carolyn,Brooks,1951-04-10,F,Usa,California,Home,3,No,Client,395,379,404,417,405,75,3,260981.99,782945.97,879.34,312643.26,187384.2,125259.06,0,3,C2 - First-Time Buyers,3
C0937,Individual,Gerald,Chavez,1982-04-03,M,Usa,Arizona,Home,5,No,Client,395,379,404,417,405,44,4,342585.23,1370340.91,1127.32,462252.41,227449.53,234802.87999999998,1,2,C1 - Global Investors,3
C0938,Individual,William,Chavez,1963-05-08,M,Russia,Krasnodar Krai,Home,4,No,Website,395,379,404,417,405,63,3,284739.23,854217.7,851.87,448751.61,159970.07,288781.54,0,3,C2 - First-Time Buyers,1
C0939,Individual,Anna,Alexander,1978-02-02,F,Belgium,Brussels,Investment,1,No,Website,395,379,404,417,405,48,4,297708.42,1190833.68,996.36,478857.61,142741.31,336116.3,0,3,C2 - First-Time Buyers,1
C0940,Individual,Kyle,Bell,1985-12-19,M,Usa,Virginia,Investment,5,No,Website,395,379,404,417,405,40,4,407234.46,1628937.85,1332.28,627200.92,228644.73,398556.19000000006,1,2,C1 - Global Investors,2
C0941,Individual,Grace,Moore,1955-07-17,F,Mexico,Jalisco,Home,1,No,Agency,395,379,404,417,405,70,3,342771.36,1028314.09,1089.46,410663.51,250655.47,160008.04,0,3,C2 - First-Time Buyers,0
C0942,Individual,Joan,Jackson,1991-12-14,F,Usa,California,Home,1,No,Website,395,379,404,417,405,34,4,350657.94,1402631.76,1008.66,500962.79,229657.95,271304.83999999997,1,2,C1 - Global Investors,2
C0943,Individual,Karen,Cox,1957-09-13,F,Canada,Manitoba,Investment,5,No,Website,395,379,404,417,405,68,3,325016.09,975048.28,1129.18,404116.95,228756.4,175360.55000000002,0,3,C2 - First-Time Buyers,0
C0944,Individual,Virginia,Hughes,1956-08-24,F,Usa,Florida,Home,2,No,Website,395,379,404,417,405,69,3,418907.34,1256722.03,1283.46,673008.78,145443.17,527565.61,0,2,C1 - Global Investors,3
C0945,Individual,Emily,Hayes,1945-09-04,F,France,Provence,Home,4,No,Website,395,379,404,417,405,80,3,324468.85,973406.55,1102.86,415439.74,213915.0,201524.74,0,0,C3 - Corporate Buyers,1
C0946,Individual,Ashley,Weaver,1946-07-04,F,Usa,Nevada,Investment,3,Yes,Agency,395,379,404,417,405,79,3,275868.54,827605.63,897.31,378567.66,200300.4,178267.25999999998,0,3,C2 - First-Time Buyers,3
C0947,Individual,Samantha,Cox,1981-05-16,F,Usa,Texas,Home,2,No,Website,395,379,404,417,405,45,3,365527.76,1096583.29,1190.31,488382.72,230931.5,257451.21999999997,0,3,C2 - First-Time Buyers,3
C0948,Individual,Emma,Nelson,1989-12-16,F,Usa,California,Investment,3,Yes,Website,395,379,404,417,405,36,4,383000.13,1532000.51,1299.37,465555.5,248550.43,217005.07,1,2,C1 - Global Investors,2
C0949,Individual,Julia,Price,1943-06-26,F,Usa,Colorado,Investment,5,Yes,Client,395,379,404,417,405,82,4,349264.49,1397057.95,1102.27,679222.65,173375.36,505847.29000000004,1,2,C1 - Global Investors,3
C0950,Individual,Christina,Price,1991-12-11,F,Usa,Texas,Investment,5,No,Website,395,379,404,417,405,34,4,354553.12,1418212.48,1146.99,518468.37,216506.59,301961.78,1,2,C1 - Global Investors,2
C0951,Individual,Rachel,Chavez,1998-11-15,F,Mexico,Nuevo Leon,Home,1,Yes,Client,395,379,404,417,405,27,4,414575.48,1658301.92,1290.8,601046.95,175749.34,425297.61,1,2,C1 - Global Investors,0
C0952,Individual,Ann,Martin,1959-09-03,F,Usa,Oregon,Home,5,No,Website,395,379,404,417,405,66,4,471625.48,1886501.93,1510.65,548316.4,274763.58,273552.82,1,2,C1 - Global Investors,2
C0953,Company,Helios,Co,1995-10-22,M,Usa,Washington,Home,5,Yes,Website,395,379,404,417,405,30,3,213271.67,639815.0,839.14,294124.85,170444.19,123680.65999999997,0,3,C2 - First-Time Buyers,3
C0954,Individual,Michael,Evans,1950-04-08,M,France,Brittany,Investment,4,Yes,Agency,395,379,404,417,405,76,4,373447.0,1493788.0,1204.5,533253.25,219505.52,313747.73,1,0,C3 - Corporate Buyers,1
C0955,Individual,Megan,Garcia,1969-01-11,F,Usa,California,Home,1,No,Website,395,379,404,417,405,57,3,366037.26,1098111.78,1205.96,398094.9,325597.94,72496.96000000002,0,3,C2 - First-Time Buyers,3
C0956,Individual,Donald,Jackson,1966-03-10,M,Usa,California,Home,1,Yes,Website,395,379,404,417,405,60,4,411799.36,1647197.45,1294.64,512614.55,247036.12,265578.43,1,2,C1 - Global Investors,2
C0957,Company,Crestwood,Co,1961-05-21,M,Usa,Oregon,Home,2,Yes,Client,395,379,404,417,405,65,4,323810.5,1295242.02,1072.56,438504.35,169117.16,269387.18999999994,1,2,C1 - Global Investors,3
C0958,Individual,Betty,Rogers,1991-07-11,F,Usa,Nevada,Home,1,Yes,Website,395,379,404,417,405,34,4,234022.86,936091.45,834.66,319340.28,154650.62,164689.66000000003,0,3,C2 - First-Time Buyers,3
C0959,Individual,Carl,Hayes,1952-09-13,M,Usa,California,Home,3,No,Agency,395,379,404,417,405,73,4,460039.92,1840159.66,1572.79,590672.73,319114.04,271558.69,1,2,C1 - Global Investors,2
C0960,Individual,Linda,Bennett,1960-04-01,F,Usa,Arizona,Investment,1,Yes,Client,395,379,404,417,405,66,4,345021.14,1380084.58,1148.25,499350.81,163504.49,335846.32,1,2,C1 - Global Investors,3
C0961,Individual,Brandon,Morales,1974-08-03,M,Uk,Wales,Home,2,Yes,Website,395,379,404,417,405,51,4,420327.92,1681311.67,1271.34,693731.35,286118.52,407612.82999999996,1,1,C4 - Luxury Investors,1
C0962,Individual,Nicholas,Hansen,1940-07-18,M,Usa,California,Home,4,No,Website,395,379,404,417,405,85,4,333931.7,1335726.82,1114.21,523288.27,168270.43,355017.84,1,2,C1 - Global Investors,2
C0963,Individual,James,Davis,1941-08-09,M,Canada,Alberta,Home,4,No,Agency,395,379,404,417,405,84,3,199625.0,598874.99,678.97,222973.92,164204.09,58769.830000000016,0,3,C2 - First-Time Buyers,0
C0964,Individual,Elizabeth,Hall,1953-09-19,F,Usa,California,Home,4,No,Website,395,379,404,417,405,72,3,338373.9,1015121.69,1168.38,485910.88,171267.91,314642.97,0,3,C2 - First-Time Buyers,3
C0965,Individual,Lauren,Adams,1961-09-26,F,Usa,New York,Investment,3,No,Website,395,379,404,417,405,64,3,280066.54,840199.61,862.11,359492.59,225125.36,134367.23000000004,0,3,C2 - First-Time Buyers,3
C0966,Company,Corvus,Co,1995-10-11,M,Usa,California,Investment,3,No,Website,395,379,404,417,405,30,4,401696.26,1606785.05,1510.34,470809.32,258208.58,212600.74000000002,1,2,C1 - Global Investors,3
C0967,Individual,Jennifer,Moore,1959-01-20,F,Usa,California,Home,2,No,Agency,395,379,404,417,405,67,3,235199.89,705599.66,879.34,283671.4,185818.63,97852.77000000002,0,3,C2 - First-Time Buyers,3
C0968,Individual,Julie,Hansen,1995-11-21,F,Usa,Arizona,Home,4,No,Website,395,379,404,417,405,30,3,363024.9,1089074.71,1168.38,514916.07,176684.39,338231.68,0,3,C2 - First-Time Buyers,3
C0969,Individual,Amber,Ward,1976-03-27,F,Russia,Tatarstan,Investment,1,Yes,Agency,395,379,404,417,405,50,3,372920.06,1118760.19,1186.44,635034.32,224494.14,410540.17999999993,0,3,C2 - First-Time Buyers,1
C0970,Individual,Peter,Johnson,1986-12-01,M,Denmark,North Denmark,Home,3,Yes,Website,395,379,404,417,405,39,4,399101.06,1596404.25,1313.38,594737.23,138008.71,456728.52,1,2,C1 - Global Investors,1
C0971,Individual,Cynthia,Mitchell,1969-06-02,F,Usa,Colorado,Investment,5,Yes,Website,395,379,404,417,405,56,4,319612.51,1278450.05,1011.23,539007.54,198304.68,340702.86000000004,1,2,C1 - Global Investors,2
C0972,Individual,Sandra,Evans,1964-09-16,F,Usa,Arizona,Home,5,No,Agency,395,379,404,417,405,61,4,324502.26,1298009.03,1072.98,578906.36,184466.93,394439.43,1,2,C1 - Global Investors,2
C0973,Individual,Charles,Stone,1992-12-03,M,Usa,California,Investment,2,No,Client,395,379,404,417,405,33,4,398954.29,1595817.16,1210.74,617314.75,268795.74,348519.01,1,2,C1 - Global Investors,3
C0974,Individual,Michael,Hansen,1961-05-22,M,Usa,New York,Home,1,No,Agency,395,379,404,417,405,64,4,302747.53,1210990.11,1008.4,589033.68,189589.64,399444.04000000004,0,3,C2 - First-Time Buyers,3
C0975,Individual,Gregory,Reyes,1946-07-09,M,Usa,Utah,Home,4,No,Website,395,379,404,417,405,79,3,313770.2,941310.61,1050.08,387772.79,210136.82,177635.96999999997,0,3,C2 - First-Time Buyers,3
C0976,Individual,Ryan,Miller,1983-07-18,M,Usa,California,Home,4,Yes,Website,395,379,404,417,405,42,4,301537.5,1206149.98,947.75,437270.83,195055.13,242215.7,0,3,C2 - First-Time Buyers,3
C0977,Individual,Ryan,James,1996-04-07,M,Usa,California,Home,1,No,Agency,395,379,404,417,405,30,3,314890.98,944672.95,1092.51,465826.16,146420.07,319406.08999999997,0,3,C2 - First-Time Buyers,3
C0978,Individual,Lauren,Brown,1963-11-11,F,Usa,California,Home,4,Yes,Website,395,379,404,417,405,62,3,483120.3,1449360.91,1526.96,511639.2,465908.64,45730.56,1,2,C1 - Global Investors,2
C0979,Individual,Madison,Roberts,1940-02-25,F,Canada,Quebec,Investment,4,No,Website,395,379,404,417,405,86,3,288220.48,864661.45,939.33,387129.95,236366.58,150763.37000000002,0,3,C2 - First-Time Buyers,0
C0980,Individual,Daniel,Davis,1942-01-13,M,Usa,New York,Investment,1,Yes,Website,395,379,404,417,405,84,3,385442.21,1156326.64,1392.56,459833.04,268744.96,191088.07999999996,0,3,C2 - First-Time Buyers,3
C0981,Individual,Jessica,Stewart,1961-11-14,F,Usa,California,Investment,1,No,Website,395,379,404,417,405,64,4,512081.05,2048324.19,1555.3,529558.26,477744.58,51813.67999999999,1,2,C1 - Global Investors,2
C0982,Individual,Joyce,Jackson,1961-07-08,F,Canada,Manitoba,Investment,5,Yes,Agency,395,379,404,417,405,64,3,481167.91,1443503.73,1456.36,567471.58,343645.42,223826.15999999997,1,2,C1 - Global Investors,0
C0983,Individual,Brittany,Freeman,1994-06-21,F,Germany,North Rhine-Westphalia,Home,4,No,Website,395,379,404,417,405,31,3,267739.9,803219.7,899.62,354787.43,156638.87,198148.56,0,3,C2 - First-Time Buyers,1
C0984,Individual,Mark,Johnson,1962-12-03,M,Canada,British Columbia,Home,5,Yes,Agency,395,379,404,417,405,63,3,402176.4,1206529.21,1337.17,508281.75,251971.56,256310.19,0,3,C2 - First-Time Buyers,0
C0985,Individual,Ruth,Griffin,1954-10-15,F,Usa,California,Home,1,Yes,Website,395,379,404,417,405,71,3,295663.57,886990.72,934.43,460231.54,170733.9,289497.64,0,3,C2 - First-Time Buyers,3
C0986,Individual,Jacqueline,Ward,1981-10-18,F,Russia,Saint Petersburg,Home,2,No,Website,395,379,404,417,405,44,3,481742.02,1445226.07,1510.38,667262.77,378780.47,288482.30000000005,1,2,C1 - Global Investors,1
C0987,Individual,Maria,Johnson,1967-10-22,F,Germany,North Rhine-Westphalia,Home,1,Yes,Agency,395,379,404,417,405,58,4,271504.59,1086018.36,984.12,443461.13,170872.82,272588.31,0,3,C2 - First-Time Buyers,1
C0988,Individual,Douglas,Cooper,1988-04-21,M,Usa,Texas,Home,3,Yes,Agency,395,379,404,417,405,38,3,231677.93,695033.8,724.09,306320.78,155082.84,151237.94000000003,0,3,C2 - First-Time Buyers,3
C0989,Individual,Amber,Cook,1946-10-19,F,Usa,Oregon,Home,4,No,Website,395,379,404,417,405,79,4,282476.83,1129907.31,1035.19,498692.85,146361.74,352331.11,0,3,C2 - First-Time Buyers,3
C0990,Individual,Carl,Carter,1942-01-21,M,Usa,Utah,Home,4,No,Website,395,379,404,417,405,84,4,397095.84,1588383.36,1321.76,495705.73,299663.63,196042.09999999998,1,2,C1 - Global Investors,2
C0991,Individual,Heather,Adams,1975-03-27,F,Usa,Nevada,Home,1,No,Website,395,379,404,417,405,51,3,407705.38,1223116.15,1464.85,500394.39,306423.34,193971.05,0,3,C2 - First-Time Buyers,3
C0992,Individual,Scott,Hughes,1988-11-19,M,Denmark,Capital Region,Home,1,Yes,Website,395,379,404,417,405,37,4,369620.65,1478482.61,1205.46,484664.3,251749.52,232914.78,1,2,C1 - Global Investors,1
C0993,Individual,Ryan,Campbell,1954-03-11,M,Usa,California,Home,2,Yes,Website,395,379,404,417,405,72,3,176831.48,530494.44,610.62,217783.6,108921.54,108862.06000000001,0,3,C2 - First-Time Buyers,3
C0994,Individual,Michael,Moore,1976-11-26,M,Usa,California,Home,3,No,Website,395,379,404,417,405,49,4,344975.72,1379902.87,1187.89,578315.7,187806.73,390508.97,1,2,C1 - Global Investors,2
C0995,Individual,Amanda,Kim,1949-10-14,F,Australia,New South Wales,Home,1,Yes,Website,395,379,404,417,405,76,3,334706.92,1004120.77,1037.11,570222.0,171741.96,398480.04000000004,0,3,C2 - First-Time Buyers,0
C0996,Individual,Terry,Howard,1956-06-11,M,Canada,Manitoba,Home,2,Yes,Client,395,379,404,417,405,69,3,296322.67,888968.0,941.21,463182.68,158061.44,305121.24,0,3,C2 - First-Time Buyers,0
C0997,Individual,Terry,Collins,1950-03-11,M,Usa,California,Investment,3,Yes,Agency,395,379,404,417,405,76,3,535959.02,1607877.07,1654.47,578538.26,489316.52,89221.73999999999,1,2,C1 - Global Investors,2
C0998,Company,Grandis,Co,1969-05-06,F,Usa,Virginia,Home,4,No,Agency,395,379,404,417,405,57,4,307638.04,1230552.15,1053.27,503618.69,175483.91,328134.78,0,3,C2 - First-Time Buyers,3
C0999,Individual,Jacqueline,Cox,1969-09-15,F,Usa,California,Investment,3,No,Agency,395,379,404,417,405,56,3,220661.45,661984.35,753.31,322054.98,168855.2,153199.77999999997,0,3,C2 - First-Time Buyers,3
C1000,Individual,Judith,Parker,1963-07-21,F,Usa,Utah,Home,2,Yes,Website,395,379,404,417,405,62,4,407343.06,1629372.23,1316.66,574257.04,101076.8,473180.24000000005,1,2,C1 - Global Investors,2
C1001,Individual,Aaron,Nelson,1981-07-13,M,Usa,California,Home,3,No,Website,395,379,404,417,405,44,4,412574.24,1650296.94,1326.37,574884.08,312165.81,262718.26999999996,1,2,C1 - Global Investors,2
C1002,Individual,Scott,Hughes,1967-06-08,M,Usa,California,Home,5,No,Website,395,379,404,417,405,58,3,354683.57,1064050.72,1052.09,570302.17,182607.12,387695.05000000005,0,3,C2 - First-Time Buyers,3
C1003,Individual,Lauren,Bennett,1977-08-11,F,Usa,Nevada,Home,2,No,Website,395,379,404,417,405,48,3,388303.08,1164909.23,1303.78,522271.82,291840.57,230431.25,0,3,C2 - First-Time Buyers,3
C1004,Individual,Alexander,Anderson,1982-09-17,M,Usa,Oregon,Home,3,Yes,Website,395,379,404,417,405,43,4,388366.92,1553467.66,1254.04,554713.49,257018.21,297695.28,1,2,C1 - Global Investors,2
C1005,Individual,Barbara,Chavez,1988-06-07,F,Germany,Hamburg,Home,3,No,Client,395,379,404,417,405,37,3,259367.2,778101.6,993.0,325562.57,181678.15,143884.42,0,3,C2 - First-Time Buyers,1
C1006,Individual,Stephanie,Weaver,1992-12-24,F,Usa,Georgia,Home,1,No,Website,395,379,404,417,405,33,3,246312.93,738938.8,828.39,317877.17,134382.93,183494.24,0,3,C2 - First-Time Buyers,3
C1007,Individual,Joyce,Brooks,1948-10-25,F,Uk,England,Home,4,No,Agency,395,379,404,417,405,77,3,271034.89,813104.68,847.04,334696.9,190181.08,144515.82000000004,0,1,C4 - Luxury Investors,1
C1008,Company,Sterling,Co,1987-10-02,M,Usa,California,Home,2,No,Website,395,379,404,417,405,38,4,254565.67,1018262.69,849.79,361077.2,200107.88,160969.32,0,3,C2 - First-Time Buyers,3
C1009,Individual,Evelyn,Bell,1950-02-11,F,Usa,Nevada,Investment,4,Yes,Agency,395,379,404,417,405,76,3,247053.35,741160.04,971.19,306507.89,199337.08,107170.81000000003,0,3,C2 - First-Time Buyers,3
C1010,Individual,Dennis,Moore,1964-03-10,M,Mexico,Jalisco,Home,4,No,Website,395,379,404,417,405,62,4,332869.93,1331479.73,1077.2,510151.14,174222.31,335928.83,1,2,C1 - Global Investors,0
C1011,Individual,Virginia,Brooks,1952-12-18,F,Usa,California,Investment,1,No,Website,395,379,404,417,405,73,4,320347.35,1281389.39,1075.51,476326.35,240031.71,236294.63999999998,1,2,C1 - Global Investors,2
C1012,Individual,Raymond,Morales,1960-10-20,M,Usa,New York,Home,4,Yes,Website,395,379,404,417,405,65,3,563423.5,1690270.5,1736.03,599421.75,532909.35,66512.40000000002,1,2,C1 - Global Investors,2
C1013,Individual,Stephanie,Patterson,1994-06-19,F,Usa,Oregon,Home,1,Yes,Website,395,379,404,417,405,31,4,406976.99,1627907.97,1298.14,488639.08,325789.31,162849.77000000002,1,2,C1 - Global Investors,2
C1014,Individual,David,Weaver,1969-01-06,M,Usa,California,Home,3,Yes,Website,395,379,404,417,405,57,3,426035.45,1278106.36,1523.69,495367.08,296060.71,199306.37,1,2,C1 - Global Investors,2
C1015,Individual,Kyle,Davis,1977-09-01,M,Usa,California,Home,4,Yes,Website,395,379,404,417,405,48,3,294808.84,884426.51,973.09,471331.07,204741.22,266589.85,0,3,C2 - First-Time Buyers,3
C1016,Individual,Andrea,Wilson,1976-04-05,F,Usa,California,Home,4,Yes,Agency,395,379,404,417,405,50,4,385693.65,1542774.61,1214.56,536215.12,150051.67,386163.44999999995,1,2,C1 - Global Investors,2
C1017,Individual,Megan,Baker,1968-12-22,F,Usa,California,Home,1,Yes,Agency,395,379,404,417,405,57,4,279092.86,1116371.43,928.74,457871.48,158297.69,299573.79,0,3,C2 - First-Time Buyers,3
C1018,Individual,Tiffany,Turner,1967-06-19,F,Usa,Colorado,Home,5,Yes,Client,395,379,404,417,405,58,3,281893.52,845680.57,1033.48,347722.15,218646.74,129075.41000000003,0,3,C2 - First-Time Buyers,3
C1019,Individual,Carolyn,Stewart,1975-10-27,F,Usa,Nevada,Home,2,No,Client,395,379,404,417,405,50,3,389085.06,1167255.18,1325.08,486688.21,285682.29,201005.92000000004,0,3,C2 - First-Time Buyers,3
C1020,Individual,Deborah,Morales,1994-07-23,F,Usa,California,Home,3,No,Agency,395,379,404,417,405,31,4,312206.71,1248826.86,994.07,515392.69,188463.78,326928.91000000003,0,3,C2 - First-Time Buyers,3
C1021,Individual,Jeffrey,Bryant,1974-09-04,M,Usa,California,Investment,1,No,Client,395,379,404,417,405,51,4,388684.98,1554739.9,1340.78,505490.44,204454.91,301035.53,1,2,C1 - Global Investors,3
C1022,Individual,Christina,King,1984-04-17,F,Usa,Colorado,Home,1,No,Agency,395,379,404,417,405,42,4,347427.28,1389709.13,1122.09,623455.64,224133.54,399322.1,1,2,C1 - Global Investors,2
C1023,Individual,Heather,Bell,1953-07-28,F,Usa,Nevada,Home,1,Yes,Website,395,379,404,417,405,72,3,445412.62,1336237.87,1599.34,549773.4,304607.07,245166.33000000002,1,2,C1 - Global Investors,2
C1024,Individual,Gregory,Long,1969-08-03,M,Usa,Arizona,Investment,2,No,Agency,395,379,404,417,405,56,3,450344.31,1351032.92,1510.38,598612.25,370132.95,228479.3,1,2,C1 - Global Investors,2
C1025,Individual,Michelle,King,1947-01-20,F,Usa,California,Home,1,No,Client,395,379,404,417,405,79,3,246141.39,738424.18,735.36,276688.99,208249.96,68439.03,0,3,C2 - First-Time Buyers,3
C1026,Individual,Robert,Parker,1991-08-12,M,Usa,California,Investment,1,No,Agency,395,379,404,417,405,34,3,480258.37,1440775.1,1452.26,582011.89,281759.38,300252.51,1,2,C1 - Global Investors,2
C1027,Individual,Gerald,White,1976-12-10,M,Usa,California,Investment,1,Yes,Client,395,379,404,417,405,49,3,518135.94,1554407.81,1649.26,532123.09,503303.34,28819.74999999994,1,2,C1 - Global Investors,3
C1028,Individual,Nicholas,Cox,1942-04-07,M,Usa,California,Home,1,Yes,Website,395,379,404,417,405,84,4,285956.68,1143826.71,984.12,479050.0,158596.58,320453.42000000004,0,3,C2 - First-Time Buyers,3
C1029,Individual,Ryan,Jackson,1949-11-06,M,Australia,Victoria,Home,1,No,Agency,395,379,404,417,405,76,3,315520.32,946560.97,1049.38,409647.06,263713.04,145934.02000000002,0,3,C2 - First-Time Buyers,0
C1030,Individual,Christine,Owens,1960-04-20,F,Usa,Ohio,Home,4,No,Website,395,379,404,417,405,66,4,338385.76,1353543.06,1070.47,406491.67,182618.24,223873.43,1,2,C1 - Global Investors,2
C1031,Individual,Alexander,Reed,1989-01-13,M,Uk,England,Home,1,No,Website,395,379,404,417,405,37,3,337111.07,1011333.2,1088.59,394120.88,241648.03,152472.85,0,1,C4 - Luxury Investors,1
C1032,Individual,Larry,Freeman,1977-01-03,M,Usa,Nevada,Home,5,No,Website,395,379,404,417,405,49,4,373572.43,1494289.73,1086.23,566395.41,238726.2,327669.21,1,2,C1 - Global Investors,2
C1033,Individual,Eric,Jackson,1962-06-21,M,France,Ile-De-France,Home,2,No,Website,395,379,404,417,405,63,4,374030.13,1496120.51,1313.38,507541.5,139857.47,367684.03,1,0,C3 - Corporate Buyers,1
C1034,Individual,Andrea,Wilson,1979-01-20,F,Usa,Colorado,Home,5,No,Client,395,379,404,417,405,47,4,300012.4,1200049.6,970.38,429156.03,220615.2,208540.83000000002,0,3,C2 - First-Time Buyers,3
C1035,Individual,Jacob,Williams,1961-02-10,M,Usa,Virginia,Home,2,No,Website,395,379,404,417,405,65,4,382137.53,1528550.13,1227.17,550601.55,190875.59,359725.9600000001,1,2,C1 - Global Investors,2
C1036,Individual,Martha,Collins,1988-03-13,F,Usa,Oregon,Home,2,No,Agency,395,379,404,417,405,38,3,392145.36,1176436.08,1350.49,443662.17,358023.39,85638.77999999997,0,3,C2 - First-Time Buyers,3
C1037,Company,Corvus,Co,1970-01-02,M,Mexico,Baja California,Home,2,Yes,Website,395,379,404,417,405,56,3,371879.04,1115637.13,1190.31,499833.64,230776.08,269057.56000000006,0,3,C2 - First-Time Buyers,0
C1038,Individual,Gerald,Gray,1959-05-25,M,Usa,California,Investment,3,No,Website,395,379,404,417,405,66,3,302376.07,907128.2,939.33,419687.28,228891.79,190795.49000000002,0,3,C2 - First-Time Buyers,3
C1039,Individual,Nicholas,Carter,1962-07-17,M,Usa,California,Home,1,Yes,Agency,395,379,404,417,405,63,4,357113.24,1428452.94,1210.74,585383.34,200514.16,384869.17999999993,1,2,C1 - Global Investors,2
C1040,Individual,Joseph,Young,1940-04-05,M,Usa,California,Investment,5,Yes,Website,395,379,404,417,405,86,3,300365.26,901095.79,992.22,332452.89,257546.1,74906.79000000001,0,3,C2 - First-Time Buyers,3
C1041,Individual,Evelyn,Morris,1990-12-07,F,Usa,Nevada,Home,5,Yes,Website,395,379,404,417,405,35,3,383346.93,1150040.79,1303.78,402848.9,372873.56,29975.340000000026,0,3,C2 - First-Time Buyers,3
C1042,Individual,Rebecca,Parker,1945-08-03,F,Usa,Nevada,Home,2,No,Agency,395,379,404,417,405,80,4,331445.86,1325783.46,1122.09,530985.4,212072.03,318913.37,1,2,C1 - Global Investors,2
C1043,Individual,Carol,Griffin,1999-07-14,F,Usa,Washington,Home,5,No,Website,395,379,404,417,405,26,3,355970.62,1067911.86,1357.19,426620.64,243788.12,182832.52000000002,0,3,C2 - First-Time Buyers,3
C1044,Individual,Eric,Howard,1971-05-15,M,Usa,Nevada,Investment,5,No,Website,395,379,404,417,405,55,4,342009.1,1368036.39,1145.54,443365.72,145055.82,298309.89999999997,1,2,C1 - Global Investors,2
C1045,Individual,Rebecca,Allen,1942-04-01,F,Usa,New York,Home,3,No,Website,395,379,404,417,405,84,3,324946.68,974840.03,1060.11,425602.22,255006.99,170595.22999999998,0,3,C2 - First-Time Buyers,3
C1046,Individual,Maria,Wood,1969-05-21,F,Canada,Quebec,Home,4,Yes,Website,395,379,404,417,405,57,4,325282.1,1301128.39,1049.7,517811.18,196835.54,320975.64,1,2,C1 - Global Investors,0
C1047,Individual,Ronald,Reyes,1984-12-12,M,Usa,Virginia,Home,3,No,Website,395,379,404,417,405,41,3,444579.28,1333737.83,1454.57,547111.08,318695.18,228415.89999999997,1,2,C1 - Global Investors,2
C1048,Individual,Angela,Turner,1970-01-27,F,Usa,Oregon,Investment,1,No,Agency,395,379,404,417,405,56,3,449779.8,1349339.41,1439.26,583294.59,228875.86,354418.73,1,2,C1 - Global Investors,2
C1049,Individual,Tiffany,Sanders,1940-11-05,F,Usa,California,Investment,5,No,Website,395,379,404,417,405,85,3,404764.72,1214294.16,1451.54,500013.28,226861.2,273152.08,0,3,C2 - First-Time Buyers,3
C1050,Individual,Tyler,Watson,1955-10-03,M,Usa,Georgia,Home,4,Yes,Website,395,379,404,417,405,70,4,318663.77,1274655.09,1192.72,446439.12,175163.42,271275.69999999995,1,2,C1 - Global Investors,2
C1051,Individual,Cheryl,Hansen,1958-07-19,F,Usa,Virginia,Home,1,Yes,Agency,395,379,404,417,405,67,3,298324.09,894972.26,1016.74,543773.78,142238.05,401535.73000000004,0,3,C2 - First-Time Buyers,3
C1052,Individual,Kimberly,Parker,1953-04-24,F,Usa,Utah,Home,1,Yes,Agency,395,379,404,417,405,73,4,252000.14,1008000.54,836.94,296702.8,197392.19,99310.60999999999,0,3,C2 - First-Time Buyers,3
C1053,Individual,Adam,Kim,1974-11-10,M,Mexico,Nuevo Leon,Home,2,Yes,Website,395,379,404,417,405,51,3,426992.3,1280976.9,1336.61,630342.5,234238.08,396104.42000000004,1,2,C1 - Global Investors,0
C1054,Individual,Edward,Foster,1989-09-04,M,Usa,Arizona,Home,2,Yes,Website,395,379,404,417,405,36,3,279306.86,837920.58,879.34,317911.69,205003.87,112907.82,0,3,C2 - First-Time Buyers,3
C1055,Individual,Jonathan,Bennett,1972-11-20,M,Usa,New York,Investment,2,Yes,Website,395,379,404,417,405,53,3,270499.59,811498.78,926.4,373299.4,208063.37,165236.03000000003,0,3,C2 - First-Time Buyers,3
C1056,Individual,Larry,Wilson,1979-01-19,M,Usa,Colorado,Home,1,Yes,Website,395,379,404,417,405,47,3,478784.26,1436352.77,1754.94,499350.78,460780.85,38569.93000000005,1,2,C1 - Global Investors,2
C1057,Individual,Jesse,Garcia,1994-04-17,M,Usa,Nevada,Investment,5,No,Website,395,379,404,417,405,32,4,357648.38,1430593.53,1301.4,521044.57,234998.1,286046.47,1,2,C1 - Global Investors,2
C1058,Individual,Rachel,Weaver,1973-06-12,F,Germany,Bavaria,Home,3,Yes,Website,395,379,404,417,405,52,4,381501.95,1526007.82,1190.41,532913.83,180205.66,352708.1699999999,1,2,C1 - Global Investors,1
C1059,Individual,Danielle,Davis,1978-06-26,F,Usa,California,Home,4,No,Website,395,379,404,417,405,47,3,422326.59,1266979.76,1422.97,580992.98,228542.89,352450.08999999997,1,2,C1 - Global Investors,2
C1060,Individual,Christian,Evans,1940-12-25,M,Usa,Nevada,Home,5,No,Agency,395,379,404,417,405,85,3,389208.39,1167625.18,1321.5,557611.23,242722.37,314888.86,0,3,C2 - First-Time Buyers,3
C1061,Individual,Stephanie,Smith,1960-06-01,F,Uk,Scotland,Home,1,No,Website,395,379,404,417,405,65,4,422441.82,1689767.29,1422.99,575615.86,202450.21,373165.65,1,1,C4 - Luxury Investors,1
C1062,Individual,Billy,Foster,1975-12-20,M,Usa,California,Home,4,No,Agency,395,379,404,417,405,50,4,441720.63,1766882.53,1406.61,704808.48,168433.25,536375.23,1,2,C1 - Global Investors,2
C1063,Individual,Nicole,Weaver,1988-12-05,F,Usa,New York,Investment,5,Yes,Website,395,379,404,417,405,37,3,438606.98,1315820.94,1354.29,496232.48,379665.9,116566.57999999996,1,2,C1 - Global Investors,2
C1064,Individual,Brandon,Pierce,1945-08-06,M,Usa,California,Home,5,Yes,Website,395,379,404,417,405,80,3,231811.59,695434.77,883.75,348131.23,140270.18,207861.05,0,3,C2 - First-Time Buyers,3
C1065,Individual,Mark,Reyes,1955-01-06,M,Usa,Georgia,Home,3,Yes,Client,395,379,404,417,405,71,3,369210.45,1107631.34,1263.58,450186.35,212764.22,237422.12999999998,0,3,C2 - First-Time Buyers,3
C1066,Individual,Ashley,Moore,1941-09-21,F,Australia,Victoria,Home,1,No,Website,395,379,404,417,405,84,4,302217.19,1208868.77,990.99,538035.23,151228.65,386806.57999999996,0,3,C2 - First-Time Buyers,0
C1067,Individual,Samuel,Howard,1942-12-24,M,Mexico,Jalisco,Investment,4,No,Agency,395,379,404,417,405,83,3,283000.45,849001.36,904.05,324856.86,258168.24,66688.62,0,3,C2 - First-Time Buyers,0
C1068,Individual,Kathleen,Carter,1984-02-10,F,Usa,California,Home,3,No,Agency,395,379,404,417,405,42,3,467943.77,1403831.31,1609.03,524955.14,357740.08,167215.06,1,2,C1 - Global Investors,2
C1069,Individual,Lawrence,Cox,1992-06-13,M,Usa,Virginia,Home,3,Yes,Agency,395,379,404,417,405,33,3,441253.61,1323760.84,1413.06,580190.12,201059.89,379130.23,1,2,C1 - Global Investors,2
C1070,Individual,Virginia,Rogers,1951-06-26,F,Germany,Bavaria,Home,5,No,Agency,395,379,404,417,405,74,3,428755.05,1286265.14,1471.9,453127.52,380519.67,72607.85000000003,1,2,C1 - Global Investors,1
C1071,Individual,Aaron,Johnson,1966-08-11,M,Usa,Texas,Home,2,No,Agency,395,379,404,417,405,59,4,261843.9,1047375.62,874.63,393101.99,148065.52,245036.47,0,3,C2 - First-Time Buyers,3
C1072,Individual,Kimberly,Jones,1962-06-10,F,Usa,Utah,Home,3,No,Agency,395,379,404,417,405,63,3,276628.31,829884.93,979.09,335251.84,246505.73,88746.11000000002,0,3,C2 - First-Time Buyers,3
C1073,Individual,Carl,Collins,1955-07-02,M,Usa,California,Investment,2,No,Website,395,379,404,417,405,70,4,299452.21,1197808.83,952.05,333845.6,246896.31,86949.28999999998,0,3,C2 - First-Time Buyers,3
C1074,Individual,George,Foster,1954-07-10,M,Uk,Northern Ireland,Home,1,No,Website,395,379,404,417,405,71,3,334900.15,1004700.45,1092.54,467335.84,232180.63,235155.21000000002,0,1,C4 - Luxury Investors,1
C1075,Individual,Carolyn,Watson,1975-02-17,F,Mexico,Baja California,Home,3,No,Website,395,379,404,417,405,51,4,294600.02,1178400.08,984.95,445987.2,162668.39,283318.81,0,3,C2 - First-Time Buyers,0
C1076,Individual,Betty,Thompson,1980-10-28,F,Usa,Florida,Investment,3,No,Agency,395,379,404,417,405,45,3,294723.15,884169.44,976.82,445754.21,150110.49,295643.72000000003,0,3,C2 - First-Time Buyers,3
C1077,Individual,Peter,Griffin,1982-03-07,M,Usa,Texas,Investment,2,No,Agency,395,379,404,417,405,44,4,366862.31,1467449.24,1245.94,537661.98,237286.38,300375.6,1,2,C1 - Global Investors,2
C1078,Individual,Joshua,Howard,1940-07-22,M,Usa,Ohio,Home,1,No,Agency,395,379,404,417,405,85,3,415779.19,1247337.58,1303.78,491669.54,351114.27,140555.26999999996,0,3,C2 - First-Time Buyers,3
C1079,Individual,Steven,Hayes,1959-06-19,M,Usa,California,Investment,4,Yes,Website,395,379,404,417,405,66,3,383742.77,1151228.31,1336.61,557229.76,231625.87,325603.89,0,3,C2 - First-Time Buyers,3
C1080,Individual,Hannah,Stewart,1956-10-06,F,Uk,England,Investment,4,No,Agency,395,379,404,417,405,69,4,398698.88,1594795.52,1425.28,482594.96,205329.68,277265.28,1,1,C4 - Luxury Investors,1
C1081,Company,Meridian,Co,1974-09-08,M,Russia,Novosibirsk,Home,4,Yes,Agency,395,379,404,417,405,51,3,335528.23,1006584.7,1203.39,455284.06,137406.32,317877.74,0,3,C2 - First-Time Buyers,1
C1082,Individual,Patricia,Martin,1993-02-04,F,Usa,Oregon,Investment,5,Yes,Website,395,379,404,417,405,33,3,276499.95,829499.85,953.11,388642.3,159539.68,229102.62,0,3,C2 - First-Time Buyers,3
C1083,Individual,Pamela,Jackson,1950-10-06,F,Usa,Colorado,Investment,4,No,Agency,395,379,404,417,405,75,4,286280.53,1145122.1,939.49,413563.21,125080.47,288482.74,0,3,C2 - First-Time Buyers,3
C1084,Individual,Sarah,Hansen,1989-07-27,F,France,Ile-De-France,Home,4,No,Agency,395,379,404,417,405,36,4,339480.29,1357921.15,1136.69,498074.48,216079.0,281995.48,1,0,C3 - Corporate Buyers,1
C1085,Individual,Sarah,Flores,1947-10-18,F,Australia,Queensland,Investment,1,No,Client,395,379,404,417,405,78,3,265891.68,797675.03,994.83,291083.4,246750.84,44332.56000000003,0,3,C2 - First-Time Buyers,0
C1086,Individual,Timothy,Montgomery,1956-03-01,M,Usa,Colorado,Home,1,Yes,Website,395,379,404,417,405,70,4,334956.82,1339827.27,1030.21,464470.15,274806.6,189663.55000000005,1,2,C1 - Global Investors,2
C1087,Individual,Matthew,Owens,1984-01-03,M,Usa,Colorado,Home,3,No,Website,395,379,404,417,405,42,4,469608.3,1878433.21,1575.11,602057.55,313855.45,288202.10000000003,1,2,C1 - Global Investors,2
C1088,Individual,Nicholas,Stewart,1998-09-26,M,Usa,Utah,Home,4,Yes,Agency,395,379,404,417,405,27,3,267423.73,802271.19,883.75,460665.54,124270.9,336394.64,0,3,C2 - First-Time Buyers,3
C1089,Individual,Madison,Ward,1962-09-17,F,Usa,Utah,Home,1,Yes,Website,395,379,404,417,405,63,4,239836.02,959344.08,828.38,273895.07,199928.99,73966.08000000002,0,3,C2 - First-Time Buyers,3
C1090,Individual,Laura,Moore,1962-09-07,F,Canada,Alberta,Home,3,Yes,Client,395,379,404,417,405,63,3,405757.53,1217272.58,1396.1,495437.61,250769.15,244668.46,0,3,C2 - First-Time Buyers,0
C1091,Individual,Arthur,Phillips,1984-07-21,M,Usa,Nevada,Home,1,Yes,Agency,395,379,404,417,405,41,3,247265.83,741797.49,853.66,356627.2,128340.87,228286.33000000002,0,3,C2 - First-Time Buyers,3
C1092,Individual,Terry,Adams,1996-11-24,M,Usa,Oregon,Investment,2,No,Website,395,379,404,417,405,29,3,404416.02,1213248.05,1452.26,492551.34,278521.93,214029.41000000003,0,3,C2 - First-Time Buyers,3
C1093,Individual,Adam,Allen,1980-07-13,M,Usa,Oregon,Home,1,Yes,Website,395,379,404,417,405,45,3,268467.61,805402.83,900.46,334313.56,202422.0,131891.56,0,3,C2 - First-Time Buyers,3
C1094,Individual,Sarah,Cook,1960-02-12,F,Usa,Washington,Home,2,Yes,Website,395,379,404,417,405,66,4,407851.89,1631407.56,1273.55,606086.6,327860.05,278226.55,1,2,C1 - Global Investors,2
C1095,Individual,Cynthia,Howard,1940-02-26,F,Usa,California,Home,3,No,Agency,395,379,404,417,405,86,4,363591.56,1454366.24,1264.01,566261.62,199816.53,366445.08999999997,1,2,C1 - Global Investors,2
C1096,Individual,Grace,Edwards,1965-05-20,F,Usa,New York,Home,2,No,Client,395,379,404,417,405,61,4,439165.48,1756661.91,1339.7,561232.25,334718.74,226513.51,1,2,C1 - Global Investors,3
C1097,Individual,Teresa,Pierce,1962-07-16,F,Canada,Alberta,Home,3,Yes,Agency,395,379,404,417,405,63,3,354780.94,1064342.81,1162.62,453949.46,223340.65,230608.81000000003,0,3,C2 - First-Time Buyers,0
C1098,Individual,Paul,Young,1976-10-24,M,Usa,California,Investment,3,No,Client,395,379,404,417,405,49,3,395924.74,1187774.23,1290.09,443496.6,329829.37,113667.22999999998,0,3,C2 - First-Time Buyers,3
C1099,Individual,Joan,Scott,1972-06-26,F,Usa,Colorado,Home,3,No,Agency,395,379,404,417,405,53,4,356625.28,1426501.12,1153.08,444521.07,223416.12,221104.95,1,2,C1 - Global Investors,2
C1100,Individual,Frank,Thomas,1940-05-14,M,Russia,Novosibirsk,Home,1,No,Website,395,379,404,417,405,86,4,328556.4,1314225.59,1042.17,548635.7,149860.49,398775.20999999996,1,2,C1 - Global Investors,1
C1101,Individual,Matthew,King,1964-01-03,M,Belgium,Flanders,Home,5,No,Website,395,379,404,417,405,62,4,259478.61,1037914.43,868.57,325612.79,165907.49,159705.3,0,3,C2 - First-Time Buyers,1
C1102,Company,Harmon,Co,1960-05-06,M,Germany,Berlin,Home,2,No,Agency,395,379,404,417,405,66,4,312114.01,1248456.03,993.06,516162.59,186326.2,329836.39,0,3,C2 - First-Time Buyers,1
C1103,Individual,Jose,Johnson,1961-04-27,M,Belgium,Wallonia,Home,4,No,Agency,395,379,404,417,405,65,4,301710.2,1206840.81,997.42,496697.45,145782.57,350914.88,0,3,C2 - First-Time Buyers,1
C1104,Individual,Christian,Weaver,1998-10-15,M,Usa,Utah,Investment,5,Yes,Website,395,379,404,417,405,27,3,297998.73,893996.19,1025.01,381470.55,223449.53,158021.02,0,3,C2 - First-Time Buyers,3
C1105,Individual,Roger,Ward,1940-01-14,M,Usa,Nevada,Home,3,Yes,Website,395,379,404,417,405,86,4,405877.58,1623510.31,1365.95,550595.85,210426.14,340169.70999999996,1,2,C1 - Global Investors,2
C1106,Individual,Sean,Martin,1982-05-16,M,Usa,California,Home,1,No,Agency,395,379,404,417,405,44,3,257833.28,773499.85,842.68,329442.1,149499.39,179942.70999999996,0,3,C2 - First-Time Buyers,3
C1107,Individual,Frank,Hayes,1948-01-15,M,Canada,British Columbia,Home,1,No,Website,395,379,404,417,405,78,3,385509.2,1156527.59,1268.05,540584.92,235196.88,305388.04000000004,0,3,C2 - First-Time Buyers,0
C1108,Individual,Helen,Ward,1994-01-12,F,Australia,South Australia,Home,4,No,Website,395,379,404,417,405,32,3,356634.7,1069904.1,1238.36,516476.18,203666.47,312809.70999999996,0,3,C2 - First-Time Buyers,0
C1109,Individual,Rebecca,Anderson,1967-09-05,F,Usa,California,Home,1,Yes,Client,395,379,404,417,405,58,4,439241.34,1756965.37,1458.93,531593.91,330077.14,201516.77000000002,1,2,C1 - Global Investors,3
C1110,Individual,Harold,Watson,1977-05-12,M,Usa,New York,Home,5,Yes,Website,395,379,404,417,405,49,4,361364.58,1445458.33,1152.91,441268.43,229427.6,211840.83,1,2,C1 - Global Investors,2
C1111,Company,Corvus,Co,1967-01-23,M,Usa,California,Home,4,Yes,Website,395,379,404,417,405,59,3,295048.71,885146.14,897.31,435943.19,201409.8,234533.39,0,3,C2 - First-Time Buyers,3
C1112,Individual,Donald,Green,1982-01-05,M,Usa,Nevada,Investment,3,Yes,Website,395,379,404,417,405,44,3,320533.14,961599.42,975.94,388182.22,196161.06,192021.15999999997,0,3,C2 - First-Time Buyers,3
C1113,Individual,Brenda,Martin,1974-08-18,F,Usa,Texas,Investment,2,No,Client,395,379,404,417,405,51,4,290692.72,1162770.88,942.04,523652.47,146766.78,376885.68999999994,0,3,C2 - First-Time Buyers,3
C1114,Individual,Cheryl,Wood,1992-02-04,F,Usa,California,Home,3,No,Website,395,379,404,417,405,34,3,290941.91,872825.73,1072.73,367529.08,149191.06,218338.02000000002,0,3,C2 - First-Time Buyers,3
C1115,Individual,Joseph,Bell,1973-10-24,M,Usa,Colorado,Home,3,Yes,Agency,395,379,404,417,405,52,3,351533.06,1054599.19,1109.0,472546.53,250548.46,221998.07000000004,0,3,C2 - First-Time Buyers,3
C1116,Individual,Angela,Freeman,1991-12-17,F,Usa,California,Home,1,Yes,Agency,395,379,404,417,405,34,3,255650.65,766951.95,879.34,294707.51,185697.91,109009.6,0,3,C2 - First-Time Buyers,3
C1117,Individual,Rebecca,Patterson,1955-02-23,F,Mexico,Mexico City,Home,5,Yes,Website,395,379,404,417,405,71,4,287407.37,1149629.49,1047.99,410756.82,202165.96,208590.86000000002,0,3,C2 - First-Time Buyers,0
C1118,Company,Caldera,Co,1969-04-26,M,Uk,Scotland,Investment,2,Yes,Website,395,379,404,417,405,57,3,286456.33,859368.99,983.32,401356.84,228567.85,172788.99000000002,0,1,C4 - Luxury Investors,1
C1119,Individual,Larry,Green,1941-03-14,M,Usa,Oregon,Home,1,Yes,Website,395,379,404,417,405,85,3,312901.22,938703.66,949.9,394144.56,255651.88,138492.68,0,3,C2 - First-Time Buyers,3
C1120,Individual,Kathleen,Carter,1979-07-16,F,Usa,Arizona,Home,1,No,Website,395,379,404,417,405,46,4,342802.82,1371211.29,1123.62,436572.8,210701.37,225871.43,1,2,C1 - Global Investors,2
C1121,Individual,Carolyn,Gray,1985-06-02,F,Usa,California,Home,1,No,Client,395,379,404,417,405,40,3,338220.59,1014661.78,1124.5,568008.79,206258.47,361750.32000000007,0,3,C2 - First-Time Buyers,3
C1122,Individual,Judith,Evans,1942-10-04,F,Usa,California,Home,4,No,Website,395,379,404,417,405,83,4,389737.3,1558949.2,1208.88,625903.82,198448.41,427455.4099999999,1,2,C1 - Global Investors,2
C1123,Individual,Robert,Pierce,1951-03-11,M,Usa,Virginia,Home,5,No,Agency,395,379,404,417,405,75,3,413923.81,1241771.44,1283.71,581087.19,254595.83,326491.36,0,3,C2 - First-Time Buyers,3
C1124,Individual,Sharon,Murray,1976-02-04,F,Usa,Oregon,Investment,5,Yes,Website,395,379,404,417,405,50,4,318047.5,1272190.01,1040.89,531100.09,174905.89,356194.19999999995,1,2,C1 - Global Investors,2
C1125,Individual,Ronald,Price,1941-02-03,M,Usa,Oregon,Home,3,No,Agency,395,379,404,417,405,85,3,395635.69,1186907.08,1332.34,440465.95,320938.27,119527.68,0,3,C2 - First-Time Buyers,3
C1126,Company,Elara,Co,1983-02-16,M,Usa,Virginia,Home,1,Yes,Website,395,379,404,417,405,43,3,297829.4,893488.2,1015.94,440625.12,194083.34,246541.78,0,3,C2 - First-Time Buyers,3
C1127,Individual,Ann,Cooper,1943-06-15,F,Uk,England,Investment,1,No,Website,395,379,404,417,405,82,3,279576.13,838728.4,932.37,309658.36,248776.66,60881.69999999998,0,1,C4 - Luxury Investors,1
C1128,Individual,Brian,Montgomery,1983-12-05,M,Usa,California,Investment,1,No,Website,395,379,404,417,405,42,3,395544.84,1186634.53,1330.85,467492.04,334406.06,133085.97999999998,0,3,C2 - First-Time Buyers,3
C1129,Individual,Martha,Hansen,1945-09-03,F,Usa,Colorado,Investment,5,No,Agency,395,379,404,417,405,80,4,365781.32,1463125.26,1219.44,507394.76,182390.99,325003.77,1,2,C1 - Global Investors,2
C1130,Individual,Tiffany,Parker,1987-03-01,F,Usa,Arizona,Home,5,No,Website,395,379,404,417,405,39,4,331554.25,1326217.01,1009.23,678504.41,158892.76,519611.65,1,2,C1 - Global Investors,2
C1131,Individual,Cheryl,Kim,1984-05-28,F,Usa,California,Investment,3,No,Website,395,379,404,417,405,41,3,403500.26,1210500.79,1317.73,581631.78,188574.81,393056.97000000003,0,3,C2 - First-Time Buyers,3
C1132,Individual,Terry,Roberts,1982-01-21,M,Usa,New York,Home,2,Yes,Website,395,379,404,417,405,44,3,461300.42,1383901.27,1448.82,574927.34,393046.65,181880.68999999994,1,2,C1 - Global Investors,2
C1133,Individual,Jason,Hansen,1993-01-21,M,Usa,Oregon,Investment,3,No,Website,395,379,404,417,405,33,4,356754.98,1427019.92,1210.74,502325.67,218479.78,283845.89,1,2,C1 - Global Investors,2
C1134,Individual,Dorothy,Bennett,1943-10-10,F,Usa,California,Investment,1,No,Website,395,379,404,417,405,82,4,272145.94,1088583.78,905.04,453416.1,205334.04,248082.05999999997,0,3,C2 - First-Time Buyers,3
C1135,Individual,Melissa,Phillips,1999-09-22,F,Russia,Moscow Oblast,Investment,5,Yes,Client,395,379,404,417,405,26,3,395360.92,1186082.75,1303.47,484226.87,311395.34,172831.52999999997,0,3,C2 - First-Time Buyers,1
C1136,Individual,Shirley,Weaver,1965-04-27,F,Usa,California,Home,3,Yes,Agency,395,379,404,417,405,61,3,338948.21,1016844.64,1023.88,430426.11,236838.98,193587.12999999998,0,3,C2 - First-Time Buyers,3
C1137,Individual,Carol,Price,1986-12-24,F,Usa,Nevada,Home,4,Yes,Agency,395,379,404,417,405,39,3,371634.14,1114902.43,1140.17,554352.77,272122.22,282230.55000000005,0,3,C2 - First-Time Buyers,3
C1138,Individual,George,Green,1964-08-24,M,Usa,Oregon,Home,1,No,Website,395,379,404,417,405,61,3,280200.97,840602.92,952.07,348889.77,224958.55,123931.22000000003,0,3,C2 - First-Time Buyers,3
C1139,Individual,Tiffany,Green,1996-03-03,F,Usa,California,Home,4,Yes,Client,395,379,404,417,405,30,3,432460.86,1297382.59,1439.26,568773.25,237824.52,330948.73,1,2,C1 - Global Investors,3
C1140,Individual,Billy,Jackson,1976-07-01,M,Usa,Florida,Home,1,Yes,Website,395,379,404,417,405,49,3,425269.9,1275809.71,1277.27,551828.54,247736.87,304091.67000000004,1,2,C1 - Global Investors,2
C1141,Individual,Kimberly,Montgomery,2000-01-26,F,Usa,Arizona,Investment,3,No,Website,395,379,404,417,405,26,3,330080.78,990242.33,1101.55,436787.87,187373.72,249414.15,0,3,C2 - First-Time Buyers,3
C1142,Individual,Julia,Hughes,1948-03-10,F,Usa,Colorado,Home,2,Yes,Agency,395,379,404,417,405,78,4,373170.03,1492680.13,1222.37,492869.13,260547.09,232322.04,1,2,C1 - Global Investors,2
C1143,Individual,Michael,Garcia,1994-09-10,M,Usa,Arizona,Home,2,Yes,Website,395,379,404,417,405,31,3,369443.22,1108329.67,1343.82,404667.67,338497.95,66169.71999999997,0,3,C2 - First-Time Buyers,3
C1144,Individual,Diane,Young,1978-11-10,F,Usa,Georgia,Investment,4,No,Client,395,379,404,417,405,47,4,311166.53,1244666.12,1027.07,494178.87,164198.69,329980.18,0,3,C2 - First-Time Buyers,3
C1145,Individual,Ethan,King,1993-04-04,M,Usa,Nevada,Home,5,No,Website,395,379,404,417,405,33,3,372950.1,1118850.31,1267.41,568314.74,231915.89,336398.85,0,3,C2 - First-Time Buyers,3
C1146,Individual,Richard,Weaver,1991-03-14,M,Usa,California,Investment,2,No,Website,395,379,404,417,405,35,3,345941.48,1037824.43,1136.09,565819.26,131562.21,434257.05000000005,0,3,C2 - First-Time Buyers,3
C1147,Individual,Brittany,Edwards,1978-02-09,F,Usa,Utah,Home,3,No,Website,395,379,404,417,405,48,3,301771.61,905314.84,1010.53,555067.12,120305.09,434762.03,0,3,C2 - First-Time Buyers,3
C1148,Individual,Joshua,Rogers,1991-07-15,M,Australia,New South Wales,Home,1,Yes,Agency,395,379,404,417,405,34,3,361225.86,1083677.57,1221.38,523867.62,264303.57,259564.05,0,3,C2 - First-Time Buyers,0
C1149,Individual,Kimberly,Thomas,1980-03-06,F,Russia,Tatarstan,Home,3,No,Agency,395,379,404,417,405,46,4,319362.5,1277449.99,1053.27,484921.76,195801.49,289120.27,1,2,C1 - Global Investors,1
C1150,Individual,Tiffany,Cook,1992-11-08,F,Usa,Nevada,Investment,4,No,Agency,395,379,404,417,405,33,3,492323.43,1476970.3,1550.13,523968.19,436593.99,87374.20000000001,1,2,C1 - Global Investors,2
C1151,Individual,Tyler,Anderson,1963-12-14,M,Usa,Arizona,Investment,2,No,Website,395,379,404,417,405,62,4,440000.08,1760000.34,1350.22,545707.37,259266.94,286440.43,1,2,C1 - Global Investors,2
C1152,Individual,Jason,Williams,1977-09-16,M,Usa,Georgia,Home,1,No,Website,395,379,404,417,405,48,4,413732.08,1654928.32,1374.58,585559.25,232688.53,352870.72,1,2,C1 - Global Investors,2
C1153,Individual,Scott,Sanders,1991-09-14,M,Usa,California,Home,1,No,Website,395,379,404,417,405,34,3,335876.67,1007630.0,1170.35,492913.41,213928.44,278984.97,0,3,C2 - First-Time Buyers,3
C1154,Individual,Jerry,Brown,1956-07-12,M,Usa,Utah,Home,5,Yes,Agency,395,379,404,417,405,69,4,343472.49,1373889.96,1135.32,518104.03,193328.23,324775.80000000005,1,2,C1 - Global Investors,2
C1155,Individual,William,Young,1977-03-03,M,Usa,California,Home,5,No,Website,395,379,404,417,405,49,3,525875.0,1577625.0,1679.11,589821.06,477187.81,112633.25000000006,1,2,C1 - Global Investors,2
C1156,Individual,Dorothy,Kim,1956-05-16,F,Usa,Virginia,Home,4,No,Agency,395,379,404,417,405,70,3,286652.22,859956.66,1008.13,441602.33,182821.64,258780.69,0,3,C2 - First-Time Buyers,3
C1157,Individual,Kenneth,Davis,1944-11-02,M,Canada,Alberta,Investment,2,No,Website,395,379,404,417,405,81,4,223520.1,894080.38,716.45,329573.31,140627.96,188945.35,0,3,C2 - First-Time Buyers,0
C1158,Individual,Joan,Pierce,1955-05-19,F,Usa,California,Investment,2,No,Website,395,379,404,417,405,71,3,313786.76,941360.29,972.05,596516.36,157263.39,439252.97,0,3,C2 - First-Time Buyers,3
C1159,Individual,Gerald,Howard,1940-03-24,M,Usa,Nevada,Investment,1,Yes,Website,395,379,404,417,405,86,3,390183.64,1170550.92,1175.68,558548.42,252948.01,305600.41000000003,0,3,C2 - First-Time Buyers,3
C1160,Individual,Walter,Griffin,1980-11-21,M,Usa,Florida,Home,2,Yes,Website,395,379,404,417,405,45,4,339856.46,1359425.86,1101.99,510079.55,194575.52,315504.03,1,2,C1 - Global Investors,2
C1161,Individual,Stephen,White,1994-02-12,M,Canada,Alberta,Investment,3,Yes,Website,395,379,404,417,405,32,4,505604.08,2022416.31,1486.33,724345.49,200432.99,523912.5,1,2,C1 - Global Investors,0
C1162,Individual,Charles,Nelson,1962-01-25,M,Usa,California,Investment,2,No,Website,395,379,404,417,405,64,4,279055.91,1116223.63,872.68,446838.6,204268.81,242569.78999999998,0,3,C2 - First-Time Buyers,3
C1163,Individual,Noah,Morales,1998-10-26,M,Usa,California,Home,3,Yes,Website,395,379,404,417,405,27,4,300677.3,1202709.18,1059.84,498755.52,136987.43,361768.09,0,3,C2 - First-Time Buyers,3
C1164,Individual,Emma,Watson,1968-04-11,F,Belgium,Wallonia,Home,3,Yes,Agency,395,379,404,417,405,58,4,328821.76,1315287.03,1169.62,411818.69,207543.49,204275.2,1,2,C1 - Global Investors,1
C1165,Individual,Victoria,Alexander,1994-09-26,F,Russia,Moscow Oblast,Home,1,No,Website,395,379,404,417,405,31,3,323568.47,970705.4,1079.93,509155.44,188928.74,320226.7,0,3,C2 - First-Time Buyers,1
C1166,Individual,Scott,Hall,1991-11-15,M,Usa,New York,Investment,1,No,Website,395,379,404,417,405,34,4,290900.45,1163601.79,939.49,408434.17,143176.47,265257.69999999995,0,3,C2 - First-Time Buyers,3
C1167,Individual,Kevin,Alexander,1967-12-20,M,Uk,Scotland,Home,3,No,Website,395,379,404,417,405,58,3,387701.61,1163104.83,1193.77,662126.19,144762.45,517363.73999999993,0,1,C4 - Luxury Investors,1
C1168,Individual,Brittany,Reyes,1998-12-25,F,Germany,Hamburg,Home,2,Yes,Agency,395,379,404,417,405,27,4,270267.3,1081069.19,901.24,382048.18,177039.39,205008.78999999998,0,3,C2 - First-Time Buyers,1
C1169,Individual,Noah,Bryant,1994-01-05,M,Russia,Saint Petersburg,Home,5,Yes,Agency,395,379,404,417,405,32,4,225075.06,900300.22,832.62,269707.97,134300.91,135407.05999999997,0,3,C2 - First-Time Buyers,1
C1170,Individual,Amanda,Collins,1990-02-09,F,Usa,Nevada,Home,1,Yes,Website,395,379,404,417,405,36,4,291488.91,1165955.62,1009.93,366328.69,163386.52,202942.17,0,3,C2 - First-Time Buyers,3
C1171,Individual,Anna,Patterson,1984-08-21,F,Usa,California,Investment,4,Yes,Website,395,379,404,417,405,41,4,390452.31,1561809.25,1276.99,527403.68,150873.32,376530.36000000004,1,2,C1 - Global Investors,2
C1172,Individual,Victoria,Freeman,1942-11-05,F,Usa,Nevada,Home,5,No,Website,395,379,404,417,405,83,4,310068.7,1240274.79,990.45,454693.74,155210.56,299483.18,0,3,C2 - First-Time Buyers,3
C1173,Individual,Cheryl,Price,1984-11-02,F,Canada,Manitoba,Investment,1,No,Website,395,379,404,417,405,41,4,315268.04,1261072.17,1014.98,468922.65,146612.19,322310.46,1,2,C1 - Global Investors,0
C1174,Individual,Kenneth,White,1982-07-06,M,Usa,Nevada,Home,2,No,Agency,395,379,404,417,405,43,4,353699.75,1414798.99,1244.8,446099.24,187417.14,258682.09999999998,1,2,C1 - Global Investors,2
C1175,Individual,Evelyn,Long,1959-09-27,F,Usa,California,Home,2,No,Website,395,379,404,417,405,66,4,441558.16,1766232.62,1449.38,675388.05,227380.78,448007.27,1,2,C1 - Global Investors,2
C1176,Individual,Lauren,Baker,1975-06-03,F,Usa,California,Investment,4,Yes,Agency,395,379,404,417,405,50,3,334442.96,1003328.89,1170.35,441387.41,245418.89,195968.51999999996,0,3,C2 - First-Time Buyers,3
C1177,Individual,Larry,Sanders,1998-09-05,M,Usa,California,Investment,2,No,Agency,395,379,404,417,405,27,4,261806.07,1047224.27,816.16,321100.73,214955.52,106145.20999999999,0,3,C2 - First-Time Buyers,3
C1178,Individual,Jessica,Richardson,1950-07-16,F,Usa,California,Home,1,No,Agency,395,379,404,417,405,75,3,248217.02,744651.07,801.46,390678.42,166635.32,224043.09999999998,0,3,C2 - First-Time Buyers,3
C1179,Individual,Melissa,Anderson,1991-02-09,F,Usa,California,Home,4,No,Agency,395,379,404,417,405,35,3,282717.34,848152.02,1045.87,361461.89,216206.13,145255.76,0,3,C2 - First-Time Buyers,3
C1180,Individual,Deborah,Miller,1995-07-11,F,Belgium,Brussels,Home,2,Yes,Website,395,379,404,417,405,30,4,277772.31,1111089.24,1050.57,413510.38,197514.96,215995.42,0,3,C2 - First-Time Buyers,1
C1181,Individual,Judith,Hansen,1956-03-23,F,Usa,Nevada,Investment,5,No,Website,395,379,404,417,405,70,3,247907.77,743723.31,939.33,352725.16,191419.3,161305.86,0,3,C2 - First-Time Buyers,3
C1182,Individual,Christopher,Murray,1961-03-11,M,Germany,Bavaria,Investment,3,Yes,Website,395,379,404,417,405,65,4,380545.84,1522183.38,1269.06,539392.07,238204.01,301188.05999999994,1,2,C1 - Global Investors,1
C1183,Individual,Carl,Rogers,1993-11-14,M,Usa,Arizona,Investment,1,No,Website,395,379,404,417,405,32,4,341148.47,1364593.88,1088.38,546764.12,207676.96,339087.16000000003,1,2,C1 - Global Investors,2
C1184,Individual,David,Nelson,1953-04-14,M,France,Ile-De-France,Home,2,No,Website,395,379,404,417,405,73,3,166751.88,500255.63,624.24,202634.18,128430.27,74203.90999999999,0,0,C3 - Corporate Buyers,1
C1185,Individual,Ronald,Peterson,2000-06-27,M,Usa,California,Home,3,No,Website,395,379,404,417,405,25,4,304642.75,1218570.99,1029.91,388613.55,185323.76,203289.78999999998,0,3,C2 - First-Time Buyers,3
C1186,Individual,Victoria,Bennett,1978-06-27,F,Usa,Nevada,Home,3,Yes,Website,395,379,404,417,405,47,3,380384.65,1141153.96,1221.68,585004.16,271991.93,313012.23000000004,0,3,C2 - First-Time Buyers,3
C1187,Individual,Melissa,Pierce,1962-03-18,F,Usa,Nevada,Home,4,No,Website,395,379,404,417,405,64,3,365846.41,1097539.23,1092.51,564972.81,206179.46,358793.3500000001,0,3,C2 - First-Time Buyers,3
C1188,Individual,Matthew,White,1995-11-01,M,Canada,Alberta,Home,1,No,Client,395,379,404,417,405,30,4,359383.81,1437535.25,1190.41,581530.71,186304.06,395226.64999999997,1,2,C1 - Global Investors,0
C1189,Individual,Peter,Alexander,1963-01-22,M,Usa,Florida,Home,2,Yes,Client,395,379,404,417,405,63,4,295073.77,1180295.09,989.22,382331.32,210320.24,172011.08000000002,0,3,C2 - First-Time Buyers,3
C1190,Individual,Sandra,Baker,1946-08-04,F,Usa,Texas,Home,4,No,Client,395,379,404,417,405,79,4,339667.26,1358669.02,1115.61,495056.58,153688.18,341368.4,1,2,C1 - Global Investors,3
C1191,Individual,Mary,Cox,1950-04-17,F,Usa,California,Investment,3,No,Website,395,379,404,417,405,76,3,365179.6,1095538.81,1357.19,409260.76,278376.64,130884.12,0,3,C2 - First-Time Buyers,3
C1192,Individual,Adam,Jones,2000-01-05,M,Usa,Florida,Home,5,No,Website,395,379,404,417,405,26,4,277809.48,1111237.94,941.14,462493.65,184734.0,277759.65,0,3,C2 - First-Time Buyers,3
C1193,Individual,Amy,Owens,1975-04-20,F,Uk,England,Home,1,No,Website,395,379,404,417,405,51,4,236699.06,946796.24,716.45,360341.5,119668.45,240673.05,0,1,C4 - Luxury Investors,1
C1194,Individual,Melissa,Brooks,1943-06-17,F,Usa,Colorado,Home,1,No,Website,395,379,404,417,405,82,3,361652.51,1084957.53,1263.86,431485.71,263976.08,167509.63,0,3,C2 - First-Time Buyers,3
C1195,Individual,Anna,Pierce,1990-06-07,F,Usa,California,Home,4,Yes,Agency,395,379,404,417,405,35,4,279559.73,1118238.91,910.92,475030.73,166515.01,308515.72,0,3,C2 - First-Time Buyers,3
C1196,Individual,William,Freeman,1955-09-03,M,Usa,Nevada,Home,2,No,Agency,395,379,404,417,405,70,4,432788.44,1731153.76,1356.32,588124.15,374729.63,213394.52000000002,1,2,C1 - Global Investors,2
C1197,Individual,Deborah,Roberts,1959-04-10,F,Usa,Arizona,Home,4,No,Website,395,379,404,417,405,67,3,479865.19,1439595.57,1471.45,584272.04,353301.13,230970.91000000003,1,2,C1 - Global Investors,2
C1198,Individual,Lisa,Young,1960-01-21,F,Usa,New York,Home,1,No,Agency,395,379,404,417,405,66,3,471797.2,1415391.59,1493.24,674268.09,271652.39,402615.69999999995,1,2,C1 - Global Investors,2
C1199,Individual,Justin,Campbell,1943-03-03,M,Usa,Colorado,Home,2,No,Website,395,379,404,417,405,83,4,253250.72,1013002.89,910.29,367400.47,137339.47,230060.99999999997,0,3,C2 - First-Time Buyers,3
C1200,Individual,Henry,Taylor,1969-11-03,M,Usa,Utah,Home,4,No,Agency,395,379,404,417,405,56,4,447400.33,1789601.33,1422.99,635580.39,229701.65,405878.74,1,2,C1 - Global Investors,2
C1201,Individual,Timothy,Stewart,2000-03-22,M,Usa,Oregon,Investment,1,Yes,Website,395,379,404,417,405,26,4,265958.48,1063833.91,896.25,353358.62,198532.55,154826.07,0,3,C2 - First-Time Buyers,3
C1202,Company,Telnox,Co,1985-05-09,M,Canada,Quebec,Investment,5,Yes,Website,395,379,404,417,405,41,4,381778.79,1527115.16,1263.78,581236.54,195064.03,386172.51,1,2,C1 - Global Investors,0
C1203,Individual,Ashley,Green,1962-01-18,F,Usa,Arizona,Home,2,Yes,Website,395,379,404,417,405,64,3,361126.18,1083378.55,1329.57,437211.33,242015.72,195195.61000000002,0,3,C2 - First-Time Buyers,3
C1204,Individual,William,Reed,1992-04-03,M,Mexico,Puebla,Investment,2,Yes,Website,395,379,404,417,405,34,3,410452.08,1231356.24,1280.28,603910.96,273177.97,330732.99,0,3,C2 - First-Time Buyers,0
C1205,Individual,Patrick,Pierce,1959-05-15,M,Belgium,Flanders,Home,4,No,Website,395,379,404,417,405,67,3,322707.79,968123.38,1076.69,498260.56,131261.13,366999.43,0,3,C2 - First-Time Buyers,1
C1206,Individual,Melissa,Baker,1957-12-09,F,Usa,California,Investment,5,No,Website,395,379,404,417,405,68,3,313908.73,941726.19,1140.4,396440.12,217768.24,178671.88,0,3,C2 - First-Time Buyers,3
C1207,Individual,Lauren,Price,1973-10-24,F,Usa,Texas,Home,5,Yes,Agency,395,379,404,417,405,52,4,271098.24,1084392.98,1010.1,328706.37,220771.71,107934.66,0,3,C2 - First-Time Buyers,3
C1208,Individual,Noah,Ward,1977-11-27,M,Usa,Colorado,Home,1,No,Website,395,379,404,417,405,48,3,425673.27,1277019.82,1477.03,561711.27,314114.79,247596.48000000004,1,2,C1 - Global Investors,2
C1209,Individual,Tiffany,Kim,1978-07-01,F,Usa,California,Home,4,Yes,Website,395,379,404,417,405,47,4,300408.25,1201633.01,1123.32,401888.63,141101.65,260786.98,0,3,C2 - First-Time Buyers,3
C1210,Individual,Dennis,Cox,1991-06-04,M,Usa,California,Investment,1,No,Website,395,379,404,417,405,34,4,286700.21,1146800.83,897.47,409323.23,183064.12,226259.11,0,3,C2 - First-Time Buyers,3
C1211,Individual,Kathleen,Owens,1996-07-10,F,Canada,British Columbia,Home,5,Yes,Website,395,379,404,417,405,29,4,361981.76,1447927.02,1167.1,457810.49,298606.04,159204.45,1,2,C1 - Global Investors,0
C1212,Individual,Lawrence,Gray,1957-07-11,M,Usa,California,Home,1,No,Agency,395,379,404,417,405,68,4,263072.69,1052290.76,904.01,396779.8,139398.8,257381.0,0,3,C2 - First-Time Buyers,3
C1213,Individual,Ruth,Martin,1993-08-06,F,Canada,Manitoba,Home,5,No,Website,395,379,404,417,405,32,3,276487.19,829461.56,899.99,351625.35,184707.19,166918.15999999997,0,3,C2 - First-Time Buyers,0
C1214,Individual,Jennifer,Peterson,2000-08-10,F,Usa,Florida,Home,1,No,Agency,395,379,404,417,405,25,4,431254.6,1725018.41,1446.11,563581.06,325875.47,237705.59000000008,1,2,C1 - Global Investors,2
C1215,Individual,Charles,Patterson,1994-07-24,M,Usa,California,Home,3,No,Website,395,379,404,417,405,31,3,380141.13,1140423.38,1104.51,664530.42,171907.93,492622.49000000005,0,3,C2 - First-Time Buyers,3
C1216,Individual,Martha,Jordan,1997-07-10,F,France,Normandy,Home,4,No,Website,395,379,404,417,405,28,3,397128.12,1191384.37,1464.85,551096.05,282845.5,268250.55000000005,0,0,C3 - Corporate Buyers,1
C1217,Individual,William,Carter,1997-01-05,M,Usa,California,Investment,4,Yes,Website,395,379,404,417,405,29,3,335734.93,1007204.78,1186.44,461132.81,204844.07,256288.74,0,3,C2 - First-Time Buyers,3
C1218,Individual,Teresa,Smith,1941-12-28,F,Usa,California,Home,1,Yes,Website,395,379,404,417,405,84,4,327153.39,1308613.57,1121.53,449085.55,270218.56,178866.99,1,2,C1 - Global Investors,2
C1219,Individual,Danielle,Howard,1983-12-06,F,Usa,Arizona,Home,1,Yes,Website,395,379,404,417,405,42,3,289136.42,867409.27,1074.62,430666.39,125388.18,305278.21,0,3,C2 - First-Time Buyers,3
C1220,Individual,Christina,Martin,1967-09-08,F,Usa,Colorado,Investment,4,Yes,Website,395,379,404,417,405,58,4,367799.94,1471199.75,1254.04,508492.43,239287.16,269205.27,1,2,C1 - Global Investors,2
C1221,Individual,Cynthia,Thomas,1984-05-23,F,Usa,Nevada,Investment,2,No,Agency,395,379,404,417,405,41,3,451622.98,1354868.93,1565.32,506860.65,363412.93,143447.72000000003,1,2,C1 - Global Investors,2
C1222,Individual,Christopher,Taylor,1969-01-07,M,Usa,Utah,Home,4,No,Website,395,379,404,417,405,57,3,439783.29,1319349.86,1362.38,626423.06,167129.85,459293.2100000001,1,2,C1 - Global Investors,2
C1223,Individual,Sharon,Stone,1952-09-17,F,Usa,Washington,Home,4,No,Website,395,379,404,417,405,73,3,357527.59,1072582.78,1369.73,403699.08,319044.27,84654.81,0,3,C2 - First-Time Buyers,3
C1224,Individual,Paul,Carter,1942-06-13,M,Usa,New York,Investment,5,Yes,Client,395,379,404,417,405,83,3,275746.09,827238.27,964.27,432388.36,134841.47,297546.89,0,3,C2 - First-Time Buyers,3
C1225,Individual,Larry,James,1990-11-10,M,Usa,Oregon,Home,2,No,Website,395,379,404,417,405,35,3,374195.9,1122587.7,1168.34,606790.94,223765.97,383024.97,0,3,C2 - First-Time Buyers,3
C1226,Individual,Michael,Sanders,1989-05-01,M,Usa,Utah,Home,4,No,Website,395,379,404,417,405,37,3,324198.71,972596.13,1082.9,413286.53,240746.66,172539.87000000002,0,3,C2 - First-Time Buyers,3
C1227,Individual,Alexander,Reyes,1987-03-13,M,Usa,Colorado,Home,3,Yes,Agency,395,379,404,417,405,39,4,537883.68,2151534.73,1676.38,627385.67,487600.08,139785.59000000003,1,2,C1 - Global Investors,2
C1228,Individual,Joseph,Howard,1954-07-07,M,Usa,California,Home,2,No,Website,395,379,404,417,405,71,3,352906.26,1058718.77,1124.5,508674.8,251554.82,257119.97999999998,0,3,C2 - First-Time Buyers,3
C1229,Individual,Madison,Reyes,1994-11-02,F,Uk,Scotland,Home,1,Yes,Website,395,379,404,417,405,31,3,395042.26,1185126.78,1303.47,556269.12,254096.51,302172.61,0,1,C4 - Luxury Investors,1
C1230,Individual,Lawrence,Parker,1985-02-18,M,Usa,California,Home,5,No,Client,395,379,404,417,405,41,3,253324.38,759973.15,801.46,341233.68,172358.52,168875.16,0,3,C2 - First-Time Buyers,3
C1231,Individual,Betty,Carter,1954-12-09,F,Usa,California,Home,2,No,Agency,395,379,404,417,405,71,3,286568.39,859705.17,922.67,372010.36,130666.74,241343.62,0,3,C2 - First-Time Buyers,3
C1232,Individual,Mary,Jackson,1989-09-23,F,Canada,British Columbia,Home,3,No,Website,395,379,404,417,405,36,4,381843.26,1527373.03,1173.81,516863.32,140340.38,376522.94,1,2,C1 - Global Investors,0
C1233,Individual,Brian,Scott,1979-08-05,M,Usa,Utah,Home,4,No,Website,395,379,404,417,405,46,3,312095.93,936287.8,1078.79,421407.86,140776.38,280631.48,0,3,C2 - First-Time Buyers,3
C1234,Individual,Karen,King,1957-01-20,F,Usa,Colorado,Investment,1,No,Website,395,379,404,417,405,69,4,365797.57,1463190.28,1278.04,539693.29,203362.09,336331.20000000007,1,2,C1 - Global Investors,2
C1235,Individual,Michael,Morales,1957-05-27,M,Usa,Arizona,Home,2,No,Website,395,379,404,417,405,68,4,317836.03,1271344.11,1025.32,611112.1,212527.02,398585.07999999996,1,2,C1 - Global Investors,2
C1236,Individual,Brandon,Cook,1972-08-24,M,Usa,Arizona,Home,4,Yes,Website,395,379,404,417,405,53,4,436941.5,1747766.02,1415.48,560683.85,200969.37,359714.48,1,2,C1 - Global Investors,2
C1237,Individual,Helen,Cook,1943-09-25,F,Uk,Wales,Investment,4,Yes,Website,395,379,404,417,405,82,3,229411.25,688233.74,775.57,340807.81,130733.1,210074.71,0,1,C4 - Luxury Investors,1
C1238,Individual,Joshua,Bennett,1946-04-22,M,Usa,Nevada,Home,1,Yes,Agency,395,379,404,417,405,80,4,412218.39,1648873.57,1343.66,524988.7,362075.38,162913.31999999995,1,2,C1 - Global Investors,2
C1239,Individual,Catherine,Adams,1953-02-07,F,Usa,Oregon,Home,3,No,Agency,395,379,404,417,405,73,4,364260.27,1457041.08,1114.21,555539.4,179792.45,375746.95,1,2,C1 - Global Investors,2
C1240,Individual,Gloria,Wright,1984-11-12,F,Usa,Nevada,Investment,4,Yes,Website,395,379,404,417,405,41,3,339531.48,1018594.44,1104.51,534650.14,140446.79,394203.35,0,3,C2 - First-Time Buyers,3
C1241,Individual,Danielle,Martin,1973-08-19,F,Usa,California,Home,1,No,Agency,395,379,404,417,405,52,4,289271.15,1157084.59,948.84,410171.8,187628.25,222543.55,0,3,C2 - First-Time Buyers,3
C1242,Individual,Gerald,Collins,1961-09-22,M,Usa,California,Home,3,Yes,Website,395,379,404,417,405,64,3,351947.59,1055842.78,1138.42,424910.39,245885.21,179025.18000000002,0,3,C2 - First-Time Buyers,3
C1243,Individual,Jeffrey,Edwards,1948-10-04,M,Usa,Colorado,Home,1,No,Website,395,379,404,417,405,77,4,354875.51,1419502.04,1246.62,541890.18,253089.26,288800.92000000004,1,2,C1 - Global Investors,2
C1244,Individual,Joseph,Phillips,1992-06-10,M,Usa,Utah,Investment,5,Yes,Website,395,379,404,417,405,33,3,479436.64,1438309.93,1513.17,598240.7,378675.72,219564.97999999998,1,2,C1 - Global Investors,2
C1245,Individual,Edward,Reyes,1963-02-10,M,Usa,California,Home,3,Yes,Agency,395,379,404,417,405,63,3,474173.17,1422519.51,1529.46,500160.52,446463.88,53696.640000000014,1,2,C1 - Global Investors,2
C1246,Individual,Joyce,Jackson,1943-05-10,F,Canada,Alberta,Home,2,No,Agency,395,379,404,417,405,83,3,286661.49,859984.47,980.87,360318.53,240057.11,120261.42000000004,0,3,C2 - First-Time Buyers,0
C1247,Individual,Judy,Moore,1957-04-09,F,Usa,Nevada,Investment,2,No,Website,395,379,404,417,405,69,4,443604.08,1774416.32,1489.73,544990.2,365818.56,179171.63999999996,1,2,C1 - Global Investors,2
C1248,Individual,Sara,Scott,1976-07-04,F,Usa,Arizona,Home,3,No,Agency,395,379,404,417,405,49,3,262298.63,786895.89,899.62,371938.81,164387.68,207551.13,0,3,C2 - First-Time Buyers,3
C1249,Individual,Janet,James,1971-07-14,F,Usa,California,Investment,1,No,Website,395,379,404,417,405,54,4,322484.66,1289938.64,1146.01,465116.85,207675.26,257441.58999999997,1,2,C1 - Global Investors,2
C1250,Individual,Jordan,Stewart,1950-04-19,M,Usa,Nevada,Home,5,No,Agency,395,379,404,417,405,76,3,527553.87,1582661.61,1674.54,554882.17,513299.69,41582.48000000004,1,2,C1 - Global Investors,2
C1251,Individual,Aaron,Thompson,1975-11-01,M,Usa,Texas,Investment,5,No,Website,395,379,404,417,405,50,4,311678.59,1246714.37,967.0,448815.67,220469.2,228346.46999999997,0,3,C2 - First-Time Buyers,3
C1252,Individual,Margaret,Cook,1962-02-27,F,Usa,Arizona,Home,3,Yes,Website,395,379,404,417,405,64,3,379224.52,1137673.55,1221.68,513716.25,295574.91,218141.34000000003,0,3,C2 - First-Time Buyers,3
C1253,Individual,Jason,Flores,1991-09-24,M,Usa,California,Home,2,No,Agency,395,379,404,417,405,34,3,255720.74,767162.22,814.35,378213.4,116092.04,262121.36000000004,0,3,C2 - First-Time Buyers,3
C1254,Individual,Ethan,Freeman,1956-04-04,M,Usa,California,Home,5,Yes,Agency,395,379,404,417,405,70,4,401012.72,1604050.88,1279.9,471923.26,267340.32,204582.94,1,2,C1 - Global Investors,2
C1255,Individual,Mark,Patterson,1999-09-15,M,Usa,California,Home,3,No,Agency,395,379,404,417,405,26,4,276282.55,1105130.19,942.04,469476.95,173539.43,295937.52,0,3,C2 - First-Time Buyers,3
C1256,Company,Triton,Co,1972-02-18,F,Usa,California,Investment,4,No,Agency,395,379,404,417,405,54,3,409097.67,1227293.02,1357.19,483098.81,307624.42,175474.39,0,3,C2 - First-Time Buyers,3
C1257,Individual,Michael,Scott,1991-12-22,M,Usa,California,Home,5,Yes,Agency,395,379,404,417,405,34,3,283516.71,850550.13,893.38,426820.06,165624.19,261195.87,0,3,C2 - First-Time Buyers,3
C1258,Individual,Betty,Stone,1969-06-22,F,Usa,Nevada,Home,1,No,Website,395,379,404,417,405,56,4,253909.05,1015636.19,821.36,364302.2,134549.97,229752.23,0,3,C2 - First-Time Buyers,3
C1259,Individual,William,Edwards,1971-02-19,M,Usa,California,Investment,3,Yes,Agency,395,379,404,417,405,55,4,314191.63,1256766.51,1004.16,464754.23,135427.72,329326.51,0,3,C2 - First-Time Buyers,3
C1260,Individual,Elizabeth,Ward,1992-08-24,F,Usa,California,Home,2,No,Agency,395,379,404,417,405,33,4,408362.34,1633449.34,1423.17,541416.84,261007.06,280409.77999999997,1,2,C1 - Global Investors,2
C1261,Individual,Patrick,Kim,1976-09-03,M,Usa,Utah,Home,3,No,Client,395,379,404,417,405,49,3,497054.57,1491163.72,1504.28,596435.43,418846.63,177588.80000000005,1,2,C1 - Global Investors,3
C1262,Individual,Dorothy,Evans,1950-11-10,F,Usa,California,Investment,4,No,Agency,395,379,404,417,405,75,3,320475.12,961425.37,1077.32,443089.55,160112.49,282977.06,0,3,C2 - First-Time Buyers,3
C1263,Individual,Lawrence,Alexander,1951-11-17,M,Usa,California,Investment,3,No,Agency,395,379,404,417,405,74,4,493846.05,1975384.2,1602.67,599817.91,345685.38,254132.53000000003,1,2,C1 - Global Investors,2
C1264,Individual,Sarah,Garcia,1999-12-06,F,Usa,California,Investment,1,No,Agency,395,379,404,417,405,26,3,429057.82,1287173.46,1452.26,564663.44,279490.72,285172.72,1,2,C1 - Global Investors,2
C1265,Individual,Gary,White,1943-03-24,M,Usa,Washington,Home,1,Yes,Agency,395,379,404,417,405,83,3,356810.99,1070432.96,1325.71,421254.04,302296.14,118957.89999999997,0,3,C2 - First-Time Buyers,3
C1266,Individual,Christopher,Hughes,1952-06-20,M,Uk,England,Home,2,No,Website,395,379,404,417,405,73,4,301072.93,1204291.73,1101.99,444502.63,138490.04,306012.58999999997,0,1,C4 - Luxury Investors,1
C1267,Individual,Dorothy,Peterson,1965-04-07,F,Usa,Colorado,Home,3,Yes,Website,395,379,404,417,405,61,3,466644.63,1399933.88,1529.46,555003.81,374108.25,180895.56000000006,1,2,C1 - Global Investors,2
C1268,Individual,Gloria,Green,1995-10-01,F,Uk,Northern Ireland,Investment,1,Yes,Website,395,379,404,417,405,30,3,322976.08,968928.25,1003.31,396573.07,189284.34,207288.73,0,1,C4 - Luxury Investors,1
C1269,Individual,Jack,Bennett,1964-09-28,M,Usa,California,Home,5,No,Website,395,379,404,417,405,61,3,348845.0,1046535.0,1169.05,535553.54,240771.42,294782.12,0,3,C2 - First-Time Buyers,3
C1270,Individual,Cheryl,Ward,1978-10-18,F,Usa,Texas,Home,4,No,Agency,395,379,404,417,405,47,3,436811.84,1310435.53,1465.92,556733.5,359774.82,196958.68,1,2,C1 - Global Investors,2
C1271,Individual,Noah,Anderson,1992-09-10,M,Usa,California,Home,2,Yes,Agency,395,379,404,417,405,33,4,324227.96,1296911.85,1040.52,477444.0,138775.59,338668.41000000003,1,2,C1 - Global Investors,2
C1272,Individual,Ryan,Collins,1941-05-13,M,France,Occitanie,Home,1,Yes,Website,395,379,404,417,405,85,3,259610.27,778830.8,899.62,361880.91,159899.33,201981.58,0,0,C3 - Corporate Buyers,1
C1273,Individual,Gerald,Jordan,1968-05-13,M,Canada,Alberta,Home,5,No,Website,395,379,404,417,405,58,3,487360.11,1462080.32,1592.12,584971.87,358930.28,226041.58999999997,1,2,C1 - Global Investors,0
C1274,Individual,Linda,Jones,1979-07-09,F,Usa,California,Investment,1,Yes,Website,395,379,404,417,405,46,3,346277.28,1038831.85,1193.77,514067.14,135401.82,378665.32,0,3,C2 - First-Time Buyers,3
C1275,Individual,Jessica,Roberts,1969-02-26,F,Usa,Georgia,Investment,1,No,Website,395,379,404,417,405,57,4,434398.25,1737593.0,1312.82,567459.84,267056.16,300403.68,1,2,C1 - Global Investors,2
C1276,Individual,Arthur,Griffin,1940-03-09,M,Australia,Victoria,Home,1,Yes,Agency,395,379,404,417,405,86,3,545305.99,1635917.97,1754.94,569679.58,523881.71,45797.86999999994,1,2,C1 - Global Investors,0
C1277,Individual,Lauren,Griffin,1981-04-01,F,Usa,California,Investment,2,No,Agency,395,379,404,417,405,45,3,423416.89,1270250.68,1267.41,534790.76,300501.51,234289.25,1,2,C1 - Global Investors,2
C1278,Individual,Arthur,Griffin,1997-07-25,M,Usa,Utah,Home,4,No,Website,395,379,404,417,405,28,3,228529.27,685587.81,791.04,366304.94,137774.09,228530.85,0,3,C2 - First-Time Buyers,3
C1279,Individual,Peter,Martin,1943-10-12,M,Usa,California,Home,4,Yes,Website,395,379,404,417,405,82,3,426041.2,1278123.59,1366.56,498957.88,332480.57,166477.31,1,2,C1 - Global Investors,2
C1280,Individual,Jacob,Bennett,1953-09-19,M,Usa,Texas,Home,2,Yes,Website,395,379,404,417,405,72,3,431945.56,1295836.68,1445.29,522661.73,325187.7,197474.02999999997,1,2,C1 - Global Investors,2
C1281,Individual,Deborah,Edwards,1998-06-12,F,Canada,Manitoba,Investment,2,Yes,Website,395,379,404,417,405,27,3,296437.38,889312.14,899.99,372974.76,150326.78,222647.98,0,3,C2 - First-Time Buyers,0
C1282,Individual,Ashley,Taylor,1996-05-18,F,Usa,Colorado,Investment,3,Yes,Agency,395,379,404,417,405,30,4,325749.65,1302998.6,1155.47,387508.03,231932.27,155575.76000000004,1,2,C1 - Global Investors,2
C1283,Individual,Janice,Collins,1945-11-08,F,Usa,New York,Home,3,No,Agency,395,379,404,417,405,80,4,369762.74,1479050.94,1185.59,705490.95,163296.22,542194.73,1,2,C1 - Global Investors,2
C1284,Individual,Patrick,Bennett,1955-10-16,M,Usa,California,Home,2,No,Website,395,379,404,417,405,70,4,360966.38,1443865.51,1111.65,575967.88,212299.67,363668.20999999996,1,2,C1 - Global Investors,2
C1285,Individual,Steven,Cox,1954-03-02,M,Usa,Utah,Home,4,Yes,Website,395,379,404,417,405,72,3,536530.86,1609592.58,1680.53,634786.2,411162.25,223623.94999999995,1,2,C1 - Global Investors,2
C1286,Individual,Stephen,Evans,1963-07-10,M,Usa,California,Home,5,No,Agency,395,379,404,417,405,62,3,401102.3,1203306.91,1192.59,558250.19,245818.42,312431.7699999999,0,3,C2 - First-Time Buyers,3
C1287,Individual,Diane,Hughes,1998-04-07,F,Usa,California,Investment,4,No,Website,395,379,404,417,405,28,3,281193.79,843581.37,901.63,473066.31,155535.1,317531.20999999996,0,3,C2 - First-Time Buyers,3
C1288,Individual,Sean,Cooper,1941-01-20,M,Belgium,Wallonia,Home,3,No,Agency,395,379,404,417,405,85,3,323712.23,971136.69,1155.46,408970.7,255065.59,153905.11000000002,0,3,C2 - First-Time Buyers,1
C1289,Individual,Samuel,Freeman,1973-07-26,M,Mexico,Jalisco,Investment,1,Yes,Agency,395,379,404,417,405,52,4,269040.46,1076161.86,854.58,501437.39,157806.81,343630.58,0,3,C2 - First-Time Buyers,0
C1290,Individual,Teresa,Long,1973-10-24,F,Usa,Washington,Home,3,Yes,Website,395,379,404,417,405,52,4,333108.23,1332432.91,1195.19,498675.17,214449.4,284225.77,1,2,C1 - Global Investors,2
C1291,Individual,Paul,Johnson,1983-11-09,M,Usa,California,Investment,5,Yes,Website,395,379,404,417,405,42,3,374467.82,1123403.46,1240.61,493844.01,292085.01,201759.0,0,3,C2 - First-Time Buyers,3
C1292,Individual,Jordan,Evans,1977-05-22,M,Usa,Texas,Investment,5,Yes,Website,395,379,404,417,405,48,4,274841.48,1099365.94,1000.42,398499.79,175097.75,223402.03999999998,0,3,C2 - First-Time Buyers,3
C1293,Individual,Anna,Wright,1972-08-01,F,Usa,California,Home,1,No,Agency,395,379,404,417,405,53,4,463392.52,1853570.08,1552.15,545279.84,359308.65,185971.18999999994,1,2,C1 - Global Investors,2
C1294,Individual,Henry,Davis,1963-02-09,M,Canada,Ontario,Investment,3,Yes,Agency,395,379,404,417,405,63,3,406844.43,1220533.28,1371.61,466941.91,345739.94,121201.96999999997,0,3,C2 - First-Time Buyers,0
C1295,Individual,Anna,Bryant,1992-04-21,F,Usa,California,Investment,1,Yes,Website,395,379,404,417,405,34,4,369709.14,1478836.57,1202.26,555296.53,253232.44,302064.09,1,2,C1 - Global Investors,2
C1296,Individual,Keith,Hughes,1963-06-02,M,Usa,Virginia,Home,1,No,Website,395,379,404,417,405,62,3,341709.24,1025127.71,1089.46,398516.06,234587.05,163929.01,0,3,C2 - First-Time Buyers,3
C1297,Company,Vertex,Co,1983-09-06,M,Germany,Berlin,Home,5,No,Website,395,379,404,417,405,42,3,389955.4,1169866.19,1267.41,475302.44,242719.06,232583.38,0,3,C2 - First-Time Buyers,1
C1298,Individual,Margaret,Taylor,1968-08-04,F,Usa,California,Home,2,No,Agency,395,379,404,417,405,57,4,392840.03,1571360.11,1276.82,531754.05,162549.19,369204.86000000004,1,2,C1 - Global Investors,2
C1299,Individual,Karen,James,1944-05-05,F,Usa,California,Investment,3,No,Website,395,379,404,417,405,82,3,432200.14,1296600.42,1440.19,592203.73,241453.85,350749.88,1,2,C1 - Global Investors,2
C1300,Individual,Judith,Collins,1961-01-06,F,Usa,California,Home,2,No,Website,395,379,404,417,405,65,3,476256.96,1428770.88,1451.54,608055.99,263088.1,344967.89,1,2,C1 - Global Investors,2
C1301,Individual,Benjamin,Hayes,1955-12-17,M,Usa,Virginia,Home,2,No,Agency,395,379,404,417,405,70,3,247379.96,742139.88,851.87,361857.17,143209.81,218647.36,0,3,C2 - First-Time Buyers,3
C1302,Individual,Jerry,Anderson,1996-04-19,M,Usa,Arizona,Investment,5,No,Website,395,379,404,417,405,30,4,427383.15,1709532.6,1486.33,562560.39,162561.81,399998.58,1,2,C1 - Global Investors,2
C1303,Individual,Christian,Miller,1962-08-22,M,Usa,Arizona,Home,3,Yes,Website,395,379,404,417,405,63,3,326472.99,979418.98,1106.35,461029.16,167625.61,293403.55,0,3,C2 - First-Time Buyers,3
C1304,Individual,Angela,Cook,1985-06-08,F,Usa,California,Investment,1,No,Website,395,379,404,417,405,40,3,321915.94,965747.81,1049.38,399943.02,264804.47,135138.55000000005,0,3,C2 - First-Time Buyers,3
C1305,Individual,Catherine,Anderson,1978-09-17,F,Usa,Georgia,Home,4,No,Website,395,379,404,417,405,47,4,258547.72,1034190.9,853.07,354247.08,161146.12,193100.96000000002,0,3,C2 - First-Time Buyers,3
C1306,Individual,Kathleen,Morales,1948-03-18,F,Usa,Washington,Home,5,No,Website,395,379,404,417,405,78,3,322364.92,967094.76,1090.77,448817.69,142513.06,306304.63,0,3,C2 - First-Time Buyers,3
C1307,Individual,Rachel,Rogers,1993-02-14,F,Usa,Colorado,Home,5,No,Agency,395,379,404,417,405,33,3,306813.01,920439.02,1012.96,357710.2,245895.64,111814.56,0,3,C2 - First-Time Buyers,3
C1308,Individual,Timothy,Sanders,2000-03-04,M,Usa,California,Investment,5,No,Agency,395,379,404,417,405,26,4,340889.78,1363559.13,1042.2,599958.23,207424.44,392533.79,1,2,C1 - Global Investors,2
C1309,Individual,David,Reyes,1999-12-06,M,Usa,California,Home,5,No,Website,395,379,404,417,405,26,3,486723.8,1460171.41,1674.54,541188.53,447127.24,94061.29000000004,1,2,C1 - Global Investors,2
C1310,Individual,Ann,Roberts,1955-05-04,F,Usa,New York,Home,5,No,Agency,395,379,404,417,405,71,4,311083.54,1244334.14,1077.2,411257.15,200311.05,210946.10000000003,0,3,C2 - First-Time Buyers,3
C1311,Individual,Christopher,Ward,1940-08-14,M,Uk,England,Home,4,Yes,Client,395,379,404,417,405,85,3,450758.55,1352275.64,1330.22,660723.3,200210.26,460513.04000000004,1,1,C4 - Luxury Investors,1
C1312,Individual,Timothy,Stone,1942-09-03,M,Usa,New York,Home,5,No,Website,395,379,404,417,405,83,3,262292.35,786877.06,801.46,375142.73,187358.7,187784.02999999997,0,3,C2 - First-Time Buyers,3
C1313,Individual,Heather,Reed,1972-03-17,F,Australia,Western Australia,Investment,3,No,Website,395,379,404,417,405,54,3,332526.54,997579.61,1138.42,408030.78,216600.53,191430.25000000003,0,3,C2 - First-Time Buyers,0
C1314,Individual,Rachel,Miller,1964-09-17,F,Usa,Arizona,Home,3,No,Website,395,379,404,417,405,61,3,267776.41,803329.23,1037.11,446138.39,154701.24,291437.15,0,3,C2 - First-Time Buyers,3
C1315,Individual,Joshua,Garcia,1948-12-24,M,Usa,Colorado,Home,3,No,Agency,395,379,404,417,405,77,3,355436.16,1066308.48,1136.21,500985.77,211606.59,289379.18000000005,0,3,C2 - First-Time Buyers,3
C1316,Individual,Emma,King,1993-05-09,F,Usa,Colorado,Home,2,Yes,Website,395,379,404,417,405,33,4,309540.74,1238162.97,1052.83,476167.41,205486.74,270680.67,0,3,C2 - First-Time Buyers,3
C1317,Company,Atlas,Co,1973-11-27,M,Usa,Utah,Home,2,Yes,Website,395,379,404,417,405,52,3,438400.04,1315200.12,1460.49,510290.62,296670.36,213620.26,1,2,C1 - Global Investors,3
C1318,Individual,William,Montgomery,1943-01-18,M,Usa,Texas,Home,1,No,Website,395,379,404,417,405,83,4,355981.0,1423923.98,1169.62,453584.44,231332.06,222252.38,1,2,C1 - Global Investors,2
C1319,Individual,Grace,James,1954-08-17,F,Usa,Florida,Home,3,Yes,Client,395,379,404,417,405,71,4,356176.03,1424704.13,1227.64,477046.12,218343.57,258702.55,1,2,C1 - Global Investors,3
C1320,Individual,Peter,Reyes,1969-05-03,M,Usa,California,Investment,1,No,Website,395,379,404,417,405,57,3,359231.01,1077693.04,1129.18,429318.55,278539.81,150778.74,0,3,C2 - First-Time Buyers,3
C1321,Individual,Christopher,Reed,1990-09-11,M,Usa,Colorado,Investment,5,No,Client,395,379,404,417,405,35,3,262615.79,787847.37,853.81,334266.66,200227.78,134038.87999999998,0,3,C2 - First-Time Buyers,3
C1322,Individual,Barbara,Reyes,1994-12-26,F,Usa,California,Home,5,No,Agency,395,379,404,417,405,31,3,364675.45,1094026.34,1255.12,461651.6,244393.48,217258.11999999997,0,3,C2 - First-Time Buyers,3
C1323,Individual,Nicholas,Moore,1963-07-28,M,Usa,Utah,Home,3,No,Website,395,379,404,417,405,62,4,295163.65,1180654.6,975.42,496038.87,155811.47,340227.4,0,3,C2 - First-Time Buyers,3
C1324,Individual,Carl,Edwards,1992-04-21,M,Usa,Arizona,Investment,2,Yes,Agency,395,379,404,417,405,34,3,441102.17,1323306.51,1471.62,487388.83,409681.61,77707.22000000003,1,2,C1 - Global Investors,2
C1325,Individual,George,Jones,1974-12-09,M,Canada,Alberta,Home,5,Yes,Agency,395,379,404,417,405,51,4,345073.14,1380292.56,1098.17,448348.86,234934.93,213413.93,1,2,C1 - Global Investors,0
C1326,Individual,Brandon,Mitchell,1944-05-22,M,Usa,Colorado,Investment,4,No,Website,395,379,404,417,405,81,4,372394.5,1489578.01,1239.14,578726.68,231059.65,347667.03,1,2,C1 - Global Investors,2
C1327,Individual,Betty,Carter,1993-05-14,F,Usa,California,Home,4,Yes,Website,395,379,404,417,405,33,3,221339.27,664017.81,775.57,294967.99,177455.16,117512.82999999999,0,3,C2 - First-Time Buyers,3
C1328,Individual,Sandra,Cooper,1956-07-23,F,Usa,Washington,Home,4,No,Website,395,379,404,417,405,69,4,334320.82,1337283.29,1173.81,477048.94,121543.19,355505.75,1,2,C1 - Global Investors,2
C1329,Individual,Scott,Parker,1968-04-28,M,Usa,California,Investment,3,Yes,Agency,395,379,404,417,405,58,3,347265.85,1041797.56,1127.15,457406.52,202671.27,254735.25000000003,0,3,C2 - First-Time Buyers,3
C1330,Individual,Kelly,James,1975-05-02,F,Usa,Colorado,Investment,2,No,Agency,395,379,404,417,405,51,4,208774.22,835096.87,699.54,237035.97,192486.8,44549.17000000001,0,3,C2 - First-Time Buyers,3
C1331,Individual,Christina,Bennett,1986-10-06,F,Usa,California,Investment,1,No,Agency,395,379,404,417,405,39,3,349319.37,1047958.11,1113.29,512206.73,219128.51,293078.22,0,3,C2 - First-Time Buyers,3
C1332,Individual,Michael,Howard,1995-12-11,M,Usa,Washington,Investment,5,Yes,Agency,395,379,404,417,405,30,3,409117.88,1227353.63,1350.49,463019.11,377248.32,85770.78999999998,0,3,C2 - First-Time Buyers,3
C1333,Individual,Jack,Hansen,1988-03-27,M,Usa,Nevada,Investment,2,Yes,Website,395,379,404,417,405,38,4,341077.61,1364310.45,1146.99,521531.29,155369.51,366161.77999999997,1,2,C1 - Global Investors,2
C1334,Individual,Victoria,Nelson,1965-12-08,F,Usa,California,Home,5,Yes,Agency,395,379,404,417,405,60,4,476660.44,1906641.78,1552.15,586460.03,350292.46,236167.57,1,2,C1 - Global Investors,2
C1335,Individual,Elizabeth,Hall,1982-05-01,F,Usa,Oregon,Investment,2,Yes,Website,395,379,404,417,405,44,3,333836.86,1001510.58,1070.19,565457.28,195270.55,370186.73000000004,0,3,C2 - First-Time Buyers,3
C1336,Individual,Joyce,Thompson,1948-12-09,F,Usa,California,Home,5,No,Client,395,379,404,417,405,77,4,342897.85,1371591.4,1182.37,469331.42,175837.18,293494.24,1,2,C1 - Global Investors,3
C1337,Individual,Jennifer,Johnson,1953-09-20,F,Usa,California,Investment,5,No,Website,395,379,404,417,405,72,4,327747.43,1310989.71,1073.9,472750.27,213999.9,258750.37000000002,1,2,C1 - Global Investors,2
C1338,Individual,Christine,James,1968-12-01,F,Usa,California,Home,2,Yes,Website,395,379,404,417,405,57,3,365606.21,1096818.64,1169.05,596755.57,238111.34,358644.23,0,3,C2 - First-Time Buyers,3
C1339,Company,Rexon,Co,1961-02-24,M,Usa,Nevada,Home,4,Yes,Website,395,379,404,417,405,65,4,383085.16,1532340.63,1338.9,480760.06,222588.56,258171.5,1,2,C1 - Global Investors,3
C1340,Company,Forsyte,Co,1988-12-05,M,Usa,Colorado,Home,5,No,Website,395,379,404,417,405,37,4,436512.48,1746049.93,1421.46,528732.35,292852.5,235879.84999999998,1,2,C1 - Global Investors,3
C1341,Individual,Julie,Cox,1952-09-23,F,Usa,Colorado,Home,5,Yes,Website,395,379,404,417,405,73,3,252231.61,756694.83,952.26,432814.05,137803.15,295010.9,0,3,C2 - First-Time Buyers,3
C1342,Individual,Maria,Griffin,1964-02-21,F,Usa,California,Home,1,Yes,Agency,395,379,404,417,405,62,3,307574.06,922722.19,1003.31,392025.92,176372.47,215653.44999999998,0,3,C2 - First-Time Buyers,3
C1343,Individual,Megan,Turner,1995-03-13,F,Canada,Ontario,Home,5,No,Agency,395,379,404,417,405,31,3,335049.55,1005148.64,1161.54,503297.17,229781.3,273515.87,0,3,C2 - First-Time Buyers,0
C1344,Individual,Carl,Phillips,1974-05-24,M,Usa,Florida,Home,1,No,Agency,395,379,404,417,405,51,4,329872.73,1319490.92,1139.47,531318.81,151275.21,380043.6000000001,1,2,C1 - Global Investors,2
C1345,Individual,Mary,Parker,1956-04-25,F,Usa,Texas,Home,5,No,Website,395,379,404,417,405,70,3,314155.8,942467.41,1049.31,476279.51,229822.2,246457.31,0,3,C2 - First-Time Buyers,3
C1346,Company,Triton,Co,1987-03-18,F,Usa,Colorado,Investment,4,No,Agency,395,379,404,417,405,39,3,345874.46,1037623.39,1088.59,402065.13,251330.42,150734.71,0,3,C2 - First-Time Buyers,3
C1347,Individual,Mark,James,1956-02-13,M,Usa,Washington,Home,2,No,Client,395,379,404,417,405,70,3,333901.83,1001705.48,1090.95,375916.09,264187.44,111728.65000000002,0,3,C2 - First-Time Buyers,3
C1348,Individual,Peter,Harris,1998-07-16,M,Usa,Oregon,Home,4,Yes,Client,395,379,404,417,405,27,3,340436.64,1021309.93,1186.05,398340.41,298413.06,99927.34999999998,0,3,C2 - First-Time Buyers,3
C1349,Individual,Joyce,Johnson,1982-02-14,F,Usa,Virginia,Investment,3,No,Website,395,379,404,417,405,44,3,257728.78,773186.34,952.07,313612.06,214050.49,99561.57,0,3,C2 - First-Time Buyers,3
C1350,Individual,Julia,King,1991-05-17,F,Germany,Hamburg,Home,5,No,Website,395,379,404,417,405,35,4,185824.22,743296.88,632.22,213732.45,160847.73,52884.72,0,3,C2 - First-Time Buyers,1
C1351,Individual,Judith,Long,1987-06-24,F,Australia,South Australia,Home,2,No,Client,395,379,404,417,405,38,4,350114.35,1400457.41,1234.81,482951.02,260656.65,222294.37000000002,1,2,C1 - Global Investors,0
C1352,Individual,Benjamin,Gray,1989-03-16,M,Usa,California,Home,2,Yes,Agency,395,379,404,417,405,37,3,511987.73,1535963.18,1635.62,629513.2,415621.37,213891.82999999996,1,2,C1 - Global Investors,2
C1353,Individual,Debra,Jackson,1997-10-15,F,Canada,Alberta,Home,1,No,Agency,395,379,404,417,405,28,3,177532.75,532598.24,564.01,256968.41,133442.26,123526.15,0,3,C2 - First-Time Buyers,0
C1354,Individual,Patrick,Johnson,1941-04-09,M,Usa,Florida,Home,5,No,Website,395,379,404,417,405,85,3,515266.65,1545799.94,1685.28,693830.82,389622.67,304208.14999999997,1,2,C1 - Global Investors,2
C1355,Individual,Shirley,Owens,1966-11-22,F,Usa,California,Investment,2,Yes,Client,395,379,404,417,405,59,3,415148.93,1245446.78,1523.69,565996.94,252295.18,313701.75999999995,0,2,C1 - Global Investors,3
C1356,Individual,Jonathan,Morales,1994-03-26,M,Usa,Oregon,Investment,4,No,Agency,395,379,404,417,405,32,3,496745.87,1490237.62,1648.6,615554.68,353628.52,261926.16000000003,1,2,C1 - Global Investors,2
C1357,Individual,Danielle,Patterson,1987-03-01,F,Usa,California,Home,5,Yes,Website,395,379,404,417,405,39,3,359127.85,1077383.54,1104.51,617600.77,174422.08,443178.69000000006,0,3,C2 - First-Time Buyers,3
C1358,Individual,Gregory,Taylor,1943-01-05,M,Usa,Texas,Home,4,No,Agency,395,379,404,417,405,83,3,321726.94,965180.83,1078.79,442609.68,139220.68,303389.0,0,3,C2 - First-Time Buyers,3
C1359,Individual,Gary,Owens,1975-07-25,M,Usa,Virginia,Home,3,No,Agency,395,379,404,417,405,50,4,345333.82,1381335.3,1093.05,558406.39,240718.43,317687.96,1,2,C1 - Global Investors,2
C1360,Individual,Billy,Nelson,1990-11-27,M,Usa,Virginia,Home,4,No,Agency,395,379,404,417,405,35,3,333668.85,1001006.54,1111.3,490050.27,198493.91,291556.36,0,3,C2 - First-Time Buyers,3
C1361,Individual,Ashley,Owens,1943-07-21,F,Usa,California,Home,3,No,Client,395,379,404,417,405,82,4,382315.08,1529260.3,1296.56,425691.8,314592.39,111099.40999999997,1,2,C1 - Global Investors,3
C1362,Individual,Laura,Jordan,1965-04-13,F,Usa,California,Investment,1,Yes,Agency,395,379,404,417,405,61,4,248282.96,993131.84,894.9,443196.31,153410.17,289786.14,0,3,C2 - First-Time Buyers,3
C1363,Individual,James,Stone,1981-06-04,M,Usa,Georgia,Home,5,Yes,Agency,395,379,404,417,405,44,4,277479.84,1109919.36,942.04,468875.36,162372.88,306502.48,0,3,C2 - First-Time Buyers,3
C1364,Individual,Andrea,Watson,1998-12-23,F,Usa,California,Investment,1,No,Website,395,379,404,417,405,27,4,300394.73,1201578.93,1120.62,375792.14,136913.45,238878.69,0,3,C2 - First-Time Buyers,3
C1365,Individual,Tiffany,Sanders,1969-03-16,F,Belgium,Brussels,Investment,5,Yes,Website,395,379,404,417,405,57,4,360973.5,1443894.02,1260.06,549656.89,191700.01,357956.88,1,2,C1 - Global Investors,1
C1366,Individual,George,Thompson,1995-07-27,M,Usa,California,Home,1,No,Website,395,379,404,417,405,30,3,496175.04,1488525.13,1678.61,568157.47,407646.04,160511.43,1,2,C1 - Global Investors,2
C1367,Individual,Stephanie,Jordan,1953-01-11,F,Germany,Berlin,Home,2,No,Client,395,379,404,417,405,73,3,345296.5,1035889.5,1124.5,511596.53,247507.53,264089.0,0,3,C2 - First-Time Buyers,1
C1368,Individual,Jose,Gray,1947-11-22,M,Usa,California,Home,5,Yes,Client,395,379,404,417,405,78,4,344744.87,1378979.49,1042.66,508149.11,148440.79,359708.31999999995,1,2,C1 - Global Investors,3
C1369,Individual,Peter,Garcia,1983-10-07,M,France,Brittany,Home,4,Yes,Agency,395,379,404,417,405,42,4,403848.53,1615394.12,1338.9,581627.97,218880.85,362747.12,1,0,C3 - Corporate Buyers,1
C1370,Individual,Frank,Evans,1965-06-04,M,Usa,Colorado,Investment,1,No,Agency,395,379,404,417,405,60,4,208664.81,834659.23,700.78,234080.49,164608.18,69472.31,0,3,C2 - First-Time Buyers,3
C1371,Individual,Timothy,Thomas,1989-06-19,M,Uk,England,Home,2,Yes,Website,395,379,404,417,405,36,4,259170.3,1036681.19,948.84,312372.65,189778.78,122593.87000000002,0,1,C4 - Luxury Investors,1
C1372,Individual,Lisa,Turner,1981-11-21,F,Usa,Washington,Investment,2,No,Website,395,379,404,417,405,44,3,291624.27,874872.8,1049.31,394401.98,231660.78,162741.19999999998,0,3,C2 - First-Time Buyers,3
C1373,Individual,Melissa,Evans,1992-10-11,F,Usa,California,Home,3,Yes,Website,395,379,404,417,405,33,3,425221.09,1275663.27,1221.68,609943.05,320824.87,289118.18000000005,1,2,C1 - Global Investors,2
C1374,Company,Quasar,Co,1990-01-25,M,France,Ile-De-France,Home,3,Yes,Agency,395,379,404,417,405,36,3,410196.76,1230590.28,1321.52,525078.29,343500.43,181577.86000000004,0,0,C3 - Corporate Buyers,1
C1375,Individual,Carolyn,Flores,1972-11-22,F,Usa,California,Investment,4,Yes,Agency,395,379,404,417,405,53,4,274295.6,1097182.39,987.5,385581.71,149623.91,235957.80000000002,0,3,C2 - First-Time Buyers,3
C1376,Individual,Carolyn,Edwards,1987-06-23,F,Usa,Arizona,Investment,3,Yes,Agency,395,379,404,417,405,38,3,424129.1,1272387.3,1493.24,540188.44,307679.73,232508.70999999996,1,2,C1 - Global Investors,2
C1377,Individual,Laura,Long,1984-01-04,F,Usa,Utah,Investment,2,No,Website,395,379,404,417,405,42,3,276147.14,828441.41,862.11,333823.75,206318.0,127505.75,0,3,C2 - First-Time Buyers,3
C1378,Individual,Maria,Morales,1976-11-19,F,Usa,California,Investment,1,No,Website,395,379,404,417,405,49,3,466579.96,1399739.87,1464.85,657622.51,320250.05,337372.46,1,2,C1 - Global Investors,2
C1379,Individual,Kevin,Gray,1970-06-11,M,Uk,Scotland,Home,2,No,Website,395,379,404,417,405,55,3,275922.56,827767.69,1077.32,353529.48,146552.13,206977.34999999998,0,1,C4 - Luxury Investors,1
C1380,Individual,Michael,Hughes,1949-10-15,M,Canada,Alberta,Investment,4,No,Website,395,379,404,417,405,76,3,337514.06,1012542.18,1052.45,349143.67,315292.46,33851.20999999996,0,3,C2 - First-Time Buyers,0
C1381,Individual,Eric,Cox,1962-06-16,M,Germany,Hesse,Home,3,Yes,Website,395,379,404,417,405,63,3,360879.97,1082639.91,1131.1,537510.16,268688.51,268821.65,0,3,C2 - First-Time Buyers,1
C1382,Individual,Adam,James,1951-05-19,M,Usa,Oregon,Home,2,No,Website,395,379,404,417,405,75,4,294227.53,1176910.13,1024.34,348186.07,179336.56,168849.51,0,3,C2 - First-Time Buyers,3
C1383,Individual,Noah,Moore,1992-11-11,M,Usa,California,Home,2,No,Agency,395,379,404,417,405,33,3,288256.28,864768.83,899.99,340376.82,185581.94,154794.88,0,3,C2 - First-Time Buyers,3
C1384,Individual,Mary,Young,1988-03-10,F,Usa,California,Home,2,Yes,Agency,395,379,404,417,405,38,3,301826.68,905480.04,1016.76,344081.34,264639.92,79441.42000000004,0,3,C2 - First-Time Buyers,3
C1385,Individual,Kenneth,Owens,1946-06-01,M,Usa,California,Home,1,No,Agency,395,379,404,417,405,79,3,394327.68,1182983.03,1186.44,666248.73,198833.21,467415.52,0,3,C2 - First-Time Buyers,3
C1386,Individual,Harold,Howard,1947-08-23,M,Usa,Washington,Home,4,Yes,Website,395,379,404,417,405,78,3,428122.26,1284366.78,1431.79,551266.41,199163.2,352103.21,1,2,C1 - Global Investors,2
C1387,Individual,Jose,Reed,1943-05-27,M,Germany,Hamburg,Investment,4,No,Website,395,379,404,417,405,82,3,268183.49,804550.47,901.63,463001.84,168550.58,294451.26,0,3,C2 - First-Time Buyers,1
C1388,Individual,Hannah,Stone,1999-04-20,F,Usa,Washington,Home,3,No,Website,395,379,404,417,405,27,3,394343.69,1183031.06,1283.46,567781.4,131544.5,436236.9,0,3,C2 - First-Time Buyers,3
C1389,Individual,Jordan,Montgomery,1952-07-03,M,Uk,Scotland,Home,2,No,Website,395,379,404,417,405,73,4,435630.71,1742522.83,1282.79,705388.85,218049.7,487339.14999999997,1,1,C4 - Luxury Investors,1
C1390,Individual,Lauren,Thomas,1979-07-21,F,Usa,Nevada,Home,3,No,Website,395,379,404,417,405,46,3,302164.06,906492.19,971.19,378139.97,243387.09,134752.87999999998,0,3,C2 - First-Time Buyers,3
C1391,Individual,Barbara,Campbell,1974-03-06,F,Usa,Utah,Home,1,No,Website,395,379,404,417,405,52,4,394907.0,1579627.98,1343.66,578903.12,305375.05,273528.07,1,2,C1 - Global Investors,2
C1392,Individual,Jose,Johnson,1990-06-05,M,Usa,Colorado,Home,4,Yes,Agency,395,379,404,417,405,35,4,358744.55,1434978.2,1125.51,520703.06,218055.03,302648.03,1,2,C1 - Global Investors,2
C1393,Individual,Virginia,Miller,1981-07-09,F,Mexico,Baja California,Investment,1,No,Agency,395,379,404,417,405,44,4,296950.0,1187799.99,1027.32,459972.28,196546.06,263426.22000000003,0,3,C2 - First-Time Buyers,0
C1394,Individual,Debra,Hansen,1977-02-26,F,Usa,Nevada,Home,4,No,Website,395,379,404,417,405,49,4,331351.15,1325404.6,967.0,439396.11,200206.9,239189.21,1,2,C1 - Global Investors,2
C1395,Individual,Megan,Campbell,1988-09-27,F,Canada,Alberta,Investment,4,No,Website,395,379,404,417,405,37,4,374491.23,1497964.92,1278.04,548965.53,228660.27,320305.26,1,2,C1 - Global Investors,0
C1396,Individual,Steven,Foster,1971-06-02,M,Canada,Manitoba,Investment,3,Yes,Website,395,379,404,417,405,54,3,325690.04,977070.12,1075.83,451060.97,219069.86,231991.11,0,3,C2 - First-Time Buyers,0
C1397,Individual,Linda,Chavez,1983-03-10,F,Usa,Nevada,Home,4,No,Website,395,379,404,417,405,43,4,387842.46,1551369.83,1175.23,583905.11,203257.42,380647.68999999994,1,2,C1 - Global Investors,2
C1398,Individual,Alexander,Jones,1966-12-13,M,Usa,California,Home,5,Yes,Website,395,379,404,417,405,59,3,308848.57,926545.71,1182.08,338606.44,285826.45,52779.98999999999,0,3,C2 - First-Time Buyers,3
C1399,Individual,Lauren,Evans,1978-08-23,F,Canada,British Columbia,Home,5,No,Agency,395,379,404,417,405,47,4,314903.74,1259614.96,1061.13,619157.65,157775.85,461381.80000000005,0,3,C2 - First-Time Buyers,0
C1400,Individual,Maria,Jones,1991-10-24,F,Uk,Northern Ireland,Home,4,No,Client,395,379,404,417,405,34,4,286548.64,1146194.54,939.49,426811.39,131115.08,295696.31000000006,0,1,C4 - Luxury Investors,1
C1401,Individual,Virginia,Brooks,1999-03-24,F,Usa,Virginia,Investment,1,No,Website,395,379,404,417,405,27,4,305880.93,1223523.71,1005.56,368829.15,225076.85,143752.30000000002,0,3,C2 - First-Time Buyers,3
C1402,Individual,Helen,Jordan,1968-09-28,F,Usa,Utah,Home,3,No,Agency,395,379,404,417,405,57,4,348539.98,1394159.93,1132.74,491592.98,270501.66,221091.32,1,2,C1 - Global Investors,2
C1403,Individual,Pamela,Scott,1983-09-22,F,Usa,Oregon,Home,2,No,Website,395,379,404,417,405,42,4,365837.67,1463350.69,1210.74,607483.38,235505.29,371978.08999999997,1,2,C1 - Global Investors,2
C1404,Individual,Sharon,Williams,1950-07-22,F,Usa,California,Home,4,No,Agency,395,379,404,417,405,75,4,298419.51,1193678.04,1024.34,368901.23,181148.12,187753.11,0,3,C2 - First-Time Buyers,3
C1405,Individual,Ryan,Williams,1955-06-08,M,Usa,Oregon,Home,5,No,Agency,395,379,404,417,405,70,3,435574.12,1306722.36,1438.29,556748.94,364614.8,192134.13999999996,1,2,C1 - Global Investors,2
C1406,Individual,Sara,Wood,1970-09-01,F,Usa,California,Home,3,No,Website,395,379,404,417,405,55,4,341103.36,1364413.45,1151.61,474806.32,220783.13,254023.19,1,2,C1 - Global Investors,2
C1407,Individual,Sharon,Hansen,1956-03-22,F,Usa,California,Home,1,No,Agency,395,379,404,417,405,70,4,357429.27,1429717.09,1123.32,517271.54,159112.85,358158.68999999994,1,2,C1 - Global Investors,2
C1408,Company,Grandis,Co,1963-11-13,F,Usa,California,Home,2,No,Agency,395,379,404,417,405,62,4,336258.94,1345035.74,1103.3,595268.86,149009.47,446259.39,1,2,C1 - Global Investors,3
C1409,Individual,Katherine,Price,1957-08-01,F,Usa,Oregon,Investment,2,No,Website,395,379,404,417,405,68,3,357600.37,1072801.12,1117.94,395005.44,330647.39,64358.04999999999,0,3,C2 - First-Time Buyers,3
C1410,Individual,Jennifer,Edwards,1965-12-16,F,Usa,Nevada,Home,2,No,Agency,395,379,404,417,405,60,4,359799.12,1439196.49,1164.01,577676.3,213673.14,364003.16000000003,1,2,C1 - Global Investors,2
C1411,Individual,Anthony,Watson,1987-04-04,M,Usa,California,Home,2,No,Client,395,379,404,417,405,39,4,329705.79,1318823.16,1099.49,461367.86,165302.78,296065.07999999996,1,2,C1 - Global Investors,3
C1412,Company,Optima,Co,1985-06-28,F,Usa,Nevada,Home,2,No,Agency,395,379,404,417,405,40,4,374531.3,1498125.2,1158.73,573336.74,207942.28,365394.45999999996,1,2,C1 - Global Investors,3
C1413,Individual,Margaret,Rogers,1968-09-18,F,Usa,California,Home,4,No,Agency,395,379,404,417,405,57,4,372266.29,1489065.16,1425.77,530069.18,280028.94,250040.24000000005,1,2,C1 - Global Investors,2
C1414,Individual,Michelle,Wright,1975-05-01,F,Usa,Florida,Home,4,No,Website,395,379,404,417,405,51,4,297179.68,1188718.7,972.34,479065.61,179270.66,299794.94999999995,0,3,C2 - First-Time Buyers,3
C1415,Individual,Tyler,Murray,1959-07-14,M,Usa,California,Investment,1,No,Website,395,379,404,417,405,66,3,249599.09,748797.26,879.34,318935.71,161300.27,157635.44000000003,0,3,C2 - First-Time Buyers,3
C1416,Individual,Bryan,Peterson,1954-07-01,M,Usa,Oregon,Home,2,No,Agency,395,379,404,417,405,71,3,472688.8,1418066.39,1452.26,606381.67,250716.18,355665.49000000005,1,2,C1 - Global Investors,2
C1417,Individual,Dennis,Williams,1953-10-26,M,Uk,Scotland,Home,5,No,Website,395,379,404,417,405,72,3,341007.16,1023021.48,1066.59,575664.65,195152.94,380511.71,0,1,C4 - Luxury Investors,1
C1418,Individual,Kyle,Cox,1954-04-06,M,Usa,Ohio,Investment,2,No,Website,395,379,404,417,405,72,3,481078.3,1443234.89,1529.46,542134.93,360894.66,181240.27000000008,1,2,C1 - Global Investors,2
C1419,Individual,Jason,Peterson,1971-08-08,M,Germany,Hamburg,Investment,4,Yes,Website,395,379,404,417,405,54,4,285901.43,1143605.72,928.74,451642.29,180509.34,271132.94999999995,0,3,C2 - First-Time Buyers,1
C1420,Company,Terova,Co,1981-10-20,M,Uk,Wales,Home,5,No,Website,395,379,404,417,405,44,4,299214.17,1196856.69,929.7,431727.12,172730.12,258997.0,0,1,C4 - Luxury Investors,1
C1421,Individual,James,Jones,1957-11-14,M,Usa,Colorado,Home,1,No,Website,395,379,404,417,405,68,3,312852.4,938557.19,1098.07,396446.03,267900.7,128545.33000000002,0,3,C2 - First-Time Buyers,3
C1422,Individual,Billy,Hansen,1955-01-15,M,Usa,Florida,Investment,1,Yes,Website,395,379,404,417,405,71,4,508141.28,2032565.11,1555.3,649524.31,427134.73,222389.58000000007,1,2,C1 - Global Investors,2
C1423,Individual,Jack,Brooks,1955-09-21,M,Uk,Northern Ireland,Home,4,Yes,Website,395,379,404,417,405,70,4,455694.59,1822778.36,1504.1,588224.19,232882.7,355341.48999999993,1,1,C4 - Luxury Investors,1
C1424,Individual,Judy,Harris,1954-03-12,F,Usa,Utah,Home,2,Yes,Agency,395,379,404,417,405,72,3,460918.86,1382756.57,1465.15,602654.49,293155.68,309498.81,1,2,C1 - Global Investors,2
C1425,Individual,Raymond,Taylor,1971-12-16,M,Belgium,Flanders,Home,3,No,Website,395,379,404,417,405,54,3,483187.77,1449563.32,1521.64,576814.21,329008.0,247806.20999999996,1,2,C1 - Global Investors,1
C1426,Individual,Christina,Campbell,1964-05-20,F,Usa,Washington,Home,2,No,Website,395,379,404,417,405,62,4,427274.54,1709098.18,1510.65,507717.69,241264.21,266453.48,1,2,C1 - Global Investors,2
C1427,Individual,Julia,Richardson,1955-05-10,F,Australia,Victoria,Home,5,No,Website,395,379,404,417,405,71,4,344659.05,1378636.21,1184.95,487252.76,209740.71,277512.05000000005,1,2,C1 - Global Investors,0
C1428,Individual,Nicole,Allen,1953-12-05,F,Usa,Oregon,Home,4,Yes,Agency,395,379,404,417,405,72,4,284013.14,1136052.54,946.65,474549.83,155195.53,319354.30000000005,0,3,C2 - First-Time Buyers,3
C1429,Individual,Jesse,Stewart,1991-10-01,M,Usa,Nevada,Investment,5,No,Agency,395,379,404,417,405,34,4,424387.5,1697550.01,1421.46,499234.71,258281.48,240953.23,1,2,C1 - Global Investors,2
C1430,Individual,Patrick,Allen,1963-09-11,M,Usa,Nevada,Home,4,No,Website,395,379,404,417,405,62,3,309487.73,928463.2,1022.67,438596.72,232653.03,205943.68999999997,0,3,C2 - First-Time Buyers,3
C1431,Individual,Melissa,Griffin,1943-07-01,F,Germany,Hesse,Home,3,Yes,Website,395,379,404,417,405,82,4,405039.93,1620159.73,1365.95,567788.73,219643.49,348145.24,1,2,C1 - Global Investors,1
C1432,Individual,Larry,Weaver,1951-12-26,M,Usa,Utah,Home,3,No,Agency,395,379,404,417,405,74,3,287794.58,863383.74,1033.62,301035.57,272177.18,28858.390000000014,0,3,C2 - First-Time Buyers,3
C1433,Individual,Christian,Mitchell,1953-04-12,M,Germany,Hamburg,Home,4,No,Website,395,379,404,417,405,73,3,452703.69,1358111.07,1493.24,626692.98,339295.67,287397.31,1,2,C1 - Global Investors,1
C1434,Company,Terova,Co,1985-06-25,F,Usa,California,Investment,5,No,Agency,395,379,404,417,405,40,4,259660.01,1038640.05,894.9,531069.6,122725.68,408343.92,0,3,C2 - First-Time Buyers,3
C1435,Individual,Zachary,Morales,1967-04-08,M,Usa,Texas,Investment,2,No,Agency,395,379,404,417,405,59,3,301255.29,903765.87,945.65,410695.68,140289.6,270406.07999999996,0,3,C2 - First-Time Buyers,3
C1436,Individual,Kyle,Wright,1998-10-09,M,Usa,California,Home,2,No,Website,395,379,404,417,405,27,3,323305.73,969917.19,992.22,363203.22,301401.46,61801.75999999995,0,3,C2 - First-Time Buyers,3
C1437,Individual,Gerald,Stewart,1997-04-08,M,Usa,Arizona,Investment,5,No,Agency,395,379,404,417,405,29,4,417237.14,1668948.58,1332.28,614304.54,269136.39,345168.15,1,2,C1 - Global Investors,2
C1438,Individual,Benjamin,Taylor,1988-08-04,M,Usa,California,Home,2,Yes,Agency,395,379,404,417,405,37,3,418371.67,1255115.0,1321.5,574838.1,234943.46,339894.64,0,3,C2 - First-Time Buyers,2
C1439,Individual,Helen,Morales,2000-10-14,F,Usa,Virginia,Home,2,No,Agency,395,379,404,417,405,25,3,346894.27,1040682.81,1138.42,420285.34,205406.56,214878.78000000003,0,3,C2 - First-Time Buyers,3
C1440,Individual,Mary,Phillips,1952-07-20,F,Usa,Colorado,Investment,2,No,Agency,395,379,404,417,405,73,3,300337.81,901013.42,1010.53,472362.72,166438.51,305924.20999999996,0,3,C2 - First-Time Buyers,3
C1441,Individual,Helen,Campbell,1945-09-08,F,Usa,California,Investment,5,No,Website,395,379,404,417,405,80,3,400592.59,1201777.78,1334.84,424676.81,354747.82,69928.98999999999,0,3,C2 - First-Time Buyers,3
C1442,Individual,Timothy,Foster,2000-06-17,M,Usa,Colorado,Home,2,Yes,Client,395,379,404,417,405,25,3,335782.92,1007348.75,1110.62,534107.07,223944.32,310162.74999999994,0,3,C2 - First-Time Buyers,3
C1443,Individual,Betty,Hughes,1979-11-22,F,Usa,Florida,Home,2,No,Website,395,379,404,417,405,46,3,348449.37,1045348.11,1072.48,618238.68,197899.51,420339.17000000004,0,3,C2 - First-Time Buyers,3
C1444,Individual,Frank,Alexander,1981-06-25,M,Usa,Colorado,Home,3,No,Website,395,379,404,417,405,44,3,363210.57,1089631.7,1186.05,387724.0,316043.31,71680.69,0,3,C2 - First-Time Buyers,3
C1445,Individual,Gregory,Hall,1988-07-26,M,Usa,Florida,Home,5,No,Website,395,379,404,417,405,37,4,312284.73,1249138.91,976.97,404402.26,154906.87,249495.39,0,3,C2 - First-Time Buyers,3
C1446,Individual,Amber,Gray,1951-12-09,F,Usa,Ohio,Home,4,No,Website,395,379,404,417,405,74,4,387705.12,1550820.49,1385.65,605564.38,268522.4,337041.98,1,2,C1 - Global Investors,2
C1447,Individual,Janet,Rogers,1972-05-14,F,Usa,Nevada,Investment,4,Yes,Client,395,379,404,417,405,54,4,343102.22,1372408.9,1151.37,470911.04,229851.21,241059.83,1,2,C1 - Global Investors,3
C1448,Individual,Henry,Ward,1959-03-15,M,Russia,Tatarstan,Home,1,No,Website,395,379,404,417,405,67,4,305326.16,1221304.62,984.95,456799.28,189388.07,267411.21,0,3,C2 - First-Time Buyers,1
C1449,Individual,Nicole,Cox,1999-06-14,F,Usa,California,Investment,5,No,Website,395,379,404,417,405,26,3,370185.83,1110557.49,1221.68,543452.8,260142.62,283310.18000000005,0,3,C2 - First-Time Buyers,3
C1450,Individual,Pamela,White,1996-04-06,F,Usa,Virginia,Home,5,No,Website,395,379,404,417,405,30,3,342836.53,1028509.6,1037.58,374768.98,299250.24,75518.73999999999,0,3,C2 - First-Time Buyers,3
C1451,Individual,Hannah,Turner,1983-10-19,F,Usa,California,Home,1,No,Website,395,379,404,417,405,42,4,382418.33,1529673.32,1259.88,483688.37,213497.85,270190.52,1,2,C1 - Global Investors,2
C1452,Individual,Kelly,Edwards,1993-08-05,F,Belgium,Wallonia,Home,3,No,Client,395,379,404,417,405,32,3,440001.92,1320005.77,1487.66,545747.26,343592.86,202154.40000000002,1,2,C1 - Global Investors,1
C1453,Individual,Kenneth,Stone,1981-10-07,M,Usa,California,Home,2,No,Agency,395,379,404,417,405,44,3,381681.63,1145044.9,1243.82,526401.55,153396.33,373005.2200000001,0,3,C2 - First-Time Buyers,3
C1454,Individual,Ann,Kim,1948-05-23,F,Usa,California,Investment,1,No,Client,395,379,404,417,405,77,3,396275.15,1188825.44,1321.5,478984.35,262057.47,216926.87999999998,0,3,C2 - First-Time Buyers,3
C1455,Individual,Christina,Nelson,1989-06-15,F,Usa,Colorado,Home,3,Yes,Agency,395,379,404,417,405,36,3,328664.14,985992.43,983.43,472251.6,244256.2,227995.39999999997,0,3,C2 - First-Time Buyers,3
C1456,Company,Quasar,Co,1992-06-26,F,Usa,Oregon,Investment,1,Yes,Website,395,379,404,417,405,33,4,399713.39,1598853.55,1313.38,586824.88,145299.39,441525.49,1,2,C1 - Global Investors,3
C1457,Individual,Julie,Foster,1949-01-27,F,Usa,California,Home,3,Yes,Agency,395,379,404,417,405,77,4,384301.26,1537205.06,1227.17,538355.66,217668.0,320687.66000000003,1,2,C1 - Global Investors,2
C1458,Individual,Keith,Reed,1950-09-16,M,Usa,Arizona,Home,1,No,Website,395,379,404,417,405,75,3,305973.85,917921.54,979.09,344813.48,283362.29,61451.19,0,3,C2 - First-Time Buyers,3
C1459,Individual,Terry,Hall,1949-09-28,M,Usa,Arizona,Home,5,No,Website,395,379,404,417,405,76,4,389063.37,1556253.48,1385.65,530674.29,260906.28,269768.01,1,2,C1 - Global Investors,2
C1460,Individual,Pamela,Long,1972-12-05,F,Uk,England,Home,1,Yes,Agency,395,379,404,417,405,53,4,392347.67,1569390.69,1294.64,517417.7,275046.94,242370.76,1,1,C4 - Luxury Investors,1
C1461,Individual,Gloria,Reyes,1944-01-13,F,Usa,California,Home,5,No,Website,395,379,404,417,405,82,4,376991.72,1507966.87,1294.64,538246.86,280416.46,257830.39999999997,1,2,C1 - Global Investors,2
C1462,Individual,Virginia,Allen,1984-04-19,F,Germany,Hamburg,Investment,3,No,Agency,395,379,404,417,405,42,4,305082.78,1220331.12,956.67,563520.95,173084.07,390436.87999999995,0,3,C2 - First-Time Buyers,1
C1463,Individual,Lawrence,Ward,1943-12-28,M,Usa,California,Home,2,Yes,Website,395,379,404,417,405,82,4,409761.0,1639044.0,1386.59,560165.35,259647.03,300518.31999999995,1,2,C1 - Global Investors,2
C1464,Individual,Terry,Weaver,1940-01-25,M,Usa,Arizona,Home,1,No,Website,395,379,404,417,405,86,3,364939.56,1094818.68,1086.24,516866.8,253448.35,263418.44999999995,0,3,C2 - First-Time Buyers,3
C1465,Individual,Edward,Stewart,1990-07-09,M,Usa,Ohio,Home,3,Yes,Website,395,379,404,417,405,35,3,437397.16,1312191.47,1457.83,561841.89,256117.85,305724.04000000004,1,2,C1 - Global Investors,2
C1466,Individual,Ashley,Howard,1999-08-28,F,Belgium,Flanders,Investment,2,No,Website,395,379,404,417,405,26,4,346956.79,1387827.15,1053.27,536046.25,212345.96,323700.29000000004,1,2,C1 - Global Investors,1
C1467,Individual,Rebecca,Adams,1951-07-19,F,Usa,California,Home,5,No,Client,395,379,404,417,405,74,3,253784.42,761353.26,849.64,375027.09,190719.01,184308.08000000002,0,3,C2 - First-Time Buyers,3
C1468,Individual,Jason,Martin,1940-08-24,M,Canada,Manitoba,Home,3,No,Website,395,379,404,417,405,85,3,357484.02,1072452.07,1185.35,438900.24,202296.39,236603.84999999998,0,3,C2 - First-Time Buyers,0
C1469,Individual,Keith,Richardson,1970-05-17,M,Usa,Colorado,Home,1,No,Website,395,379,404,417,405,56,3,504040.55,1512121.64,1538.78,581837.55,452685.9,129151.65000000002,1,2,C1 - Global Investors,2
C1470,Individual,Alexander,Richardson,1940-05-27,M,Usa,Colorado,Investment,3,Yes,Agency,395,379,404,417,405,85,3,480227.4,1440682.21,1590.86,555106.11,390999.79,164106.32,1,2,C1 - Global Investors,2
C1471,Individual,Judith,Williams,1940-05-24,F,Uk,Northern Ireland,Home,1,Yes,Website,395,379,404,417,405,85,4,262147.19,1048588.76,801.06,354725.76,171063.35,183662.41,0,1,C4 - Luxury Investors,1
C1472,Individual,Paul,Flores,1991-03-23,M,Usa,Washington,Home,1,No,Website,395,379,404,417,405,35,4,402580.22,1610320.87,1237.1,566227.62,297021.88,269205.74,1,2,C1 - Global Investors,2
C1473,Individual,Maria,Freeman,1974-03-14,F,Usa,California,Home,2,No,Agency,395,379,404,417,405,52,4,353825.18,1415300.74,1009.23,736652.27,152649.29,584002.98,1,2,C1 - Global Investors,2
C1474,Individual,Kevin,Brown,1969-04-10,M,Usa,Oregon,Home,3,No,Website,395,379,404,417,405,57,4,390858.62,1563434.47,1307.3,517206.46,227751.55,289454.91000000003,1,2,C1 - Global Investors,2
C1475,Individual,Raymond,Brown,1944-08-02,M,Mexico,Jalisco,Home,4,Yes,Agency,395,379,404,417,405,81,4,394796.56,1579186.25,1287.06,661652.26,161280.03,500372.23,1,2,C1 - Global Investors,0
C1476,Individual,Kevin,Jackson,2000-06-08,M,Usa,Nevada,Home,1,No,Agency,395,379,404,417,405,25,4,376342.36,1505369.42,1141.22,610193.44,246579.07,363614.36999999994,1,2,C1 - Global Investors,2
C1477,Company,Zynex,Co,1968-04-10,F,Usa,California,Investment,1,No,Agency,395,379,404,417,405,58,4,262866.73,1051466.92,920.71,458559.81,191623.18,266936.63,0,3,C2 - First-Time Buyers,3
C1478,Individual,Emily,Reed,1958-09-12,F,Canada,British Columbia,Investment,1,No,Agency,395,379,404,417,405,67,3,321924.25,965772.74,1082.9,398549.19,281449.31,117099.88,0,3,C2 - First-Time Buyers,0
C1479,Individual,Paul,Carter,1968-03-26,M,Usa,California,Investment,1,No,Website,395,379,404,417,405,58,4,318863.88,1275455.51,1018.52,612698.53,185282.56,427415.97000000003,1,2,C1 - Global Investors,2
C1480,Individual,Danielle,White,1985-04-09,F,Usa,Virginia,Investment,3,No,Client,395,379,404,417,405,41,4,366616.95,1466467.79,1220.42,573332.74,194146.19,379186.55,1,2,C1 - Global Investors,3
C1481,Company,Caldera,Co,1984-12-04,F,Usa,Arizona,Investment,3,No,Website,395,379,404,417,405,41,4,264925.22,1059700.88,901.24,367368.12,196398.29,170969.83,0,3,C2 - First-Time Buyers,3
C1482,Individual,Kimberly,Murray,1953-01-24,F,Usa,Oregon,Home,2,Yes,Website,395,379,404,417,405,73,4,416253.79,1665015.17,1312.82,610377.15,308824.33,301552.82,1,2,C1 - Global Investors,2
C1483,Individual,Gary,Hall,1975-06-01,M,Usa,Colorado,Home,3,Yes,Agency,395,379,404,417,405,50,4,457942.4,1831769.62,1486.33,623318.65,178955.35,444363.30000000005,1,2,C1 - Global Investors,2
C1484,Individual,Christina,Nelson,1971-10-09,F,Usa,Colorado,Home,3,No,Client,395,379,404,417,405,54,4,279297.95,1117191.81,995.03,452777.15,160520.27,292256.88,0,3,C2 - First-Time Buyers,3
C1485,Individual,Rachel,Scott,1984-06-26,F,Usa,Washington,Investment,4,No,Website,395,379,404,417,405,41,4,401221.38,1604885.52,1350.22,526180.38,238207.62,287972.76,1,2,C1 - Global Investors,2
C1486,Individual,Madison,Campbell,1996-06-14,F,Uk,Wales,Home,5,Yes,Website,395,379,404,417,405,29,3,339795.23,1019385.69,1156.56,416556.23,275447.01,141109.21999999997,0,1,C4 - Luxury Investors,1
C1487,Individual,Sandra,Martin,1965-12-10,F,Usa,New York,Home,3,No,Agency,395,379,404,417,405,60,4,388383.38,1553533.51,1294.64,506031.7,253379.8,252651.90000000002,1,2,C1 - Global Investors,2
C1488,Individual,Keith,Scott,1975-09-07,M,Usa,Florida,Investment,2,No,Website,395,379,404,417,405,50,3,343079.6,1029238.79,1140.19,554297.11,110967.48,443329.63,0,3,C2 - First-Time Buyers,3
C1489,Individual,Gloria,Montgomery,1951-03-19,F,Usa,Arizona,Home,5,No,Agency,395,379,404,417,405,75,3,352183.16,1056549.47,1240.61,416649.42,295791.28,120858.13999999996,0,3,C2 - First-Time Buyers,3
C1490,Individual,Dennis,Hall,1994-11-06,M,Uk,Wales,Investment,5,Yes,Client,395,379,404,417,405,31,3,287039.92,861119.76,939.33,357655.99,241073.25,116582.73999999999,0,1,C4 - Luxury Investors,1
C1491,Individual,Rebecca,Evans,1997-07-10,F,Usa,Georgia,Home,4,No,Agency,395,379,404,417,405,28,4,264187.51,1056750.03,901.24,415532.62,180013.62,235519.0,0,3,C2 - First-Time Buyers,3
C1492,Individual,Mary,Taylor,1984-12-18,F,Germany,Bavaria,Home,2,No,Agency,395,379,404,417,405,41,3,436551.83,1309655.49,1579.31,472764.91,395742.9,77022.00999999995,1,2,C1 - Global Investors,1
C1493,Individual,Thomas,Bennett,1992-03-16,M,Usa,Washington,Home,4,Yes,Agency,395,379,404,417,405,34,3,288201.87,864605.61,1037.11,449252.81,173559.11,275693.7,0,3,C2 - First-Time Buyers,3
C1494,Individual,Nicholas,Cooper,1996-04-09,M,Usa,New York,Home,1,No,Client,395,379,404,417,405,30,3,304446.02,913338.07,934.87,424747.54,179671.47,245076.06999999998,0,3,C2 - First-Time Buyers,3
C1495,Individual,Jason,Hughes,1991-11-09,M,Denmark,Capital Region,Home,1,No,Website,395,379,404,417,405,34,4,514823.17,2059292.68,1591.47,650190.52,225010.98,425179.54000000004,1,2,C1 - Global Investors,1
C1496,Individual,Bryan,Patterson,1986-11-15,M,Usa,Florida,Home,5,No,Agency,395,379,404,417,405,39,3,373004.54,1119013.61,1151.55,617811.07,243288.52,374522.54999999993,0,3,C2 - First-Time Buyers,3
C1497,Individual,Samuel,Parker,1940-01-13,M,Usa,California,Investment,4,No,Agency,395,379,404,417,405,86,3,264921.78,794765.34,880.66,355085.18,212562.05,142523.13,0,3,C2 - First-Time Buyers,3
C1498,Individual,Nicole,Carter,1967-02-03,F,Mexico,Puebla,Investment,5,No,Website,395,379,404,417,405,59,4,285657.96,1142631.83,889.87,431607.68,180340.51,251267.16999999998,0,3,C2 - First-Time Buyers,0
C1499,Individual,Lauren,Gray,1997-11-04,F,Russia,Saint Petersburg,Home,3,Yes,Agency,395,379,404,417,405,28,3,440635.18,1321905.54,1523.69,565905.82,239395.32,326510.49999999994,1,2,C1 - Global Investors,1
C1500,Individual,Shirley,Ward,1995-01-04,F,Australia,Victoria,Home,2,No,Agency,395,379,404,417,405,31,4,255074.98,1020299.92,841.38,363010.65,127809.54,235201.11000000004,0,3,C2 - First-Time Buyers,0
C1501,Individual,Brenda,White,1951-12-16,F,Usa,Oregon,Investment,4,No,Agency,395,379,404,417,405,74,3,253759.69,761279.08,851.43,340778.92,188265.35,152513.56999999998,0,3,C2 - First-Time Buyers,3
C1502,Individual,Elizabeth,Weaver,1994-10-27,F,Uk,Wales,Home,5,Yes,Website,395,379,404,417,405,31,4,261443.08,1045772.34,911.04,352637.6,160523.29,192114.30999999997,0,1,C4 - Luxury Investors,1
C1503,Company,Triton,Co,1986-08-21,M,Usa,Arizona,Investment,5,No,Website,395,379,404,417,405,39,4,324992.87,1299971.48,1050.57,570156.97,226014.9,344142.06999999995,1,2,C1 - Global Investors,3
C1504,Individual,Patrick,Hughes,1946-08-19,M,Usa,California,Home,4,No,Website,395,379,404,417,405,79,3,290601.99,871805.96,979.09,384006.83,232663.21,151343.62000000002,0,3,C2 - First-Time Buyers,3
C1505,Individual,William,Cook,1994-05-14,M,Usa,Virginia,Home,3,No,Agency,395,379,404,417,405,32,4,253230.52,1012922.06,799.92,380365.78,139259.7,241106.08000000002,0,3,C2 - First-Time Buyers,3
C1506,Individual,Larry,Price,1950-01-11,M,Usa,Utah,Investment,3,No,Website,395,379,404,417,405,76,3,336703.13,1010109.4,1155.46,369810.4,291113.56,78696.84000000003,0,3,C2 - First-Time Buyers,3
C1507,Individual,Joyce,Cooper,1951-03-28,F,Usa,Florida,Home,3,No,Agency,395,379,404,417,405,75,4,374916.61,1499666.44,1220.92,572514.83,175243.75,397271.07999999996,1,2,C1 - Global Investors,2
C1508,Individual,Benjamin,Morris,1994-12-03,M,Uk,Scotland,Home,3,No,Agency,395,379,404,417,405,31,4,241320.95,965283.79,783.64,288985.79,156014.92,132970.86999999997,0,1,C4 - Luxury Investors,1
C1509,Individual,Rebecca,Campbell,1946-12-16,F,Usa,California,Home,3,No,Website,395,379,404,417,405,79,4,455478.22,1821912.87,1482.59,601608.38,225149.08,376459.30000000005,1,2,C1 - Global Investors,2
C1510,Company,Altira,Co,1962-12-01,M,Usa,California,Home,5,No,Agency,395,379,404,417,405,63,3,268081.07,804243.22,842.68,356271.34,138440.15,217831.19000000003,0,3,C2 - First-Time Buyers,3
C1511,Individual,Ann,Hansen,1989-07-20,F,France,Provence,Home,2,Yes,Website,395,379,404,417,405,36,3,364360.29,1093080.86,1152.65,556945.98,255732.58,301213.4,0,0,C3 - Corporate Buyers,1
C1512,Individual,Anna,Young,1955-06-18,F,Usa,Nevada,Home,4,Yes,Client,395,379,404,417,405,70,4,302264.24,1209056.95,1046.42,387618.51,222525.37,165093.14,0,3,C2 - First-Time Buyers,3
C1513,Individual,Danielle,Morales,1995-06-08,F,Usa,Florida,Home,2,No,Website,395,379,404,417,405,30,3,484088.79,1452266.37,1538.78,552490.44,438017.28,114473.15999999992,1,2,C1 - Global Investors,2
C1514,Individual,Linda,Bryant,1986-12-08,F,Usa,New York,Home,4,No,Website,395,379,404,417,405,39,3,403969.51,1211908.53,1386.32,458308.65,319262.64,139046.01,0,3,C2 - First-Time Buyers,3
C1515,Individual,Angela,Williams,1946-10-16,F,Usa,Nevada,Investment,5,No,Website,395,379,404,417,405,79,4,358425.88,1433703.52,1227.17,499781.62,183787.02,315994.6,1,2,C1 - Global Investors,2
C1516,Individual,Grace,Wood,1953-05-23,F,Usa,Texas,Home,4,No,Website,395,379,404,417,405,72,3,230152.3,690456.91,801.46,355876.81,152674.09,203202.72,0,3,C2 - First-Time Buyers,3
C1517,Individual,Benjamin,Chavez,1978-02-23,M,Usa,California,Investment,2,No,Agency,395,379,404,417,405,48,4,332173.36,1328693.42,1076.59,442491.43,176868.98,265622.44999999995,1,2,C1 - Global Investors,2
C1518,Individual,Teresa,Rogers,1994-10-08,F,Australia,Victoria,Home,5,Yes,Agency,395,379,404,417,405,31,4,240485.72,961942.88,886.43,280586.67,198825.02,81761.65,0,3,C2 - First-Time Buyers,0
C1519,Individual,Kyle,Freeman,1972-08-19,M,Usa,California,Home,1,No,Agency,395,379,404,417,405,53,4,341747.53,1366990.13,1072.99,630466.93,213645.72,416821.2100000001,1,2,C1 - Global Investors,2
C1520,Individual,Patrick,Griffin,1945-12-05,M,Usa,Utah,Home,1,No,Website,395,379,404,417,405,80,4,356367.26,1425469.02,1187.89,556062.8,168573.3,387489.50000000006,1,2,C1 - Global Investors,2
C1521,Individual,Bryan,Foster,1973-12-25,M,Usa,Nevada,Home,4,No,Agency,395,379,404,417,405,52,3,304526.47,913579.41,1032.28,346864.73,226621.01,120243.71999999997,0,3,C2 - First-Time Buyers,3
C1522,Individual,Debra,Mitchell,1964-09-14,F,Usa,Washington,Home,5,No,Website,395,379,404,417,405,61,4,399576.24,1598304.98,1378.98,568937.95,225333.86,343604.08999999997,1,2,C1 - Global Investors,2
C1523,Company,Horizon,Co,1981-07-22,M,Australia,Victoria,Investment,3,No,Website,395,379,404,417,405,44,4,413020.98,1652083.92,1334.88,563972.46,292138.69,271833.76999999996,1,2,C1 - Global Investors,0
C1524,Individual,Jordan,Wilson,1967-07-24,M,Usa,Virginia,Home,2,No,Client,395,379,404,417,405,58,4,358552.08,1434208.3,1164.01,582397.59,232965.64,349431.94999999995,1,2,C1 - Global Investors,3
C1525,Individual,Timothy,Brown,1959-08-24,M,Usa,California,Home,1,No,Agency,395,379,404,417,405,66,3,445585.73,1336757.18,1511.63,544081.2,312096.7,231984.49999999994,1,2,C1 - Global Investors,2
C1526,Individual,Victoria,Howard,1956-08-05,F,Usa,California,Home,3,No,Website,395,379,404,417,405,69,3,476443.38,1429330.15,1600.91,559747.82,358774.09,200973.72999999992,1,2,C1 - Global Investors,2
C1527,Individual,Martha,Thomas,1989-05-13,F,Usa,California,Home,1,No,Agency,395,379,404,417,405,37,3,331149.02,993447.06,1200.35,403651.55,256919.71,146731.84,0,3,C2 - First-Time Buyers,3
C1528,Individual,Jennifer,Weaver,1997-09-02,F,Germany,Hamburg,Home,1,Yes,Website,395,379,404,417,405,28,3,352817.56,1058452.68,1125.17,522641.04,174036.19,348604.85,0,3,C2 - First-Time Buyers,1
C1529,Company,Helios,Co,1989-04-19,M,Usa,California,Home,4,No,Website,395,379,404,417,405,37,4,403630.72,1614522.9,1350.98,559177.67,195068.84,364108.8300000001,1,2,C1 - Global Investors,3
C1530,Individual,Sarah,Wright,1988-11-20,F,Usa,California,Home,2,No,Website,395,379,404,417,405,37,3,337029.25,1011087.75,1107.81,506418.4,220388.67,286029.73,0,3,C2 - First-Time Buyers,3
C1531,Individual,Bryan,Cox,1964-03-15,M,France,Brittany,Investment,2,No,Website,395,379,404,417,405,62,4,318117.76,1272471.05,1065.42,509367.59,149389.92,359977.67000000004,1,0,C3 - Corporate Buyers,1
C1532,Individual,Linda,Freeman,1998-09-26,F,Usa,Texas,Home,3,Yes,Website,395,379,404,417,405,27,4,361615.7,1446462.79,1164.01,553937.2,205599.43,348337.76999999996,1,2,C1 - Global Investors,2
C1533,Individual,Anthony,Bryant,1988-10-05,M,Canada,British Columbia,Home,4,No,Agency,395,379,404,417,405,37,4,254781.77,1019127.09,727.26,479088.84,157369.37,321719.47000000003,0,3,C2 - First-Time Buyers,0
C1534,Individual,Sandra,Pierce,1996-06-08,F,Usa,California,Home,4,Yes,Website,395,379,404,417,405,29,3,398453.29,1195359.88,1303.47,552866.95,274356.57,278510.37999999995,0,3,C2 - First-Time Buyers,3
C1535,Individual,Jeremy,Stone,1994-09-03,M,Uk,England,Investment,3,No,Agency,395,379,404,417,405,31,4,491751.36,1967005.46,1591.47,621748.81,250182.28,371566.53,1,1,C4 - Luxury Investors,1
C1536,Individual,Sara,Baker,1982-06-05,F,Usa,Washington,Home,3,No,Website,395,379,404,417,405,43,3,358961.61,1076884.84,1050.64,687894.92,125951.48,561943.4400000001,0,3,C2 - First-Time Buyers,3
C1537,Individual,Lisa,Foster,1999-08-04,F,Usa,Arizona,Home,5,No,Website,395,379,404,417,405,26,3,545766.8,1637300.41,1579.31,581950.52,508639.46,73311.06,1,2,C1 - Global Investors,2
C1538,Individual,Jessica,Kim,1947-01-07,F,Usa,California,Investment,5,No,Website,395,379,404,417,405,79,3,258514.93,775544.78,941.38,394524.62,144215.29,250309.33,0,3,C2 - First-Time Buyers,3
C1539,Individual,Terry,Brown,1997-05-13,M,Usa,Nevada,Home,1,No,Agency,395,379,404,417,405,29,3,270482.79,811448.36,995.51,281239.32,251909.19,29330.130000000005,0,3,C2 - First-Time Buyers,3
C1540,Individual,Roger,Cox,1957-12-02,M,Usa,California,Home,2,Yes,Client,395,379,404,417,405,68,3,280836.9,842510.7,908.23,433230.74,159782.74,273448.0,0,3,C2 - First-Time Buyers,3
C1541,Individual,Carl,Adams,1964-11-20,M,Usa,California,Home,2,No,Website,395,379,404,417,405,61,4,293404.12,1173616.46,995.03,412683.22,164991.39,247691.82999999996,0,3,C2 - First-Time Buyers,3
C1542,Individual,Gary,Cook,1989-07-27,M,Usa,Nevada,Home,1,Yes,Website,395,379,404,417,405,36,3,420549.64,1261648.92,1356.75,589311.2,192979.14,396332.05999999994,1,2,C1 - Global Investors,2
C1543,Individual,Virginia,Peterson,1955-11-10,F,Usa,New York,Investment,3,No,Agency,395,379,404,417,405,70,3,399830.1,1199490.31,1267.41,586216.96,222662.14,363554.81999999995,0,3,C2 - First-Time Buyers,2
C1544,Individual,Heather,Evans,1947-04-27,F,Russia,Tatarstan,Home,3,No,Website,395,379,404,417,405,79,3,517207.77,1551623.3,1679.11,596353.18,401408.97,194944.21000000008,1,2,C1 - Global Investors,1
C1545,Individual,Elizabeth,Price,1992-11-23,F,Usa,California,Investment,1,Yes,Website,395,379,404,417,405,33,3,367270.38,1101811.15,1254.5,494550.09,281344.37,213205.72000000003,0,3,C2 - First-Time Buyers,3
C1546,Individual,Sarah,Scott,1966-06-06,F,Mexico,Puebla,Home,4,Yes,Agency,395,379,404,417,405,59,4,290255.63,1161022.51,874.99,519316.1,175165.7,344150.39999999997,0,3,C2 - First-Time Buyers,0
C1547,Individual,Margaret,Martin,1975-04-03,F,Usa,Florida,Home,2,Yes,Agency,395,379,404,417,405,51,4,299834.36,1199337.46,997.42,455404.07,142219.93,313184.14,0,3,C2 - First-Time Buyers,3
C1548,Company,Telnox,Co,1967-12-26,M,Usa,California,Home,2,Yes,Website,395,379,404,417,405,58,3,205074.34,615223.03,678.97,249761.11,177394.92,72366.18999999997,0,3,C2 - First-Time Buyers,3
C1549,Individual,Gary,Reyes,1961-06-15,M,Mexico,Nuevo Leon,Home,4,No,Client,395,379,404,417,405,64,3,279014.78,837044.35,983.43,334152.7,244330.47,89822.23000000001,0,3,C2 - First-Time Buyers,0
C1550,Individual,Jason,Rogers,1998-10-01,M,Usa,California,Home,2,No,Agency,395,379,404,417,405,27,4,342191.95,1368767.79,1164.01,579944.58,195341.0,384603.57999999996,1,2,C1 - Global Investors,2
C1551,Individual,Aaron,Howard,1991-05-17,M,Usa,California,Home,2,No,Agency,395,379,404,417,405,35,3,417413.56,1252240.69,1438.29,487577.71,341188.07,146389.64,0,3,C2 - First-Time Buyers,3
C1552,Individual,Peter,Wilson,1947-04-20,M,Usa,California,Investment,2,Yes,Agency,395,379,404,417,405,79,4,339112.68,1356450.7,1074.05,570187.06,136944.18,433242.88000000006,1,2,C1 - Global Investors,2
C1553,Company,Horizon,Co,1990-03-27,M,Usa,Utah,Home,4,No,Agency,395,379,404,417,405,36,3,326512.12,979536.36,1038.72,505829.79,194006.16,311823.63,0,3,C2 - First-Time Buyers,3
C1554,Individual,Gregory,Cox,1998-03-04,M,Germany,Bavaria,Home,1,No,Website,395,379,404,417,405,28,3,247344.75,742034.24,678.97,293555.19,190102.41,103452.78,0,3,C2 - First-Time Buyers,1
C1555,Individual,Julia,Martin,1946-04-25,F,Uk,England,Home,5,No,Website,395,379,404,417,405,80,4,308463.09,1233852.38,1012.56,488976.07,177305.61,311670.46,0,1,C4 - Luxury Investors,1
C1556,Individual,Grace,Wood,1982-11-20,F,Usa,Colorado,Investment,2,No,Agency,395,379,404,417,405,43,4,303933.68,1215734.71,1020.39,410418.36,219431.86,190986.5,0,3,C2 - First-Time Buyers,3
C1557,Individual,Joan,Griffin,1942-03-15,F,Usa,New York,Home,2,Yes,Website,395,379,404,417,405,84,3,318351.39,955054.18,1072.48,528144.96,181790.56,346354.39999999997,0,3,C2 - First-Time Buyers,3
C1558,Individual,Tyler,Phillips,1944-03-12,M,Mexico,Baja California,Home,4,No,Website,395,379,404,417,405,82,3,494023.19,1482069.56,1680.53,578692.29,440168.38,138523.91000000003,1,2,C1 - Global Investors,0
C1559,Individual,Sara,Mitchell,1975-03-27,F,Uk,England,Home,2,No,Website,395,379,404,417,405,51,3,448602.96,1345808.87,1445.29,527049.84,322598.15,204451.68999999994,1,1,C4 - Luxury Investors,1
C1560,Individual,Christina,Hughes,1940-07-15,F,Usa,California,Home,4,Yes,Client,395,379,404,417,405,85,3,350892.52,1052677.57,1148.04,415366.42,289323.48,126042.94,0,3,C2 - First-Time Buyers,3
C1561,Individual,Jeffrey,Green,1964-04-28,M,Mexico,Nuevo Leon,Investment,5,No,Agency,395,379,404,417,405,62,3,378431.5,1135294.51,1193.77,661640.07,113212.24,548427.83,0,3,C2 - First-Time Buyers,0
C1562,Individual,Maria,Morris,1987-07-05,F,Usa,California,Home,4,No,Client,395,379,404,417,405,38,3,393258.44,1179775.32,1268.05,534178.9,248706.16,285472.74,0,3,C2 - First-Time Buyers,3
C1563,Individual,Susan,Baker,1987-06-18,F,Usa,Utah,Home,5,No,Website,395,379,404,417,405,38,3,326576.35,979729.05,1090.77,428024.76,158850.09,269174.67000000004,0,3,C2 - First-Time Buyers,3
C1564,Individual,Jason,Wood,1964-11-06,M,Usa,Washington,Investment,5,No,Website,395,379,404,417,405,61,3,531975.14,1595925.43,1635.62,634070.07,465014.45,169055.61999999994,1,2,C1 - Global Investors,2
C1565,Individual,Kenneth,Bennett,1980-08-08,M,Mexico,Jalisco,Home,4,No,Agency,395,379,404,417,405,45,4,285224.8,1140899.22,994.07,422684.36,192882.89,229801.46999999997,0,3,C2 - First-Time Buyers,0
C1566,Individual,Anthony,Wilson,1995-01-01,M,Usa,California,Home,3,No,Website,395,379,404,417,405,31,4,362560.16,1450240.65,1175.23,530764.64,248159.95,282604.69,1,2,C1 - Global Investors,2
C1567,Individual,Frank,Wilson,1977-10-11,M,Usa,Georgia,Home,4,No,Client,395,379,404,417,405,48,4,398613.16,1594452.62,1276.99,537350.96,164834.69,372516.26999999996,1,2,C1 - Global Investors,3
C1568,Individual,Betty,Owens,1990-03-06,F,Usa,California,Home,5,No,Website,395,379,404,417,405,36,3,457936.03,1373808.09,1357.19,570859.46,241356.6,329502.86,1,2,C1 - Global Investors,2
C1569,Individual,Pamela,Turner,1993-11-05,F,Usa,California,Investment,1,Yes,Website,395,379,404,417,405,32,3,391747.52,1175242.55,1258.29,624932.71,213043.96,411888.75,0,3,C2 - First-Time Buyers,3
C1570,Individual,Amanda,Williams,1963-12-27,F,Usa,Ohio,Home,5,No,Website,395,379,404,417,405,62,4,367409.6,1469638.4,1333.56,493931.35,245282.25,248649.09999999998,1,2,C1 - Global Investors,2
C1571,Individual,Ethan,Morales,1978-06-03,M,Usa,California,Home,2,No,Website,395,379,404,417,405,47,4,310859.99,1243439.96,1092.08,396729.97,233677.77,163052.19999999998,0,3,C2 - First-Time Buyers,3
C1572,Individual,Donald,Baker,1960-06-10,M,Australia,Queensland,Home,3,No,Agency,395,379,404,417,405,65,4,221537.38,886149.52,748.33,284177.91,179987.43,104190.47999999998,0,3,C2 - First-Time Buyers,0
C1573,Individual,Amanda,Richardson,1946-05-07,F,Usa,California,Home,1,No,Website,395,379,404,417,405,80,4,293959.98,1175839.94,1059.94,410772.92,195740.81,215032.11,0,3,C2 - First-Time Buyers,3
C1574,Individual,Gary,Morris,1984-08-14,M,Usa,California,Home,4,No,Website,395,379,404,417,405,41,3,398408.3,1195224.9,1255.63,488398.75,341221.59,147177.15999999997,0,3,C2 - First-Time Buyers,3
C1575,Individual,Paul,Freeman,2000-12-19,M,Usa,California,Home,2,No,Website,395,379,404,417,405,25,4,348766.79,1395067.16,1158.73,494892.28,202812.57,292079.71,1,2,C1 - Global Investors,2
C1576,Individual,Heather,Cook,1977-09-28,F,Usa,Nevada,Investment,3,Yes,Website,395,379,404,417,405,48,4,339884.06,1359536.24,1098.17,516417.01,202725.25,313691.76,1,2,C1 - Global Investors,2
C1577,Individual,Ethan,Edwards,1983-02-15,M,Germany,Bavaria,Home,3,No,Website,395,379,404,417,405,43,3,475977.86,1427933.58,1471.9,574268.12,424459.34,149808.77999999997,1,2,C1 - Global Investors,1
C1578,Individual,Mark,Turner,1996-03-12,M,Usa,California,Investment,2,No,Website,395,379,404,417,405,30,3,255143.67,765431.01,934.87,334041.57,169119.0,164922.57,0,3,C2 - First-Time Buyers,3
C1579,Individual,Robert,Bell,1945-10-03,M,Usa,Arizona,Investment,4,No,Website,395,379,404,417,405,80,4,275438.4,1101753.59,952.05,300464.18,246938.23,53525.94999999998,0,3,C2 - First-Time Buyers,3
C1580,Individual,Jordan,Martin,1997-12-05,M,Usa,Georgia,Investment,1,Yes,Website,395,379,404,417,405,28,4,252208.66,1008834.66,872.2,458458.71,153831.9,304626.81000000006,0,3,C2 - First-Time Buyers,3
C1581,Individual,James,Reyes,1950-11-08,M,Usa,California,Investment,1,No,Website,395,379,404,417,405,75,3,374454.74,1123364.22,1023.93,518409.3,231799.35,286609.94999999995,0,3,C2 - First-Time Buyers,3
C1582,Individual,Harold,Baker,1955-08-20,M,France,Ile-De-France,Home,4,Yes,Client,395,379,404,417,405,70,3,343423.0,1030269.01,1050.08,446919.96,201016.28,245903.68000000002,0,0,C3 - Corporate Buyers,1
C1583,Individual,Peter,Scott,1968-01-03,M,Usa,California,Home,2,No,Agency,395,379,404,417,405,58,4,344507.65,1378030.61,1170.14,456061.7,205474.2,250587.5,1,2,C1 - Global Investors,2
C1584,Company,Nexus,Co,1985-08-12,M,France,Brittany,Investment,1,Yes,Website,395,379,404,417,405,40,3,399742.15,1199226.44,1361.74,491267.17,266282.79,224984.38,0,0,C3 - Corporate Buyers,1
C1585,Individual,Kevin,Watson,1960-10-10,M,Canada,Ontario,Home,5,No,Website,395,379,404,417,405,65,4,370002.98,1480011.91,1276.82,478106.01,144901.21,333204.80000000005,1,2,C1 - Global Investors,0
C1586,Individual,Carolyn,Roberts,1967-01-21,F,Germany,Berlin,Home,3,No,Website,395,379,404,417,405,59,3,372193.28,1116579.83,1224.68,419816.08,330158.13,89657.95000000001,0,3,C2 - First-Time Buyers,1
C1587,Individual,Carl,Cooper,1943-12-02,M,Canada,Quebec,Investment,4,Yes,Agency,395,379,404,417,405,82,3,247685.71,743057.13,850.25,358380.74,177408.39,180972.34999999998,0,3,C2 - First-Time Buyers,0
C1588,Individual,Patricia,Thomas,1980-10-25,F,Usa,Utah,Investment,5,No,Website,395,379,404,417,405,45,3,319067.1,957201.31,1104.51,503642.95,152470.27,351172.68000000005,0,3,C2 - First-Time Buyers,3
C1589,Individual,Christina,Ward,1953-08-12,F,Usa,California,Investment,4,No,Agency,395,379,404,417,405,72,3,460178.9,1380536.7,1396.87,593745.43,298751.02,294994.41000000003,1,2,C1 - Global Investors,2
C1590,Company,Elara,Co,1979-06-19,F,Usa,Oregon,Home,1,No,Website,395,379,404,417,405,46,4,367600.9,1470403.6,1228.83,497116.96,242154.43,254962.53000000003,1,2,C1 - Global Investors,3
C1591,Individual,Christine,Brooks,1971-08-15,F,Usa,California,Investment,4,No,Website,395,379,404,417,405,54,4,419078.24,1676312.98,1341.72,523585.37,276837.25,246748.12,1,2,C1 - Global Investors,2
C1592,Individual,Heather,Allen,1975-06-01,F,Usa,Texas,Investment,2,Yes,Agency,395,379,404,417,405,50,4,219613.05,878452.19,735.11,273978.28,170526.78,103451.50000000003,0,3,C2 - First-Time Buyers,3
C1593,Individual,Anthony,Williams,1975-08-05,M,Usa,California,Home,1,No,Website,395,379,404,417,405,50,4,206490.12,825960.49,666.14,280450.33,139828.56,140621.77000000002,0,3,C2 - First-Time Buyers,3
C1594,Individual,Kathleen,Green,1969-10-24,F,Usa,Colorado,Home,2,No,Agency,395,379,404,417,405,56,4,380748.63,1522994.53,1259.88,524785.88,215808.72,308977.16000000003,1,2,C1 - Global Investors,2
C1595,Individual,Charles,Reed,1955-08-20,M,Usa,California,Home,5,No,Website,395,379,404,417,405,70,4,327536.96,1310147.86,1186.52,583134.02,193299.59,389834.43000000005,1,2,C1 - Global Investors,2
C1596,Individual,Frank,Hall,1979-11-10,M,Germany,Berlin,Investment,4,No,Website,395,379,404,417,405,46,3,547651.48,1642954.44,1649.26,634487.77,374278.05,260209.72000000003,1,2,C1 - Global Investors,1
C1597,Individual,Rachel,Cox,1949-12-28,F,Usa,Nevada,Investment,4,Yes,Website,395,379,404,417,405,76,4,288944.55,1155778.2,947.75,356644.67,199115.19,157529.47999999998,0,3,C2 - First-Time Buyers,3
C1598,Individual,Angela,Adams,1940-06-23,F,Usa,Georgia,Home,4,Yes,Agency,395,379,404,417,405,85,3,387977.22,1163931.67,1310.4,523992.65,197165.85,326826.80000000005,0,3,C2 - First-Time Buyers,3
C1599,Individual,Stephanie,Thompson,1980-11-19,F,Usa,Virginia,Investment,5,Yes,Website,395,379,404,417,405,45,3,440343.72,1321031.17,1337.17,584321.85,253398.7,330923.14999999997,1,2,C1 - Global Investors,2
C1600,Individual,Jennifer,Rogers,1968-02-13,F,Belgium,Wallonia,Home,5,No,Website,395,379,404,417,405,58,4,309291.09,1237164.36,984.65,430028.88,180470.85,249558.03,0,3,C2 - First-Time Buyers,1
C1601,Individual,Tiffany,Parker,1996-08-13,F,Russia,Krasnodar Krai,Home,3,No,Website,395,379,404,417,405,29,3,276359.34,829078.01,913.67,324581.41,205928.65,118652.75999999998,0,3,C2 - First-Time Buyers,1
C1602,Individual,Harold,Turner,1986-11-01,M,Usa,Nevada,Investment,4,No,Website,395,379,404,417,405,39,4,419216.0,1676863.99,1425.28,534260.23,196031.15,338229.07999999996,1,2,C1 - Global Investors,2
C1603,Individual,Hannah,Rogers,1962-09-07,F,Uk,England,Home,5,No,Website,395,379,404,417,405,63,4,269429.93,1077719.71,976.2,371548.46,160290.77,211257.69000000003,0,1,C4 - Luxury Investors,1
C1604,Individual,Ronald,Kim,1949-09-10,M,Usa,Texas,Home,4,No,Website,395,379,404,417,405,76,3,350088.08,1050264.24,1243.82,539529.66,159532.71,379996.95000000007,0,3,C2 - First-Time Buyers,3
C1605,Individual,Joshua,Collins,1999-01-21,M,Uk,England,Investment,4,Yes,Website,395,379,404,417,405,27,4,292695.84,1170783.34,874.99,573983.92,149462.76,424521.16000000003,0,1,C4 - Luxury Investors,1
C1606,Individual,Zachary,Howard,1965-03-20,M,Usa,Washington,Home,1,Yes,Agency,395,379,404,417,405,61,3,305854.24,917562.71,1033.48,396586.67,253742.21,142844.46,0,3,C2 - First-Time Buyers,3
C1607,Individual,Emma,Hall,1963-03-11,F,Usa,California,Home,3,No,Agency,395,379,404,417,405,63,3,276431.52,829294.57,927.61,345524.63,214742.35,130782.28,0,3,C2 - First-Time Buyers,3
C1608,Individual,Heather,Pierce,1999-11-14,F,Uk,England,Home,4,Yes,Website,395,379,404,417,405,26,3,477127.22,1431381.65,1447.82,609069.59,216010.59,393059.0,1,1,C4 - Luxury Investors,1
C1609,Individual,Justin,Reed,1964-10-02,M,Usa,California,Investment,2,No,Website,395,379,404,417,405,61,3,268281.48,804844.43,900.46,327614.46,237505.2,90109.26000000001,0,3,C2 - First-Time Buyers,3
C1610,Individual,Kenneth,White,1967-03-23,M,Usa,California,Investment,3,No,Website,395,379,404,417,405,59,4,312291.94,1249167.74,1114.21,464148.93,168566.58,295582.35,0,3,C2 - First-Time Buyers,3
C1611,Individual,Sarah,Bryant,1975-09-02,F,Usa,Nevada,Investment,4,No,Website,395,379,404,417,405,50,4,268047.38,1072189.52,842.75,300261.31,217963.49,82297.82,0,3,C2 - First-Time Buyers,3
C1612,Individual,Jason,Price,1990-02-25,M,Usa,California,Home,1,No,Agency,395,379,404,417,405,36,3,255518.19,766554.56,839.14,389142.71,178359.16,210783.55000000002,0,3,C2 - First-Time Buyers,3
C1613,Individual,Ryan,Griffin,1998-01-08,M,Denmark,Southern Denmark,Home,2,Yes,Agency,395,379,404,417,405,28,4,402092.06,1608368.22,1400.7,536339.3,170047.61,366291.69000000006,1,2,C1 - Global Investors,1
C1614,Individual,Julie,Williams,1968-05-16,F,Usa,Utah,Investment,4,No,Website,395,379,404,417,405,58,3,274051.68,822155.05,1059.35,375800.81,172502.97,203297.84,0,3,C2 - First-Time Buyers,3
C1615,Individual,Jason,Mitchell,1963-08-01,M,Usa,Utah,Home,5,No,Agency,395,379,404,417,405,62,3,285708.51,857125.52,903.87,475179.93,146531.33,328648.6,0,3,C2 - First-Time Buyers,3
C1616,Individual,Aaron,Nelson,1991-09-01,M,Uk,Wales,Investment,5,Yes,Website,395,379,404,417,405,34,4,336013.43,1344053.71,1128.13,542250.95,171091.26,371159.68999999994,1,1,C4 - Luxury Investors,1
C1617,Individual,Michelle,Baker,1952-10-09,F,Usa,California,Home,3,No,Website,395,379,404,417,405,73,3,258668.5,776005.5,839.14,389944.98,175259.38,214685.59999999998,0,3,C2 - First-Time Buyers,3
C1618,Individual,Linda,Price,1962-11-22,F,Usa,Washington,Home,2,Yes,Website,395,379,404,417,405,63,4,339163.92,1356655.68,1103.3,567758.66,144307.67,423450.99,1,2,C1 - Global Investors,2
C1619,Individual,Jason,Baker,1952-10-24,M,Belgium,Wallonia,Home,2,No,Website,395,379,404,417,405,73,4,347551.62,1390206.46,1164.01,466648.29,204218.36,262429.93,1,2,C1 - Global Investors,1
C1620,Individual,Jacob,Morales,1944-05-07,M,Usa,California,Home,1,Yes,Website,395,379,404,417,405,82,3,262750.12,788250.35,979.09,306030.71,215779.63,90251.08000000002,0,3,C2 - First-Time Buyers,3
C1621,Individual,Carl,Wood,1954-06-15,M,Usa,Oregon,Investment,2,No,Agency,395,379,404,417,405,71,3,246579.99,739739.97,973.09,330239.65,152799.46,177440.19000000003,0,3,C2 - First-Time Buyers,3
C1622,Individual,Angela,Taylor,1961-02-01,F,Usa,Oregon,Home,1,Yes,Website,395,379,404,417,405,65,3,351397.79,1054193.36,1107.81,466599.16,220638.59,245960.56999999998,0,3,C2 - First-Time Buyers,3
C1623,Individual,Julia,Hall,1994-01-12,F,Usa,Oregon,Home,4,No,Website,395,379,404,417,405,32,3,353411.15,1060233.46,1111.3,508317.94,240507.75,267810.19,0,3,C2 - First-Time Buyers,3
C1624,Individual,Jennifer,Stewart,1951-01-04,F,Usa,California,Home,4,Yes,Website,395,379,404,417,405,75,4,485840.98,1943363.94,1602.67,663848.64,329030.02,334818.62,1,2,C1 - Global Investors,2
C1625,Individual,Harold,Wright,2000-02-03,M,Australia,Western Australia,Home,4,No,Agency,395,379,404,417,405,26,3,303529.28,910587.85,1094.84,437096.17,171012.46,266083.70999999996,0,3,C2 - First-Time Buyers,0
C1626,Individual,Jennifer,Morales,1970-02-24,F,France,Provence,Home,2,Yes,Website,395,379,404,417,405,56,3,408552.41,1225657.22,1464.85,506351.81,331811.36,174540.45,0,0,C3 - Corporate Buyers,1
C1627,Individual,David,Bryant,1973-08-14,M,Usa,California,Investment,1,No,Website,395,379,404,417,405,52,3,425075.59,1275226.77,1527.86,487397.65,311009.93,176387.72000000003,1,2,C1 - Global Investors,2
C1628,Company,Lumina,Co,1993-10-13,F,France,Normandy,Home,4,Yes,Website,395,379,404,417,405,32,3,266766.36,800299.08,842.73,369992.93,174634.6,195358.33,0,0,C3 - Corporate Buyers,1
C1629,Individual,Stephanie,Roberts,1956-08-26,F,Usa,Utah,Home,5,No,Agency,395,379,404,417,405,69,3,263050.02,789150.05,1008.13,370439.82,167175.36,203264.46000000002,0,3,C2 - First-Time Buyers,3
C1630,Company,Grandis,Co,1994-05-06,F,Usa,Virginia,Investment,1,Yes,Website,395,379,404,417,405,32,3,402293.97,1206881.92,1338.15,466289.68,300750.03,165539.64999999997,0,3,C2 - First-Time Buyers,3
C1631,Individual,Joan,Patterson,1966-03-12,F,Uk,Northern Ireland,Home,5,No,Website,395,379,404,417,405,60,4,420930.05,1683720.2,1267.07,605216.52,273717.69,331498.83,1,1,C4 - Luxury Investors,1
C1632,Individual,Victoria,Wright,1963-07-12,F,Usa,California,Investment,3,Yes,Agency,395,379,404,417,405,62,4,356282.67,1425130.68,1152.76,587752.9,153965.78,433787.12,1,2,C1 - Global Investors,2
C1633,Individual,Sara,Bennett,1977-07-03,F,Canada,Ontario,Home,2,No,Website,395,379,404,417,405,48,3,282396.78,847190.33,976.82,430268.83,149767.48,280501.35,0,3,C2 - First-Time Buyers,0
C1634,Individual,Sara,King,1944-01-11,F,Usa,Georgia,Investment,2,No,Website,395,379,404,417,405,82,4,261054.25,1044217.01,872.2,444069.92,180777.41,263292.51,0,3,C2 - First-Time Buyers,3
C1635,Individual,Lawrence,Moore,1948-04-27,M,France,Brittany,Home,1,No,Website,395,379,404,417,405,78,4,276120.11,1104480.44,919.74,557253.35,132839.83,424413.52,0,0,C3 - Corporate Buyers,1
C1636,Company,Zynex,Co,1987-01-10,F,Usa,Arizona,Home,5,Yes,Website,395,379,404,417,405,39,3,390479.91,1171439.72,1308.51,480665.23,244913.49,235751.74,0,3,C2 - First-Time Buyers,3
C1637,Individual,Jacob,Cook,1969-02-11,M,Mexico,Nuevo Leon,Home,5,No,Agency,395,379,404,417,405,57,3,444340.15,1333020.46,1525.18,558806.02,265540.4,293265.62,1,2,C1 - Global Investors,0
C1638,Individual,Cynthia,Peterson,1978-12-14,F,France,Occitanie,Investment,1,Yes,Agency,395,379,404,417,405,47,3,349298.57,1047895.71,1175.68,487075.17,227673.39,259401.77999999997,0,0,C3 - Corporate Buyers,1
C1639,Individual,Ronald,Smith,1943-09-26,M,Usa,Colorado,Home,1,No,Website,395,379,404,417,405,82,4,272140.36,1088561.44,975.42,434288.76,147313.66,286975.1,0,3,C2 - First-Time Buyers,3
C1640,Individual,Helen,Adams,1966-11-04,F,Usa,California,Home,1,Yes,Website,395,379,404,417,405,59,4,293036.66,1172146.65,1047.99,383671.53,187644.88,196026.65000000002,0,3,C2 - First-Time Buyers,3
C1641,Individual,Charles,Phillips,1972-02-14,M,Usa,Utah,Home,1,No,Agency,395,379,404,417,405,54,4,474719.52,1898878.08,1504.1,649429.33,235179.49,414249.83999999997,1,2,C1 - Global Investors,2
C1642,Individual,Maria,Adams,1981-07-20,F,Canada,British Columbia,Home,5,No,Website,395,379,404,417,405,44,4,360446.4,1441785.62,1167.16,590849.87,179708.55,411141.32,1,2,C1 - Global Investors,0
C1643,Individual,Carl,Rogers,1978-01-09,M,France,Ile-De-France,Home,4,No,Agency,395,379,404,417,405,48,3,394296.64,1182889.92,1468.69,522875.6,311382.6,211493.0,0,0,C3 - Corporate Buyers,1
C1644,Individual,Megan,Freeman,1944-06-22,F,Usa,California,Home,1,No,Client,395,379,404,417,405,81,4,328205.54,1312822.17,1024.34,406698.29,173347.8,233350.49,1,2,C1 - Global Investors,3
C1645,Individual,Shirley,Chavez,1995-02-08,F,Australia,New South Wales,Investment,1,No,Website,395,379,404,417,405,31,4,375993.3,1503973.21,1238.12,503034.95,248108.79,254926.16,1,2,C1 - Global Investors,0
C1646,Individual,Billy,Patterson,1998-06-10,M,Usa,Washington,Investment,4,Yes,Agency,395,379,404,417,405,27,3,324062.15,972186.46,1052.45,356950.7,298117.48,58833.22000000003,0,3,C2 - First-Time Buyers,3
C1647,Individual,Paul,Stone,1945-11-25,M,Usa,Ohio,Home,4,Yes,Agency,395,379,404,417,405,80,3,438789.65,1316368.95,1471.9,474177.38,401460.83,72716.54999999999,1,2,C1 - Global Investors,2
C1648,Individual,Julia,Wood,1949-09-21,F,Australia,New South Wales,Home,3,No,Website,395,379,404,417,405,76,3,427648.9,1282946.7,1476.94,515026.76,339080.79,175945.97000000003,1,2,C1 - Global Investors,0
C1649,Individual,Melissa,Price,1982-03-02,F,Usa,Oregon,Home,4,Yes,Agency,395,379,404,417,405,44,4,385221.95,1540887.81,1254.04,440680.26,263940.6,176739.66000000003,1,2,C1 - Global Investors,2
C1650,Individual,Edward,Griffin,1969-04-01,M,Usa,Washington,Investment,2,No,Website,395,379,404,417,405,57,3,355079.5,1065238.5,1057.95,573660.29,179875.05,393785.24000000005,0,3,C2 - First-Time Buyers,3
C1651,Individual,Ryan,Bell,1945-11-19,M,Usa,California,Investment,4,No,Website,395,379,404,417,405,80,3,320688.81,962066.42,880.66,453763.04,248289.51,205473.52999999997,0,3,C2 - First-Time Buyers,3
C1652,Individual,Paul,Weaver,1964-01-15,M,Usa,Nevada,Investment,4,Yes,Client,395,379,404,417,405,62,3,359644.6,1078933.8,1168.38,468522.56,168105.15,300417.41000000003,0,3,C2 - First-Time Buyers,3
C1653,Individual,Sara,White,1974-08-02,F,Usa,Colorado,Investment,4,Yes,Website,395,379,404,417,405,51,4,239276.62,957106.48,860.93,394592.34,160996.66,233595.68000000002,0,3,C2 - First-Time Buyers,3
C1654,Individual,Judith,Brooks,1968-04-05,F,Usa,California,Home,1,No,Website,395,379,404,417,405,58,4,312516.35,1250065.38,951.64,579412.56,182365.75,397046.81000000006,0,3,C2 - First-Time Buyers,3
C1655,Individual,Sara,Cox,1965-05-16,F,Usa,Texas,Investment,2,No,Website,395,379,404,417,405,61,3,324916.6,974749.8,1088.59,398928.35,234624.17,164304.17999999996,0,3,C2 - First-Time Buyers,3
C1656,Individual,Jacob,Baker,1991-05-05,M,Belgium,Wallonia,Investment,4,Yes,Website,395,379,404,417,405,35,4,350414.46,1401657.84,1182.37,531573.93,151178.64,380395.29000000004,1,2,C1 - Global Investors,1
C1657,Individual,Donald,Kim,1958-05-19,M,Usa,California,Home,2,No,Website,395,379,404,417,405,68,4,329156.17,1316624.69,1023.97,487604.6,212701.42,274903.17999999993,1,2,C1 - Global Investors,2
C1658,Individual,Ronald,Patterson,1970-08-07,M,Usa,California,Home,5,No,Agency,395,379,404,417,405,55,4,310794.65,1243178.6,984.12,488058.16,167318.39,320739.76999999996,0,3,C2 - First-Time Buyers,3
C1659,Individual,Joshua,Thompson,1946-09-05,M,Denmark,Zealand,Home,4,No,Website,395,379,404,417,405,79,4,394104.22,1576416.87,1307.3,536988.38,255581.25,281407.13,1,2,C1 - Global Investors,1
C1660,Individual,Henry,Richardson,1940-04-27,M,Usa,Nevada,Home,4,Yes,Website,395,379,404,417,405,86,4,332511.62,1330046.48,1068.57,529448.55,188384.96,341063.5900000001,1,2,C1 - Global Investors,2
C1661,Individual,Ronald,Cox,1975-08-20,M,Usa,Washington,Home,4,No,Agency,395,379,404,417,405,50,3,503687.76,1511063.27,1599.34,626977.89,393104.03,233873.86,1,2,C1 - Global Investors,2
C1662,Individual,Gary,Montgomery,1967-05-16,M,Russia,Tatarstan,Home,4,No,Website,395,379,404,417,405,59,4,376465.68,1505862.74,1320.35,536177.39,238068.88,298108.51,1,2,C1 - Global Investors,1
C1663,Individual,Joshua,Garcia,1977-05-13,M,Usa,Colorado,Investment,3,No,Agency,395,379,404,417,405,49,3,308688.07,926064.21,1042.71,399712.39,208482.23,191230.16,0,3,C2 - First-Time Buyers,3
C1664,Individual,Judith,Hayes,1969-07-25,F,France,Occitanie,Investment,5,No,Agency,395,379,404,417,405,56,3,463333.91,1390001.73,1445.29,559963.06,378059.82,181903.24000000005,1,0,C3 - Corporate Buyers,1
C1665,Individual,Harold,Bell,1995-12-16,M,Usa,Arizona,Home,5,No,Website,395,379,404,417,405,30,4,241742.8,966971.19,827.2,324550.9,159770.01,164780.89,0,3,C2 - First-Time Buyers,3
C1666,Individual,Brenda,Edwards,1962-09-08,F,Usa,Ohio,Home,2,No,Website,395,379,404,417,405,63,3,235501.2,706503.59,736.04,272425.15,189133.4,83291.75000000003,0,3,C2 - First-Time Buyers,3
C1667,Individual,Stephanie,Cook,1967-11-14,F,Usa,California,Investment,4,No,Agency,395,379,404,417,405,58,3,277270.51,831811.52,862.11,312521.87,258340.9,54180.97,0,3,C2 - First-Time Buyers,3
C1668,Individual,Scott,Green,1957-11-12,M,Australia,Victoria,Home,5,No,Website,395,379,404,417,405,68,4,261715.8,1046863.21,872.2,439078.0,187791.7,251286.3,0,3,C2 - First-Time Buyers,0
C1669,Individual,Steven,Collins,1960-04-07,M,Canada,Alberta,Investment,3,Yes,Agency,395,379,404,417,405,66,4,237067.84,948271.34,837.52,330897.08,162335.17,168561.91,0,3,C2 - First-Time Buyers,0
C1670,Individual,Angela,Watson,1970-12-09,F,Usa,Colorado,Home,3,Yes,Website,395,379,404,417,405,55,4,339005.26,1356021.03,1076.59,441253.62,149925.94,291327.68,1,2,C1 - Global Investors,2
C1671,Individual,Ashley,Howard,1948-09-13,F,Usa,California,Home,3,No,Agency,395,379,404,417,405,77,4,332309.19,1329236.75,1120.62,442394.76,126443.98,315950.78,1,2,C1 - Global Investors,2
C1672,Individual,Jacqueline,Morales,1974-04-09,F,Usa,Nevada,Investment,4,No,Website,395,379,404,417,405,52,3,242787.72,728363.17,889.92,361228.37,125572.05,235656.32,0,3,C2 - First-Time Buyers,3
C1673,Individual,Katherine,Martin,1992-03-04,F,Usa,Washington,Home,1,Yes,Website,395,379,404,417,405,34,4,450908.69,1803634.76,1422.99,726903.51,222946.88,503956.63,1,2,C1 - Global Investors,2
C1674,Individual,Emily,Jackson,1941-12-22,F,Usa,California,Home,5,Yes,Website,395,379,404,417,405,84,4,403655.88,1614623.53,1268.71,551658.47,247904.66,303753.80999999994,1,2,C1 - Global Investors,2
C1675,Individual,Emma,Reyes,1985-04-08,F,Canada,Alberta,Investment,5,No,Website,395,379,404,417,405,41,3,306012.56,918037.68,1012.96,362023.29,207569.34,154453.94999999998,0,3,C2 - First-Time Buyers,0
C1676,Individual,Amy,Allen,1999-09-19,F,Usa,Washington,Home,2,No,Website,395,379,404,417,405,26,4,312909.25,1251637.0,1019.12,474039.53,186157.43,287882.10000000003,0,3,C2 - First-Time Buyers,3
C1677,Individual,Kevin,Thomas,1964-12-20,M,Usa,Texas,Home,1,Yes,Website,395,379,404,417,405,61,3,314305.06,942915.18,975.94,380233.97,211361.79,168872.17999999996,0,3,C2 - First-Time Buyers,3
C1678,Individual,Gary,Sanders,1961-03-06,M,Usa,California,Home,1,Yes,Agency,395,379,404,417,405,65,3,459218.1,1377654.29,1650.47,501738.52,413239.73,88498.79000000004,1,2,C1 - Global Investors,2
C1679,Individual,Christina,Nelson,1986-02-28,F,Usa,Nevada,Investment,4,No,Website,395,379,404,417,405,40,3,398206.3,1194618.9,1268.05,587797.99,199370.74,388427.25,0,3,C2 - First-Time Buyers,3
C1680,Individual,Danielle,Howard,1999-09-25,F,Usa,California,Investment,4,No,Agency,395,379,404,417,405,26,3,221692.92,665078.77,692.13,278456.63,139826.6,138630.03,0,3,C2 - First-Time Buyers,3
C1681,Individual,Carl,Alexander,1961-07-27,M,Usa,Oregon,Home,3,Yes,Client,395,379,404,417,405,64,4,352076.24,1408304.94,1156.76,484626.56,227720.97,256905.59,1,2,C1 - Global Investors,3
C1682,Individual,Amanda,Brooks,1987-04-11,F,Usa,Nevada,Home,2,No,Website,395,379,404,417,405,39,4,367476.35,1469905.41,1257.09,492569.41,241091.13,251478.27999999997,1,2,C1 - Global Investors,2
C1683,Individual,Amber,Patterson,1999-11-19,F,Usa,Oregon,Investment,1,No,Client,395,379,404,417,405,26,4,352528.65,1410114.6,1144.74,533570.63,223726.64,309843.99,1,2,C1 - Global Investors,3
C1684,Individual,Grace,Cooper,1977-07-01,F,Usa,Colorado,Investment,4,No,Website,395,379,404,417,405,48,4,277360.04,1109440.17,883.48,357429.62,208194.97,149234.65,0,3,C2 - First-Time Buyers,3
C1685,Individual,Kathleen,Parker,1977-05-16,F,Usa,California,Home,5,No,Agency,395,379,404,417,405,49,3,369874.58,1109623.75,1274.52,496154.56,222493.85,273660.70999999996,0,3,C2 - First-Time Buyers,3
C1686,Individual,David,Howard,1977-01-25,M,Usa,California,Investment,2,Yes,Agency,395,379,404,417,405,49,4,303594.46,1214377.82,1073.9,407908.02,164477.46,243430.56000000003,0,3,C2 - First-Time Buyers,3
C1687,Individual,Eric,Anderson,1967-05-15,M,Usa,California,Home,4,Yes,Website,395,379,404,417,405,59,4,256529.4,1026117.62,935.37,420273.62,152252.04,268021.57999999996,0,3,C2 - First-Time Buyers,3
C1688,Individual,Amanda,Flores,1996-04-28,F,Usa,Oregon,Home,5,No,Client,395,379,404,417,405,30,3,438128.09,1314384.27,1281.96,578952.08,279019.73,299932.35,1,2,C1 - Global Investors,3
C1689,Individual,Virginia,King,1985-01-26,F,Usa,Oregon,Investment,1,Yes,Client,395,379,404,417,405,41,3,298700.27,896100.8,973.09,441341.34,200717.88,240623.46000000002,0,3,C2 - First-Time Buyers,3
C1690,Individual,Terry,Martin,1951-08-18,M,Denmark,North Denmark,Home,2,Yes,Agency,395,379,404,417,405,74,3,554213.02,1662639.06,1754.94,598512.98,527323.78,71189.19999999995,1,2,C1 - Global Investors,1
C1691,Individual,Robert,Reed,1946-03-25,M,Usa,Arizona,Home,5,No,Website,395,379,404,417,405,80,4,303182.9,1212731.6,984.95,450265.88,164554.88,285711.0,0,3,C2 - First-Time Buyers,3
C1692,Individual,Joseph,Patterson,1991-03-08,M,Canada,Ontario,Home,5,Yes,Agency,395,379,404,417,405,35,4,291404.98,1165619.91,984.95,504544.59,186508.92,318035.67000000004,0,3,C2 - First-Time Buyers,0
C1693,Individual,Donald,Turner,1990-11-20,M,Belgium,Flanders,Home,1,No,Website,395,379,404,417,405,35,4,389258.77,1557035.08,1342.15,464582.73,326871.64,137711.08999999997,1,2,C1 - Global Investors,1
C1694,Individual,Gloria,Foster,1957-07-18,F,Usa,Virginia,Home,5,No,Agency,395,379,404,417,405,68,4,364348.93,1457395.73,1202.7,522366.74,267144.13,255222.61,1,2,C1 - Global Investors,2
C1695,Individual,Tiffany,Peterson,1955-12-13,F,Belgium,Flanders,Home,5,No,Website,395,379,404,417,405,70,3,325288.73,975866.19,1111.3,491123.63,229127.73,261995.9,0,3,C2 - First-Time Buyers,1
C1696,Individual,Emily,Jones,1987-02-20,F,Usa,Florida,Home,1,No,Website,395,379,404,417,405,39,4,329006.34,1316025.35,1092.08,382303.57,205863.07,176440.5,1,2,C1 - Global Investors,2
C1697,Individual,Maria,Brown,1980-08-07,F,Belgium,Brussels,Home,2,No,Client,395,379,404,417,405,45,4,200703.32,802813.26,700.78,234850.32,170509.9,64340.42000000001,0,3,C2 - First-Time Buyers,1
C1698,Individual,Zachary,Stone,1950-12-05,M,Uk,Northern Ireland,Home,4,Yes,Website,395,379,404,417,405,75,3,254843.32,764529.97,901.63,362728.99,180780.95,181948.03999999998,0,1,C4 - Luxury Investors,1
C1699,Individual,Peter,Phillips,1969-07-15,M,Australia,Western Australia,Home,3,Yes,Agency,395,379,404,417,405,56,4,290492.81,1161971.24,946.65,480048.34,172980.65,307067.69000000006,0,3,C2 - First-Time Buyers,0
C1700,Individual,Nicholas,Young,1943-11-04,M,Usa,Nevada,Home,3,No,Website,395,379,404,417,405,82,4,323412.09,1293648.37,1050.57,564037.73,189015.42,375022.30999999994,1,2,C1 - Global Investors,2
C1701,Individual,Karen,Montgomery,1982-06-27,F,Usa,Arizona,Home,1,No,Website,395,379,404,417,405,43,3,305347.91,916043.72,979.09,417201.93,248737.71,168464.22,0,3,C2 - First-Time Buyers,3
C1702,Individual,Frank,Alexander,1990-01-04,M,Usa,Washington,Investment,5,Yes,Website,395,379,404,417,405,36,3,419727.16,1259181.49,1477.03,505472.65,300057.11,205415.54000000004,0,3,C2 - First-Time Buyers,3
C1703,Individual,Gerald,Cox,1999-08-13,M,Usa,Texas,Investment,4,No,Agency,395,379,404,417,405,26,3,289555.26,868665.77,980.87,358849.76,233531.67,125318.09,0,3,C2 - First-Time Buyers,3
C1704,Individual,Susan,Flores,1963-02-15,F,Denmark,Capital Region,Home,4,No,Agency,395,379,404,417,405,63,3,377163.55,1131490.64,1251.25,441154.94,270962.44,170192.5,0,3,C2 - First-Time Buyers,1
C1705,Individual,Kenneth,Howard,1979-11-23,M,Usa,Virginia,Investment,3,Yes,Website,395,379,404,417,405,46,3,343995.89,1031987.68,1049.31,482341.23,248235.55,234105.68,0,3,C2 - First-Time Buyers,3
C1706,Individual,Matthew,Jordan,1976-05-13,M,Usa,California,Home,3,Yes,Website,395,379,404,417,405,50,4,354305.37,1417221.48,1128.97,590931.68,154582.17,436349.51,1,2,C1 - Global Investors,2
C1707,Individual,Adam,Allen,1973-09-19,M,Usa,Georgia,Home,1,Yes,Website,395,379,404,417,405,52,3,256869.87,770609.62,899.76,272169.11,232185.85,39983.25999999998,0,3,C2 - First-Time Buyers,3
C1708,Individual,Andrea,Wilson,1986-08-06,F,Germany,Hesse,Home,1,Yes,Agency,395,379,404,417,405,39,3,284808.84,854426.52,897.31,399400.23,208186.63,191213.59999999998,0,3,C2 - First-Time Buyers,1
C1709,Individual,Danielle,Cox,1946-08-09,F,Usa,Arizona,Investment,3,No,Agency,395,379,404,417,405,79,3,445472.05,1336416.16,1513.17,502269.25,353854.21,148415.03999999998,1,2,C1 - Global Investors,2
C1710,Individual,Joe,Flores,1957-05-26,M,Canada,Alberta,Investment,2,Yes,Website,395,379,404,417,405,68,3,342639.37,1027918.12,1156.08,455861.82,207455.9,248405.92,0,3,C2 - First-Time Buyers,0
C1711,Individual,Debra,Hayes,1981-08-24,F,Usa,California,Investment,3,Yes,Website,395,379,404,417,405,44,4,253903.28,1015613.11,836.94,330207.8,185296.54,144911.25999999998,0,3,C2 - First-Time Buyers,3
C1712,Individual,Ryan,Turner,1971-03-04,M,France,Occitanie,Home,5,No,Website,395,379,404,417,405,55,4,320060.54,1280242.15,1102.08,465704.47,115337.65,350366.81999999995,1,0,C3 - Corporate Buyers,1
C1713,Individual,Julia,Cook,1981-02-08,F,Usa,Oregon,Home,1,No,Website,395,379,404,417,405,45,4,350417.61,1401670.45,1186.52,537445.29,233701.51,303743.78,1,2,C1 - Global Investors,2
C1714,Individual,Nathan,Brooks,1948-07-05,M,Usa,Colorado,Home,3,No,Website,395,379,404,417,405,77,4,263572.4,1054289.58,823.66,413091.69,180837.56,232254.13,0,3,C2 - First-Time Buyers,3
C1715,Individual,Hannah,Watson,1963-04-13,F,Usa,Florida,Home,3,Yes,Agency,395,379,404,417,405,63,4,246803.54,987214.18,900.39,315841.36,113550.95,202290.40999999997,0,3,C2 - First-Time Buyers,3
C1716,Individual,Michelle,Montgomery,1980-10-13,F,Usa,California,Home,1,No,Website,395,379,404,417,405,45,3,342428.83,1027286.48,1129.18,420929.08,246068.77,174860.31000000003,0,3,C2 - First-Time Buyers,3
C1717,Individual,Martha,Thomas,1941-12-21,F,Usa,California,Home,4,Yes,Website,395,379,404,417,405,84,3,305202.02,915606.07,980.87,370077.4,265442.27,104635.13,0,3,C2 - First-Time Buyers,3
C1718,Individual,Janet,Peterson,1995-01-06,F,Usa,California,Home,1,No,Website,395,379,404,417,405,31,4,340530.37,1362121.47,1150.74,577483.25,201663.74,375819.51,1,2,C1 - Global Investors,2
C1719,Company,Halcyon,Co,1960-05-10,M,Usa,Florida,Home,2,No,Agency,395,379,404,417,405,66,3,392919.96,1178759.88,1263.86,557392.74,246465.48,310927.26,0,3,C2 - First-Time Buyers,3
C1720,Individual,Danielle,Kim,1996-10-10,F,Usa,California,Home,5,Yes,Website,395,379,404,417,405,29,4,349167.94,1396671.77,1122.09,659880.36,167447.91,492432.44999999995,1,2,C1 - Global Investors,2
C1721,Individual,Carl,Weaver,1986-12-10,M,Usa,Nevada,Home,2,No,Agency,395,379,404,417,405,39,4,320682.43,1282729.71,1034.07,379081.98,267578.12,111503.85999999999,1,2,C1 - Global Investors,2
C1722,Individual,Jacqueline,Morris,1982-11-23,F,Usa,Nevada,Home,3,No,Website,395,379,404,417,405,43,4,419091.43,1676365.72,1307.3,605522.07,232493.29,373028.7799999999,1,2,C1 - Global Investors,2
C1723,Individual,Carol,Allen,1998-02-02,F,Canada,Quebec,Home,2,Yes,Agency,395,379,404,417,405,28,4,271150.6,1084602.42,900.39,399164.03,132481.59,266682.44000000006,0,3,C2 - First-Time Buyers,0
C1724,Individual,Justin,Cook,1956-06-19,M,Usa,Virginia,Home,4,No,Website,395,379,404,417,405,69,4,411584.59,1646338.36,1358.97,570262.07,217942.69,352319.37999999995,1,2,C1 - Global Investors,2
C1725,Individual,Sharon,Patterson,1959-01-12,F,Usa,Nevada,Home,3,Yes,Website,395,379,404,417,405,67,4,338125.06,1352500.23,1167.4,460172.3,251007.77,209164.53,1,2,C1 - Global Investors,2
C1726,Individual,Diane,Scott,1948-08-15,F,Uk,Northern Ireland,Home,3,No,Website,395,379,404,417,405,77,3,380369.08,1141107.24,1193.77,669506.11,138741.01,530765.1,0,1,C4 - Luxury Investors,1
C1727,Individual,Katherine,Morales,1945-12-06,F,Usa,New York,Home,3,No,Website,395,379,404,417,405,80,4,390958.6,1563834.42,1210.74,619055.13,229319.93,389735.2,1,2,C1 - Global Investors,2
C1728,Individual,Kimberly,Garcia,1944-03-08,F,Usa,Oregon,Home,3,Yes,Client,395,379,404,417,405,82,4,359078.14,1436312.58,1225.26,429908.37,194714.91,235193.46,1,2,C1 - Global Investors,3
C1729,Individual,Robert,Richardson,1955-06-26,M,Canada,British Columbia,Home,3,Yes,Website,395,379,404,417,405,70,3,318785.51,956356.54,1090.77,404268.31,158224.66,246043.65,0,3,C2 - First-Time Buyers,0
C1730,Individual,Jeffrey,Young,1979-11-22,M,Mexico,Puebla,Investment,5,Yes,Agency,395,379,404,417,405,46,3,265477.49,796432.48,922.69,385425.29,174809.5,210615.78999999998,0,3,C2 - First-Time Buyers,0
C1731,Individual,Nathan,Garcia,1971-12-19,M,Usa,California,Home,4,Yes,Website,395,379,404,417,405,54,4,293055.03,1172220.11,966.56,389967.22,219564.15,170403.06999999998,0,3,C2 - First-Time Buyers,3
C1732,Individual,Megan,Wilson,1970-07-15,F,Canada,Alberta,Investment,2,No,Agency,395,379,404,417,405,55,3,517001.28,1551003.84,1654.47,597681.88,373635.26,224046.62,1,2,C1 - Global Investors,0
C1733,Individual,Helen,Jones,1948-04-22,F,Usa,California,Home,3,Yes,Agency,395,379,404,417,405,78,4,294993.77,1179975.09,1009.93,432544.27,179048.25,253496.02000000002,0,3,C2 - First-Time Buyers,3
C1734,Individual,Zachary,Roberts,1975-01-14,M,Usa,California,Home,5,No,Website,395,379,404,417,405,51,3,359501.65,1078504.94,1254.5,462160.46,267559.14,194601.32,0,3,C2 - First-Time Buyers,3
C1735,Individual,Amber,Miller,1969-10-07,F,Usa,Utah,Investment,3,No,Website,395,379,404,417,405,56,3,379998.66,1139995.98,1258.4,492594.19,241306.2,251287.99,0,3,C2 - First-Time Buyers,3
C1736,Individual,Ann,Cook,1989-09-21,F,Usa,California,Investment,4,Yes,Website,395,379,404,417,405,36,4,370560.97,1482243.88,1122.09,606491.63,188370.61,418121.02,1,2,C1 - Global Investors,2
C1737,Individual,Jennifer,Jackson,1992-12-24,F,Usa,California,Investment,3,No,Website,395,379,404,417,405,33,3,353648.86,1060946.57,1090.77,520101.47,145719.42,374382.04999999993,0,3,C2 - First-Time Buyers,3
C1738,Individual,Sharon,Hall,1977-02-25,F,Usa,California,Home,5,No,Website,395,379,404,417,405,49,3,287065.23,861195.69,1016.76,347283.41,231833.39,115450.01999999996,0,3,C2 - First-Time Buyers,3
C1739,Individual,Steven,Smith,1985-02-25,M,Russia,Novosibirsk,Investment,3,Yes,Website,395,379,404,417,405,41,4,249586.12,998344.48,872.2,442624.97,174150.21,268474.76,0,3,C2 - First-Time Buyers,1
C1740,Individual,Ashley,Alexander,1951-09-15,F,Usa,California,Home,5,Yes,Website,395,379,404,417,405,74,4,359753.34,1439013.34,1164.02,561035.94,199407.76,361628.17999999993,1,2,C1 - Global Investors,2
C1741,Individual,Alexander,Wright,1976-04-18,M,Usa,Virginia,Home,5,No,Website,395,379,404,417,405,50,4,327678.26,1310713.04,1140.38,454264.31,154091.71,300172.6,1,2,C1 - Global Investors,2
C1742,Company,Crestwood,Co,1988-08-14,F,Usa,California,Home,5,No,Agency,395,379,404,417,405,37,3,392618.74,1177856.21,1431.79,524488.63,192247.67,332240.95999999996,0,3,C2 - First-Time Buyers,3
C1743,Individual,Linda,Bell,1946-07-26,F,Belgium,Flanders,Home,1,No,Client,395,379,404,417,405,79,3,279689.76,839069.28,881.78,283283.47,273969.84,9313.629999999946,0,3,C2 - First-Time Buyers,1
C1744,Individual,Brian,Green,1961-11-16,M,Russia,Krasnodar Krai,Investment,1,No,Website,395,379,404,417,405,64,4,330000.6,1320002.42,1092.08,415154.19,186825.58,228328.61000000002,1,2,C1 - Global Investors,1
C1745,Individual,Ann,Sanders,1976-06-21,F,Usa,California,Home,1,No,Website,395,379,404,417,405,49,3,420498.5,1261495.5,1487.66,563558.93,330327.79,233231.14000000007,1,2,C1 - Global Investors,2
C1746,Individual,Jennifer,Cox,1959-06-14,F,Belgium,Flanders,Home,3,No,Website,395,379,404,417,405,66,3,264611.95,793835.85,874.19,389328.46,145140.27,244188.19000000003,0,3,C2 - First-Time Buyers,1
C1747,Individual,Bryan,Flores,1965-02-19,M,Usa,Colorado,Home,5,No,Client,395,379,404,417,405,61,3,338887.15,1016661.44,1059.15,468372.55,232448.63,235923.91999999998,0,3,C2 - First-Time Buyers,3
C1748,Individual,Albert,Jones,1950-11-11,M,Usa,California,Home,4,Yes,Website,395,379,404,417,405,75,3,370757.49,1112272.46,1274.52,566107.2,187305.08,378802.12,0,3,C2 - First-Time Buyers,3
C1749,Individual,Brandon,Moore,1956-05-27,M,Usa,California,Home,3,No,Website,395,379,404,417,405,69,3,277555.21,832665.62,862.11,388898.15,194958.35,193939.80000000002,0,3,C2 - First-Time Buyers,3
C1750,Company,Stratos,Co,1991-01-12,M,Usa,Colorado,Home,3,No,Website,395,379,404,417,405,35,4,374290.93,1497163.73,1150.2,509429.47,204319.7,305109.76999999996,1,2,C1 - Global Investors,3
C1751,Individual,Christine,Scott,1955-02-28,F,Usa,Ohio,Home,5,No,Website,395,379,404,417,405,71,4,218280.12,873120.47,700.78,231620.61,205370.02,26250.589999999997,0,3,C2 - First-Time Buyers,3
C1752,Individual,Jonathan,Cook,1980-02-06,M,Usa,California,Investment,1,Yes,Website,395,379,404,417,405,46,3,373200.16,1119600.47,1152.6,421157.07,306003.32,115153.75,0,3,C2 - First-Time Buyers,3
C1753,Individual,Arthur,Peterson,1945-12-18,M,Usa,Georgia,Investment,3,Yes,Website,395,379,404,417,405,80,3,256692.49,770077.48,964.27,425499.05,130070.01,295429.04,0,3,C2 - First-Time Buyers,3
C1754,Individual,Frank,Gray,1995-11-11,M,Usa,Virginia,Home,2,Yes,Website,395,379,404,417,405,30,3,453851.75,1361555.24,1471.9,506527.22,387513.74,119013.47999999998,1,2,C1 - Global Investors,2
C1755,Individual,Mark,Griffin,1998-08-26,M,Usa,Nevada,Home,1,Yes,Website,395,379,404,417,405,27,3,224038.97,672116.92,776.24,285197.86,145565.84,139632.02,0,3,C2 - First-Time Buyers,3
C1756,Individual,Daniel,Cook,1990-03-21,M,Usa,Utah,Home,1,No,Website,395,379,404,417,405,36,4,370351.1,1481404.39,1146.01,529820.54,212583.8,317236.74000000005,1,2,C1 - Global Investors,2
C1757,Individual,Brian,Hayes,1985-07-01,M,Germany,Bavaria,Home,3,No,Client,395,379,404,417,405,40,3,375122.21,1125366.62,1182.08,477602.23,259309.56,218292.66999999998,0,3,C2 - First-Time Buyers,1
C1758,Individual,Carl,Pierce,1985-01-14,M,Usa,Oregon,Investment,4,Yes,Agency,395,379,404,417,405,41,4,251620.3,1006481.18,801.06,321342.19,180048.26,141293.93,0,3,C2 - First-Time Buyers,3
C1759,Individual,Jose,Stone,1974-10-10,M,Usa,California,Investment,1,No,Website,395,379,404,417,405,51,4,257979.3,1031917.22,831.47,386654.16,168102.17,218551.98999999996,0,3,C2 - First-Time Buyers,3
C1760,Individual,Mary,Harris,1975-10-07,F,Belgium,Brussels,Home,2,No,Website,395,379,404,417,405,50,4,363589.58,1454358.32,1265.38,484534.28,114987.3,369546.98000000004,1,2,C1 - Global Investors,1
C1761,Individual,Nicholas,Thompson,1955-01-08,M,Usa,Washington,Home,1,No,Website,395,379,404,417,405,71,4,295443.11,1181772.43,972.34,541585.04,149634.66,391950.38,0,3,C2 - First-Time Buyers,3
C1762,Individual,Larry,Harris,1964-01-21,M,Usa,Virginia,Home,1,No,Website,395,379,404,417,405,62,3,341117.41,1023352.22,1090.95,399439.17,281231.73,118207.44,0,3,C2 - First-Time Buyers,3
C1763,Individual,Kimberly,Young,1954-11-26,F,Usa,New York,Home,3,No,Website,395,379,404,417,405,71,4,447345.42,1789381.67,1374.58,654120.74,228175.89,425944.85,1,2,C1 - Global Investors,2
C1764,Individual,Kelly,Baker,1946-11-05,F,Usa,Nevada,Home,2,No,Agency,395,379,404,417,405,79,4,417083.8,1668335.18,1338.9,575177.72,182975.25,392202.47,1,2,C1 - Global Investors,2
C1765,Individual,Pamela,Reyes,1997-05-01,F,Usa,Colorado,Home,1,Yes,Client,395,379,404,417,405,29,4,433541.88,1734167.51,1577.23,550819.24,260798.04,290021.19999999995,1,2,C1 - Global Investors,3
C1766,Individual,Sharon,Bennett,1993-05-05,F,Usa,California,Home,4,No,Website,395,379,404,417,405,33,4,342811.77,1371247.08,1071.39,562229.33,134160.06,428069.26999999996,1,2,C1 - Global Investors,2
C1767,Individual,Joe,Sanders,1978-05-21,M,Usa,Colorado,Home,3,No,Website,395,379,404,417,405,48,4,363959.73,1455838.91,1123.32,564116.06,97402.8,466713.26000000007,1,2,C1 - Global Investors,2
C1768,Individual,Cynthia,Hughes,1943-03-01,F,Russia,Saint Petersburg,Home,4,No,Website,395,379,404,417,405,83,4,246276.3,985105.21,834.66,377838.86,156812.31,221026.55,0,3,C2 - First-Time Buyers,1
C1769,Company,Forsyte,Co,1985-10-22,M,Usa,Oregon,Home,1,Yes,Client,395,379,404,417,405,40,3,328636.33,985909.0,1101.55,484144.21,220504.09,263640.12,0,3,C2 - First-Time Buyers,3
C1770,Individual,Betty,Parker,1945-11-17,F,Usa,Washington,Home,1,Yes,Agency,395,379,404,417,405,80,3,444923.81,1334771.42,1469.18,616403.86,288705.15,327698.70999999996,1,2,C1 - Global Investors,2
C1771,Company,Atlas,Co,1975-06-22,M,Usa,Georgia,Home,3,Yes,Client,395,379,404,417,405,50,3,426965.32,1280895.97,1435.66,556838.33,227041.65,329796.67999999993,1,2,C1 - Global Investors,3
C1772,Company,Forsyte,Co,1975-01-13,F,Canada,Alberta,Investment,5,Yes,Agency,395,379,404,417,405,51,4,276320.48,1105281.92,1015.87,401863.68,162365.24,239498.44,0,3,C2 - First-Time Buyers,0
C1773,Individual,Kenneth,Williams,1980-12-25,M,Usa,Nevada,Investment,3,Yes,Agency,395,379,404,417,405,45,4,321035.3,1284141.19,984.65,445068.24,177044.7,268023.54,1,2,C1 - Global Investors,2
C1774,Individual,Frank,James,1984-12-26,M,Usa,Oregon,Home,4,No,Agency,395,379,404,417,405,41,4,292333.87,1169335.49,1008.66,399457.77,210817.61,188640.16000000003,0,3,C2 - First-Time Buyers,3
C1775,Individual,Betty,Howard,1970-10-07,F,Usa,California,Home,3,No,Agency,395,379,404,417,405,55,4,353694.25,1414776.99,1102.97,496847.34,218721.31,278126.03,1,2,C1 - Global Investors,2
C1776,Individual,Martha,Mitchell,1973-09-01,F,France,Occitanie,Home,1,No,Website,395,379,404,417,405,52,3,357239.47,1071718.4,1196.17,439467.59,218500.34,220967.25000000003,0,0,C3 - Corporate Buyers,1
C1777,Individual,Jason,Long,1974-09-24,M,Usa,California,Investment,5,No,Client,395,379,404,417,405,51,3,261543.32,784629.95,900.46,341503.87,207636.64,133867.22999999998,0,3,C2 - First-Time Buyers,3
C1778,Individual,Jeffrey,Cox,1994-01-09,M,Usa,Georgia,Investment,4,Yes,Website,395,379,404,417,405,32,3,405554.94,1216664.82,1339.73,514358.91,219795.98,294562.92999999993,0,3,C2 - First-Time Buyers,3
C1779,Individual,Sharon,Thomas,1979-04-20,F,Usa,California,Home,5,No,Client,395,379,404,417,405,47,4,390809.14,1563236.55,1287.1,595227.23,285903.69,309323.54,1,2,C1 - Global Investors,3
C1780,Individual,Richard,Patterson,1956-05-18,M,Usa,Utah,Investment,1,No,Website,395,379,404,417,405,70,4,433889.29,1735557.15,1341.72,543401.76,334240.7,209161.06,1,2,C1 - Global Investors,2
C1781,Individual,Betty,Thomas,1968-10-08,F,Usa,California,Home,4,No,Website,395,379,404,417,405,57,4,345829.1,1383316.42,1164.01,524713.99,222032.52,302681.47,1,2,C1 - Global Investors,2
C1782,Individual,Ann,King,1999-12-04,F,Uk,England,Investment,1,No,Website,395,379,404,417,405,26,4,224411.64,897646.55,783.64,281637.63,151179.06,130458.57,0,1,C4 - Luxury Investors,1
C1783,Individual,Jacob,Garcia,1954-03-07,M,Usa,California,Home,3,No,Website,395,379,404,417,405,72,4,284120.73,1136482.92,883.8,387708.89,198889.9,188818.99000000002,0,3,C2 - First-Time Buyers,3
C1784,Individual,Albert,Moore,1998-02-24,M,Australia,Western Australia,Home,3,No,Client,395,379,404,417,405,28,4,338068.63,1352274.53,1106.87,441900.44,251143.26,190757.18,1,2,C1 - Global Investors,0
C1785,Individual,Lauren,Allen,1956-02-27,F,Usa,Colorado,Home,1,Yes,Website,395,379,404,417,405,70,3,335522.74,1006568.23,1156.56,370207.67,278391.46,91816.20999999996,0,3,C2 - First-Time Buyers,3
C1786,Individual,Adam,White,1995-03-07,M,Usa,California,Home,1,No,Website,395,379,404,417,405,31,4,311773.8,1247095.22,1102.27,581591.93,172701.3,408890.63000000006,0,3,C2 - First-Time Buyers,3
C1787,Individual,Stephen,Flores,1955-09-22,M,Usa,Georgia,Investment,5,No,Agency,395,379,404,417,405,70,4,322396.36,1289585.42,1029.38,528523.4,207895.14,320628.26,1,2,C1 - Global Investors,2
C1788,Individual,Zachary,James,1989-10-27,M,Usa,California,Home,3,No,Website,395,379,404,417,405,36,3,372292.27,1116876.81,1155.7,495478.74,191147.09,304331.65,0,3,C2 - First-Time Buyers,3
C1789,Individual,Edward,Brooks,1982-07-25,M,Usa,Colorado,Home,5,Yes,Agency,395,379,404,417,405,43,3,453201.7,1359605.1,1526.96,470652.98,432946.6,37706.380000000005,1,2,C1 - Global Investors,2
C1790,Individual,Jacob,Hansen,1940-02-18,M,Usa,Nevada,Investment,5,No,Client,395,379,404,417,405,86,4,333880.27,1335521.08,1159.97,402189.34,292398.57,109790.77000000002,1,2,C1 - Global Investors,3
C1791,Individual,Gerald,Scott,1966-04-26,M,Usa,California,Home,5,No,Agency,395,379,404,417,405,60,3,298170.93,894512.8,1050.08,358882.77,183228.95,175653.82,0,3,C2 - First-Time Buyers,3
C1792,Individual,Terry,Pierce,1995-06-17,M,Usa,California,Home,3,No,Agency,395,379,404,417,405,30,4,487140.81,1948563.24,1676.38,566173.43,424589.45,141583.98000000004,1,2,C1 - Global Investors,2
C1793,Individual,Richard,James,1969-04-05,M,Usa,Utah,Investment,1,No,Website,395,379,404,417,405,57,4,329381.26,1317525.03,1102.08,538098.62,171624.15,366474.47,1,2,C1 - Global Investors,2
C1794,Individual,Douglas,Chavez,1995-12-25,M,Usa,Colorado,Home,3,No,Website,395,379,404,417,405,30,4,344619.02,1378476.06,1137.59,460529.82,164304.6,296225.22,1,2,C1 - Global Investors,2
C1795,Individual,William,Brown,1945-12-01,M,Usa,California,Home,5,Yes,Website,395,379,404,417,405,80,4,264504.98,1058019.94,827.2,334197.72,192246.55,141951.16999999998,0,3,C2 - First-Time Buyers,3
C1796,Individual,Betty,Hughes,1950-09-21,F,Usa,California,Investment,5,Yes,Client,395,379,404,417,405,75,3,386306.65,1158919.94,1286.48,425005.86,326577.18,98428.68,0,3,C2 - First-Time Buyers,3
C1797,Individual,Katherine,Howard,1957-02-26,F,Usa,Oregon,Home,3,Yes,Website,395,379,404,417,405,69,3,303515.31,910545.92,1033.62,337603.6,255120.03,82483.56999999998,0,3,C2 - First-Time Buyers,3
C1798,Individual,Bryan,Peterson,1966-08-10,M,Usa,Arizona,Investment,1,Yes,Website,395,379,404,417,405,59,4,400280.45,1601121.79,1263.96,575322.53,169562.88,405759.65,1,2,C1 - Global Investors,2
C1799,Individual,Cheryl,Freeman,1950-01-11,F,Usa,Colorado,Home,5,No,Agency,395,379,404,417,405,76,4,255698.12,1022792.49,823.66,365006.8,182831.05,182175.75,0,3,C2 - First-Time Buyers,3
C1800,Individual,James,Campbell,1944-04-13,M,Usa,Oregon,Home,1,No,Client,395,379,404,417,405,82,3,373654.37,1120963.1,1301.65,539648.88,237346.84,302302.04000000004,0,3,C2 - First-Time Buyers,3
C1801,Individual,Jose,Howard,1964-02-08,M,Usa,California,Home,5,Yes,Website,395,379,404,417,405,62,3,491021.91,1473065.73,1422.97,734629.38,225902.2,508727.18,1,2,C1 - Global Investors,2
C1802,Individual,Jack,Morris,1948-03-26,M,Usa,Nevada,Investment,1,No,Client,395,379,404,417,405,78,4,288994.87,1155979.49,1011.59,386196.25,180667.53,205528.72,0,3,C2 - First-Time Buyers,3
C1803,Individual,Susan,Bennett,1987-04-14,F,Canada,Quebec,Investment,5,No,Agency,395,379,404,417,405,39,3,443242.73,1329728.19,1443.98,588353.61,199373.42,388980.18999999994,1,2,C1 - Global Investors,0
C1804,Individual,Albert,Kim,1989-03-03,M,Usa,California,Home,1,No,Website,395,379,404,417,405,37,4,433844.14,1735376.55,1504.1,563448.9,256682.24,306766.66000000003,1,2,C1 - Global Investors,2
C1805,Individual,Austin,Kim,1953-01-09,M,Uk,Northern Ireland,Investment,3,No,Website,395,379,404,417,405,73,4,467917.54,1871670.17,1699.37,553251.13,382707.57,170543.56,1,1,C4 - Luxury Investors,1
C1806,Individual,Martha,Turner,1967-04-13,F,Australia,New South Wales,Investment,2,No,Agency,395,379,404,417,405,59,3,324940.62,974821.86,1049.31,463318.62,235332.62,227986.0,0,3,C2 - First-Time Buyers,0
C1807,Individual,Angela,Allen,1957-02-05,F,France,Brittany,Home,5,No,Website,395,379,404,417,405,69,3,506977.26,1520931.78,1469.18,720719.85,301579.24,419140.61,1,0,C3 - Corporate Buyers,1
C1808,Individual,Victoria,Stewart,1990-01-08,F,Usa,Washington,Investment,2,No,Client,395,379,404,417,405,36,4,275732.86,1102931.45,989.46,411172.03,204957.28,206214.75000000003,0,3,C2 - First-Time Buyers,3
C1809,Individual,Laura,White,1981-05-03,F,Usa,New York,Home,4,Yes,Agency,395,379,404,417,405,45,4,305313.26,1221253.05,1104.29,435031.56,199315.51,235716.05,0,3,C2 - First-Time Buyers,3
C1810,Individual,Maria,Collins,1945-01-06,F,Usa,Texas,Home,3,No,Agency,395,379,404,417,405,81,3,330620.96,991862.87,1138.42,445150.57,231783.95,213366.62,0,3,C2 - First-Time Buyers,3
C1811,Individual,Stephanie,Williams,1958-02-16,F,Usa,California,Home,3,Yes,Agency,395,379,404,417,405,68,4,297379.97,1189519.9,1029.73,503113.61,142150.33,360963.28,0,3,C2 - First-Time Buyers,3
C1812,Individual,Ryan,White,1977-04-18,M,France,Provence,Home,5,Yes,Website,395,379,404,417,405,49,4,270220.0,1080880.0,955.76,406648.6,164483.02,242165.58,0,0,C3 - Corporate Buyers,1
C1813,Individual,Walter,Jordan,1947-12-02,M,Germany,Hamburg,Investment,3,Yes,Website,395,379,404,417,405,78,4,388079.1,1552316.39,1294.64,520934.42,242946.74,277987.68,1,2,C1 - Global Investors,1
C1814,Individual,Scott,Roberts,1987-04-07,M,Denmark,North Denmark,Home,2,No,Website,395,379,404,417,405,39,4,325815.5,1303261.99,1153.08,392801.93,265536.81,127265.12,1,2,C1 - Global Investors,1
C1815,Individual,Aaron,Carter,1949-03-26,M,Usa,California,Home,5,No,Agency,395,379,404,417,405,77,4,295657.08,1182628.3,942.04,549102.55,171154.65,377947.9,0,3,C2 - First-Time Buyers,3
C1816,Individual,Sean,Miller,1962-04-08,M,Canada,Quebec,Home,2,No,Website,395,379,404,417,405,64,4,269719.22,1078876.87,909.98,390892.15,166982.01,223910.14,0,3,C2 - First-Time Buyers,0
C1817,Individual,Cynthia,Garcia,1944-07-28,F,Usa,Virginia,Home,1,No,Agency,395,379,404,417,405,81,3,413555.88,1240667.65,1412.02,559209.89,234107.29,325102.6,0,3,C2 - First-Time Buyers,3
C1818,Individual,Christine,Wood,1994-08-17,F,Usa,Washington,Investment,5,Yes,Website,395,379,404,417,405,31,3,271599.02,814797.06,851.43,309389.23,242986.99,66402.23999999999,0,3,C2 - First-Time Buyers,3
C1819,Individual,William,Brown,1963-02-11,M,Russia,Krasnodar Krai,Home,1,No,Website,395,379,404,417,405,63,3,355881.44,1067644.33,1339.75,405297.57,330128.52,75169.04999999999,0,3,C2 - First-Time Buyers,1
C1820,Individual,Nicholas,Howard,1979-08-21,M,France,Provence,Home,3,No,Website,395,379,404,417,405,46,4,242608.74,970434.94,840.87,338313.48,131530.57,206782.90999999997,0,0,C3 - Corporate Buyers,1
C1821,Individual,Adam,Smith,1944-10-22,M,Usa,Nevada,Home,5,No,Website,395,379,404,417,405,81,4,433423.16,1733692.62,1244.8,662403.71,175256.09,487147.62,1,2,C1 - Global Investors,2
C1822,Individual,Frank,Weaver,1996-02-28,M,Usa,Oregon,Investment,5,Yes,Website,395,379,404,417,405,30,4,347036.94,1388147.75,1184.81,488803.45,205910.43,282893.02,1,2,C1 - Global Investors,2
C1823,Individual,Jacob,Watson,1967-08-11,M,Usa,Oregon,Home,4,Yes,Website,395,379,404,417,405,58,3,331308.62,993925.86,994.83,454589.3,231977.76,222611.53999999998,0,3,C2 - First-Time Buyers,3
C1824,Individual,Jeffrey,Weaver,1962-09-05,M,Usa,California,Home,3,No,Website,395,379,404,417,405,63,4,236259.24,945036.97,857.76,301253.43,159232.31,142021.12,0,3,C2 - First-Time Buyers,3
C1825,Individual,Eric,Jones,1956-12-28,M,Mexico,Nuevo Leon,Home,2,No,Agency,395,379,404,417,405,69,4,237192.48,948769.93,802.71,359484.97,173890.35,185594.61999999997,0,3,C2 - First-Time Buyers,0
C1826,Individual,Jack,Williams,1951-06-08,M,Usa,Ohio,Home,4,No,Client,395,379,404,417,405,74,4,325008.8,1300035.21,1159.53,402845.37,169868.29,232977.08,1,2,C1 - Global Investors,3
C1827,Individual,Donald,Thompson,1973-01-02,M,Usa,New York,Home,5,Yes,Website,395,379,404,417,405,53,4,305382.44,1221529.77,988.72,483612.33,181279.77,302332.56000000006,0,3,C2 - First-Time Buyers,3
C1828,Individual,William,Wood,1991-11-15,M,Usa,California,Investment,2,Yes,Website,395,379,404,417,405,34,4,299803.31,1199213.25,1114.21,500475.25,138257.97,362217.28,0,3,C2 - First-Time Buyers,3
C1829,Individual,Rachel,Ward,1997-07-17,F,Usa,California,Home,5,Yes,Agency,395,379,404,417,405,28,3,398031.94,1194095.83,1394.21,544862.08,199052.96,345809.12,0,3,C2 - First-Time Buyers,3
C1830,Individual,Virginia,Owens,1959-03-20,F,Usa,Arizona,Home,3,No,Website,395,379,404,417,405,67,3,454436.55,1363309.64,1487.66,518130.19,365063.85,153066.34000000003,1,2,C1 - Global Investors,2
C1831,Individual,Janice,Smith,1950-09-15,F,Russia,Tatarstan,Home,3,No,Website,395,379,404,417,405,75,4,251180.07,1004720.27,972.34,416215.94,152690.76,263525.18,0,3,C2 - First-Time Buyers,1
C1832,Individual,Henry,Garcia,1987-04-21,M,Usa,Oregon,Investment,1,Yes,Website,395,379,404,417,405,39,4,320597.74,1282390.94,1103.32,582747.93,189974.77,392773.16000000003,1,2,C1 - Global Investors,2
C1833,Individual,Jennifer,Weaver,1948-01-17,F,Usa,Arizona,Investment,1,Yes,Website,395,379,404,417,405,78,3,377362.28,1132086.83,1357.19,454723.5,282320.19,172403.31,0,3,C2 - First-Time Buyers,3
C1834,Individual,Zachary,Phillips,1963-03-13,M,Belgium,Flanders,Investment,5,No,Agency,395,379,404,417,405,63,4,305568.65,1222274.6,948.84,484614.3,169917.79,314696.51,0,3,C2 - First-Time Buyers,1
C1835,Individual,Nicole,Pierce,1959-10-25,F,Canada,Alberta,Investment,4,Yes,Agency,395,379,404,417,405,66,3,246403.87,739211.6,849.75,362373.17,181421.79,180951.37999999998,0,3,C2 - First-Time Buyers,0
C1836,Individual,Judy,Wood,1960-10-08,F,Usa,California,Investment,1,Yes,Website,395,379,404,417,405,65,4,303443.83,1213775.31,958.76,433286.92,197900.76,235386.15999999997,0,3,C2 - First-Time Buyers,3
C1837,Individual,Julia,Freeman,1950-04-06,F,Usa,California,Home,2,Yes,Client,395,379,404,417,405,76,4,376895.92,1507583.69,1333.28,523732.73,142843.57,380889.16,1,2,C1 - Global Investors,3
C1838,Individual,Joyce,Morales,1965-01-14,F,Canada,Alberta,Investment,1,No,Agency,395,379,404,417,405,61,4,316586.14,1266344.58,1030.83,394185.4,155945.89,238239.51,1,3,C2 - First-Time Buyers,0
C1839,Individual,Kyle,Gray,1943-01-21,M,Usa,California,Investment,2,No,Agency,395,379,404,417,405,83,4,241973.64,967894.54,821.36,328156.51,154509.23,173647.28,0,3,C2 - First-Time Buyers,3
C1840,Individual,Gerald,Weaver,1986-06-22,M,Uk,England,Investment,3,No,Website,395,379,404,417,405,39,3,303835.34,911506.03,1064.73,490529.51,189045.87,301483.64,0,1,C4 - Luxury Investors,1
C1841,Individual,Austin,Williams,1947-05-27,M,Usa,New York,Home,4,No,Website,395,379,404,417,405,78,4,403022.03,1612088.13,1374.58,556524.23,212960.69,343563.54,1,2,C1 - Global Investors,2
C1842,Company,Rexon,Co,1978-10-08,M,Canada,Alberta,Home,3,Yes,Agency,395,379,404,417,405,47,3,417609.12,1252827.37,1407.51,592554.14,214864.23,377689.91000000003,0,3,C2 - First-Time Buyers,0
C1843,Individual,Jose,Stone,1952-06-18,M,Germany,Hesse,Home,4,No,Website,395,379,404,417,405,73,4,371962.41,1487849.65,1218.84,564487.75,126226.53,438261.22,1,2,C1 - Global Investors,1
C1844,Individual,Grace,Howard,1978-07-21,F,Usa,Ohio,Home,1,No,Agency,395,379,404,417,405,47,4,258284.63,1033138.51,837.88,364629.72,181212.71,183417.00999999998,0,3,C2 - First-Time Buyers,3
C1845,Individual,Joshua,Green,1949-09-11,M,Usa,California,Investment,1,Yes,Website,395,379,404,417,405,76,3,296374.89,889124.68,972.05,561305.34,161195.85,400109.49,0,3,C2 - First-Time Buyers,3
C1846,Individual,Sara,Allen,1985-10-26,F,Russia,Novosibirsk,Home,5,Yes,Agency,395,379,404,417,405,40,3,295339.18,886017.55,980.87,359371.65,234324.7,125046.95000000001,0,3,C2 - First-Time Buyers,1
C1847,Individual,Brian,Griffin,1952-04-01,M,Usa,Utah,Home,4,No,Website,395,379,404,417,405,74,4,270212.71,1080850.85,859.71,539787.73,145907.47,393880.26,0,3,C2 - First-Time Buyers,3
C1848,Individual,Sarah,Davis,1993-07-17,F,Usa,California,Home,2,No,Website,395,379,404,417,405,32,4,398838.2,1595352.82,1295.1,598972.24,174694.61,424277.63,1,2,C1 - Global Investors,2
C1849,Individual,Joseph,Wilson,1976-09-02,M,Canada,Alberta,Investment,3,Yes,Website,395,379,404,417,405,49,3,339746.36,1019239.08,1016.76,386163.72,253517.9,132645.81999999998,0,3,C2 - First-Time Buyers,0
C1850,Individual,Gregory,Miller,1971-07-25,M,Usa,New York,Investment,5,Yes,Agency,395,379,404,417,405,54,4,345247.69,1380990.75,1176.68,514705.32,182738.17,331967.15,1,2,C1 - Global Investors,2
C1851,Individual,Kimberly,Miller,1954-06-08,F,Uk,England,Home,3,Yes,Agency,395,379,404,417,405,71,4,388135.99,1552543.97,1153.56,568142.17,163085.03,405057.14,1,1,C4 - Luxury Investors,1
C1852,Individual,Julie,Hall,1997-12-15,F,Usa,Virginia,Home,4,No,Website,395,379,404,417,405,28,3,558024.02,1674072.07,1733.68,662938.18,499179.78,163758.40000000002,1,2,C1 - Global Investors,2
C1853,Individual,Jennifer,Owens,1949-02-24,F,Usa,Virginia,Investment,4,No,Website,395,379,404,417,405,77,4,301832.29,1207329.15,1012.56,474524.95,158069.76,316455.19,0,3,C2 - First-Time Buyers,3
C1854,Company,Rexon,Co,1960-03-23,M,France,Ile-De-France,Investment,1,No,Client,395,379,404,417,405,66,4,346999.26,1387997.02,1104.29,585205.19,215269.12,369936.06999999995,1,0,C3 - Corporate Buyers,1
C1855,Individual,Gloria,Hansen,1984-02-07,F,Usa,California,Home,2,Yes,Website,395,379,404,417,405,42,4,279326.46,1117305.86,874.63,409255.12,218348.87,190906.25,0,3,C2 - First-Time Buyers,3
C1856,Company,Altira,Co,1994-05-24,M,Usa,Virginia,Home,2,No,Website,395,379,404,417,405,31,3,405410.48,1216231.43,1334.1,586091.18,255383.06,330708.12000000005,0,3,C2 - First-Time Buyers,3
C1857,Individual,Walter,Johnson,1987-03-22,M,Usa,California,Investment,2,Yes,Website,395,379,404,417,405,39,3,306604.98,919814.94,932.37,372884.46,224651.58,148232.88000000003,0,3,C2 - First-Time Buyers,3
C1858,Individual,Amy,Hayes,1958-06-05,F,Usa,Colorado,Home,5,No,Website,395,379,404,417,405,67,3,387319.43,1161958.29,1267.59,516468.06,240569.01,275899.05,0,3,C2 - First-Time Buyers,3
C1859,Individual,Zachary,Taylor,1943-11-18,M,Usa,California,Home,5,Yes,Client,395,379,404,417,405,82,4,271890.4,1087561.59,862.28,380297.96,161394.43,218903.53000000003,0,3,C2 - First-Time Buyers,3
C1860,Company,Caldera,Co,1970-07-17,F,Usa,California,Home,4,Yes,Agency,395,379,404,417,405,55,4,415299.37,1661197.49,1338.9,496217.67,213463.01,282754.66,1,2,C1 - Global Investors,3
C1861,Individual,Nathan,Evans,1982-01-08,M,Usa,California,Investment,3,Yes,Website,395,379,404,417,405,44,4,368794.74,1475178.95,1239.9,508804.43,219915.05,288889.38,1,2,C1 - Global Investors,2
C1862,Individual,Joshua,Long,1953-08-22,M,Usa,California,Home,1,Yes,Website,395,379,404,417,405,72,3,329590.39,988771.17,1076.69,462577.28,159890.05,302687.23000000004,0,3,C2 - First-Time Buyers,3
C1863,Individual,Megan,Hansen,1948-03-04,F,Uk,Scotland,Home,3,No,Website,395,379,404,417,405,78,4,320328.26,1281313.02,1039.19,462169.28,169534.41,292634.87,1,1,C4 - Luxury Investors,1
C1864,Individual,Hannah,Weaver,1972-04-25,F,Usa,New York,Home,5,Yes,Website,395,379,404,417,405,54,4,282932.65,1131730.6,1027.32,494313.18,160534.76,333778.42,0,3,C2 - First-Time Buyers,3
C1865,Individual,Sean,Rogers,1974-01-11,M,Usa,Arizona,Investment,4,No,Website,395,379,404,417,405,52,3,364084.41,1092253.24,1196.17,423654.2,281964.37,141689.83000000002,0,3,C2 - First-Time Buyers,3
C1866,Individual,Joyce,Martin,1971-08-23,F,Usa,Nevada,Home,2,No,Agency,395,379,404,417,405,54,4,405048.86,1620195.43,1380.26,490055.89,266823.9,223231.99,1,2,C1 - Global Investors,2
C1867,Individual,Robert,Richardson,1952-01-13,M,Usa,California,Home,2,Yes,Website,395,379,404,417,405,74,3,253927.27,761781.8,791.04,423673.58,147264.94,276408.64,0,3,C2 - First-Time Buyers,3
C1868,Individual,Michelle,Thomas,1975-11-28,F,Uk,Wales,Home,1,No,Website,395,379,404,417,405,50,4,367348.61,1469394.43,1198.37,537563.89,159253.52,378310.37,1,1,C4 - Luxury Investors,1
C1869,Individual,Margaret,Campbell,1975-10-05,F,Mexico,Nuevo Leon,Home,5,No,Client,395,379,404,417,405,50,4,333849.84,1335399.36,1132.74,457748.53,224917.93,232830.60000000003,1,2,C1 - Global Investors,0
C1870,Individual,Lawrence,Moore,1980-10-13,M,Usa,Washington,Investment,1,No,Agency,395,379,404,417,405,45,3,226955.31,680865.94,842.68,295517.69,128668.21,166849.47999999998,0,3,C2 - First-Time Buyers,3
C1871,Individual,Amy,Reyes,1961-10-18,F,Usa,Texas,Home,1,Yes,Website,395,379,404,417,405,64,4,274116.69,1096466.77,1000.42,361953.92,214948.78,147005.13999999998,0,3,C2 - First-Time Buyers,3
C1872,Individual,Raymond,Jones,1940-10-23,M,Mexico,Mexico City,Home,5,No,Client,395,379,404,417,405,85,3,428040.42,1284121.27,1452.26,542533.89,246266.66,296267.23,1,2,C1 - Global Investors,0
C1873,Individual,Cheryl,Collins,1959-03-10,F,Canada,British Columbia,Home,5,No,Agency,395,379,404,417,405,67,4,210402.88,841611.53,727.26,357647.97,110458.66,247189.30999999997,0,3,C2 - First-Time Buyers,0
C1874,Individual,Justin,Cooper,1972-11-18,M,Usa,Colorado,Investment,1,No,Agency,395,379,404,417,405,53,3,352787.33,1058361.99,1125.17,463077.47,210288.87,252788.59999999998,0,3,C2 - First-Time Buyers,3
C1875,Individual,Melissa,Roberts,1943-09-13,F,Usa,Nevada,Home,2,No,Client,395,379,404,417,405,82,3,406717.95,1220153.86,1339.73,492821.75,235857.38,256964.37,0,3,C2 - First-Time Buyers,3
C1876,Company,Bravada,Co,1981-03-17,M,Usa,Ohio,Investment,4,Yes,Website,395,379,404,417,405,45,3,514662.11,1543986.34,1523.69,676167.22,299829.82,376337.39999999997,1,2,C1 - Global Investors,3
C1877,Individual,Walter,Bryant,1961-09-16,M,Usa,Arizona,Home,5,No,Agency,395,379,404,417,405,64,3,301966.6,905899.79,1008.13,470763.27,203005.54,267757.73,0,3,C2 - First-Time Buyers,3
C1878,Individual,Paul,Rogers,1967-10-07,M,Usa,Washington,Home,5,No,Agency,395,379,404,417,405,58,3,319534.45,958603.36,1097.44,508552.39,141982.12,366570.27,0,3,C2 - First-Time Buyers,3
C1879,Individual,Deborah,Roberts,1977-01-23,F,Usa,New York,Home,3,No,Website,395,379,404,417,405,49,3,512098.23,1536294.68,1504.28,584091.39,469262.61,114828.78000000003,1,2,C1 - Global Investors,2
C1880,Individual,Joan,Morales,1998-01-22,F,Usa,California,Home,5,Yes,Client,395,379,404,417,405,28,4,329984.88,1319939.53,1053.27,543500.27,208186.37,335313.9,1,2,C1 - Global Investors,3
C1881,Individual,Brenda,Phillips,1989-09-13,F,Usa,Oregon,Home,2,Yes,Website,395,379,404,417,405,36,3,324243.7,972731.09,1127.15,392351.64,215216.2,177135.44,0,3,C2 - First-Time Buyers,3
C1882,Individual,Deborah,Turner,1960-03-22,F,Usa,Virginia,Investment,3,No,Website,395,379,404,417,405,66,3,294714.7,884144.1,934.43,437974.4,161864.85,276109.55000000005,0,3,C2 - First-Time Buyers,3
C1883,Individual,Sean,Peterson,1941-02-11,M,Usa,California,Home,1,No,Agency,395,379,404,417,405,85,4,469349.83,1877399.32,1489.11,597724.45,200421.6,397302.85,1,2,C1 - Global Investors,2
C1884,Individual,Terry,Bell,1954-08-06,M,Usa,Nevada,Home,5,Yes,Website,395,379,404,417,405,71,3,310331.4,930994.21,997.41,528465.5,197381.31,331084.19,0,3,C2 - First-Time Buyers,3
C1885,Individual,Ryan,Bell,1967-10-26,M,Germany,Hamburg,Home,1,Yes,Agency,395,379,404,417,405,58,4,435245.99,1740983.97,1564.08,519657.03,362193.44,157463.59000000003,1,2,C1 - Global Investors,1
C1886,Individual,Maria,Richardson,1999-11-16,F,Usa,California,Home,5,No,Website,395,379,404,417,405,26,3,258097.98,774293.93,842.68,317660.44,148565.18,169095.26,0,3,C2 - First-Time Buyers,3
C1887,Individual,Emma,Campbell,1986-01-07,F,Usa,Oregon,Investment,1,No,Agency,395,379,404,417,405,40,3,274333.25,822999.76,941.21,414588.69,175679.27,238909.42,0,3,C2 - First-Time Buyers,3
C1888,Individual,Donald,Griffin,1962-08-06,M,Usa,California,Home,3,No,Website,395,379,404,417,405,63,4,245490.5,981962.01,820.92,317102.87,199424.86,117678.01000000001,0,3,C2 - First-Time Buyers,3
C1889,Individual,Matthew,Richardson,1987-07-10,M,Usa,California,Home,4,Yes,Website,395,379,404,417,405,38,3,397869.77,1193609.3,1205.96,425609.69,363238.99,62370.70000000001,0,3,C2 - First-Time Buyers,3
C1890,Individual,Mark,Nelson,1954-03-12,M,Canada,Ontario,Home,4,No,Client,395,379,404,417,405,72,4,302414.82,1209659.27,1042.17,483647.09,168842.21,314804.88,0,3,C2 - First-Time Buyers,0
C1891,Individual,Gary,James,1972-06-02,M,Usa,Oregon,Home,2,No,Agency,395,379,404,417,405,53,4,366620.7,1466482.8,1244.8,460945.04,227037.75,233907.28999999998,1,2,C1 - Global Investors,2
C1892,Individual,Nancy,Jones,1951-06-06,F,Usa,Nevada,Investment,5,Yes,Agency,395,379,404,417,405,74,3,326212.98,978638.94,1033.48,448573.99,221300.8,227273.19,0,3,C2 - First-Time Buyers,3
C1893,Individual,Ann,Davis,1962-12-27,F,Usa,Washington,Home,1,Yes,Website,395,379,404,417,405,63,4,364683.21,1458732.84,1146.01,554107.09,209114.19,344992.89999999997,1,2,C1 - Global Investors,2
C1894,Individual,Joyce,Hall,1944-03-11,F,Usa,Texas,Investment,4,No,Website,395,379,404,417,405,82,4,321229.59,1284918.37,1027.81,396878.27,205547.69,191330.58000000002,1,2,C1 - Global Investors,2
C1895,Company,Caldera,Co,1969-01-07,M,Usa,Nevada,Investment,4,No,Agency,395,379,404,417,405,57,3,390190.62,1170571.86,1308.51,564033.78,199582.69,364451.09,0,3,C2 - First-Time Buyers,3
C1896,Individual,Andrew,Bryant,1955-06-17,M,Usa,Virginia,Investment,3,No,Agency,395,379,404,417,405,70,3,386103.67,1158311.0,1139.15,572824.93,219187.03,353637.9,0,3,C2 - First-Time Buyers,3
C1897,Individual,Catherine,Rogers,1950-12-27,F,Canada,Ontario,Home,2,No,Website,395,379,404,417,405,75,4,277229.58,1108918.34,941.61,444913.24,189843.68,255069.56,0,3,C2 - First-Time Buyers,0
C1898,Individual,Daniel,James,1979-01-05,M,Usa,New York,Home,1,Yes,Website,395,379,404,417,405,47,4,289929.38,1159717.54,951.82,403626.01,168771.25,234854.76,0,3,C2 - First-Time Buyers,3
C1899,Individual,Joe,Mitchell,1996-04-05,M,Uk,England,Home,3,No,Website,395,379,404,417,405,30,3,333875.76,1001627.28,1221.38,453922.16,240781.62,213140.53999999998,0,1,C4 - Luxury Investors,1
C1900,Individual,Rachel,Griffin,1998-09-07,F,Uk,England,Investment,4,No,Client,395,379,404,417,405,27,4,296472.45,1185889.79,1210.74,459585.99,191303.17,268282.81999999995,0,1,C4 - Luxury Investors,1
C1901,Individual,Justin,Stewart,1982-09-17,M,Canada,British Columbia,Home,4,No,Agency,395,379,404,417,405,43,4,339420.18,1357680.7,1151.37,478845.33,177729.83,301115.5,1,2,C1 - Global Investors,0
C1902,Company,Grandis,Co,1980-11-09,M,Usa,Colorado,Investment,2,No,Agency,395,379,404,417,405,45,4,281900.23,1127600.93,885.4,323302.12,213396.12,109906.0,0,3,C2 - First-Time Buyers,3
C1903,Individual,Nicole,Bennett,1991-12-01,F,Usa,Nevada,Home,2,No,Website,395,379,404,417,405,34,4,363284.77,1453139.07,1192.72,452279.2,202812.08,249467.12000000002,1,2,C1 - Global Investors,2
C1904,Individual,Christian,Nelson,1949-03-23,M,Usa,Texas,Home,2,Yes,Website,395,379,404,417,405,77,4,334316.42,1337265.67,1073.74,406088.62,298524.77,107563.84999999998,1,2,C1 - Global Investors,2
C1905,Individual,James,Morris,1961-02-02,M,Usa,Virginia,Home,1,No,Website,395,379,404,417,405,65,3,393509.78,1180529.35,1354.29,503790.55,284027.76,219762.78999999998,0,3,C2 - First-Time Buyers,3
C1906,Individual,Michelle,Adams,1955-09-15,F,Usa,California,Home,2,No,Agency,395,379,404,417,405,70,4,371795.67,1487182.67,1158.63,405665.29,334981.2,70684.08999999997,1,2,C1 - Global Investors,2
C1907,Individual,Kyle,Wright,1950-03-12,M,Usa,Colorado,Home,3,No,Website,395,379,404,417,405,76,4,437870.29,1751481.15,1349.2,545190.41,183675.08,361515.3300000001,1,2,C1 - Global Investors,2
C1908,Individual,Andrea,Moore,1976-03-28,F,Usa,California,Home,2,No,Website,395,379,404,417,405,50,4,385928.62,1543714.5,1324.38,465488.76,210058.02,255430.74000000002,1,2,C1 - Global Investors,2
C1909,Individual,Heather,Pierce,1985-12-04,F,Usa,California,Investment,2,No,Agency,395,379,404,417,405,40,3,412887.92,1238663.76,1313.16,579919.91,208210.52,371709.39,0,3,C2 - First-Time Buyers,2
C1910,Company,Telnox,Co,1985-10-04,M,Usa,California,Home,2,Yes,Agency,395,379,404,417,405,40,4,204198.48,816793.91,735.11,270241.73,151900.65,118341.07999999999,0,3,C2 - First-Time Buyers,3
C1911,Individual,Noah,Murray,1989-01-11,M,Usa,California,Home,5,No,Agency,395,379,404,417,405,37,3,398563.98,1195691.95,1268.05,540051.95,255309.07,284742.87999999995,0,3,C2 - First-Time Buyers,3
C1912,Individual,Amanda,Jackson,1954-07-26,F,Usa,Utah,Investment,1,No,Website,395,379,404,417,405,71,3,287957.07,863871.21,952.07,354725.86,246714.42,108011.43999999997,0,3,C2 - First-Time Buyers,3
C1913,Individual,Gary,King,1980-11-12,M,France,Provence,Home,5,No,Website,395,379,404,417,405,45,4,302588.38,1210353.53,972.24,410180.27,203878.93,206301.34000000003,0,0,C3 - Corporate Buyers,1
C1914,Individual,Brenda,Gray,1993-08-24,F,Uk,Scotland,Home,4,Yes,Website,395,379,404,417,405,32,3,517928.93,1553786.78,1584.73,608153.01,462947.81,145205.2,1,1,C4 - Luxury Investors,1
C1915,Individual,Angela,Williams,1964-06-09,F,Usa,Arizona,Investment,4,No,Client,395,379,404,417,405,61,3,338394.86,1015184.58,1076.69,498329.2,123213.47,375115.73,0,3,C2 - First-Time Buyers,3
C1916,Individual,Zachary,Weaver,1948-10-15,M,Usa,California,Investment,2,No,Website,395,379,404,417,405,77,3,419019.51,1257058.52,1303.78,485832.54,360056.73,125775.81,0,3,C2 - First-Time Buyers,3
C1917,Individual,Angela,Montgomery,1971-09-16,F,Australia,New South Wales,Home,2,No,Client,395,379,404,417,405,54,4,251858.31,1007433.23,820.92,371637.67,207166.22,164471.44999999998,0,3,C2 - First-Time Buyers,0
C1918,Individual,Dorothy,Murray,1940-09-17,F,Usa,California,Home,1,No,Client,395,379,404,417,405,85,4,254850.38,1019401.51,765.67,345383.67,136551.67,208831.99999999997,0,3,C2 - First-Time Buyers,3
C1919,Company,Vantage,Co,1968-01-19,F,Usa,Nevada,Investment,1,No,Website,395,379,404,417,405,58,4,270753.94,1083015.76,929.27,498317.73,168474.31,329843.42,0,3,C2 - First-Time Buyers,3
C1920,Individual,Jonathan,Pierce,1969-10-26,M,Germany,North Rhine-Westphalia,Home,5,No,Agency,395,379,404,417,405,56,4,380897.23,1523588.92,1278.04,577630.33,188000.19,389630.13999999996,1,2,C1 - Global Investors,1
C1921,Individual,Carolyn,Adams,1956-12-24,F,France,Provence,Home,5,No,Website,395,379,404,417,405,69,3,326931.23,980793.68,1089.46,366009.11,272608.2,93400.90999999997,0,0,C3 - Corporate Buyers,1
C1922,Individual,Jessica,Garcia,1988-01-09,F,Usa,California,Home,1,No,Agency,395,379,404,417,405,38,3,516612.06,1549836.17,1592.12,654336.12,402461.19,251874.93,1,2,C1 - Global Investors,2
C1923,Individual,Sarah,Cooper,1947-03-07,F,Mexico,Jalisco,Investment,1,Yes,Client,395,379,404,417,405,79,4,325729.29,1302917.16,1140.38,414731.61,162818.91,251912.69999999998,1,2,C1 - Global Investors,0
C1924,Individual,Joe,Cooper,1958-01-03,M,Usa,California,Home,3,No,Client,395,379,404,417,405,68,4,363488.59,1453954.37,1253.31,486561.68,180436.9,306124.78,1,2,C1 - Global Investors,3
C1925,Individual,Jordan,Baker,1942-01-19,M,Usa,Colorado,Home,2,No,Agency,395,379,404,417,405,84,4,291313.24,1165252.94,1093.05,407382.75,195608.73,211774.02,0,3,C2 - First-Time Buyers,3
C1926,Individual,Joshua,Watson,1997-11-05,M,Mexico,Puebla,Home,1,Yes,Website,395,379,404,417,405,28,4,309508.51,1238034.03,1014.73,458341.23,168406.6,289934.63,0,3,C2 - First-Time Buyers,0
C1927,Individual,Victoria,Long,1952-11-05,F,Usa,California,Investment,1,Yes,Website,395,379,404,417,405,73,4,331368.74,1325474.94,1280.69,496630.54,203777.68,292852.86,1,2,C1 - Global Investors,2
C1928,Individual,Paul,Scott,1998-02-20,M,Australia,New South Wales,Home,4,Yes,Client,395,379,404,417,405,28,3,247310.07,741930.22,736.04,278982.99,185007.22,93975.76999999999,0,3,C2 - First-Time Buyers,0
C1929,Individual,Angela,Baker,1941-10-24,F,Mexico,Jalisco,Home,1,Yes,Agency,395,379,404,417,405,84,4,332468.74,1329874.96,1127.18,437806.03,175560.33,262245.70000000007,1,2,C1 - Global Investors,0
C1930,Individual,Rachel,Adams,1966-01-22,F,Usa,Colorado,Investment,3,No,Agency,395,379,404,417,405,60,4,296248.06,1184992.23,990.99,507885.52,158985.82,348899.7,0,3,C2 - First-Time Buyers,3
C1931,Individual,Melissa,Jackson,1995-05-01,F,Usa,Utah,Home,5,Yes,Website,395,379,404,417,405,31,4,330971.03,1323884.11,1047.99,526514.11,203562.37,322951.74,1,2,C1 - Global Investors,2
C1932,Individual,Dorothy,Allen,1962-05-13,F,Usa,California,Investment,2,No,Website,395,379,404,417,405,64,4,428287.3,1713149.19,1342.15,551780.87,375891.04,175889.83000000002,1,2,C1 - Global Investors,2
C1933,Company,Oasis,Co,1994-04-05,F,Australia,Queensland,Home,1,No,Client,395,379,404,417,405,32,3,274142.68,822428.05,851.87,413006.8,152349.87,260656.93,0,3,C2 - First-Time Buyers,0
C1934,Individual,Noah,Montgomery,1978-03-25,M,France,Ile-De-France,Investment,4,Yes,Client,395,379,404,417,405,48,4,429846.12,1719384.46,1422.99,639415.77,198828.9,440586.87,1,0,C3 - Corporate Buyers,1
C1935,Individual,Ashley,Young,1983-04-14,F,Usa,Arizona,Home,5,No,Website,395,379,404,417,405,43,3,401963.46,1205890.37,1357.19,460353.21,296231.36,164121.85000000003,0,3,C2 - First-Time Buyers,3
C1936,Individual,Jeffrey,Brown,1984-02-24,M,Russia,Krasnodar Krai,Home,1,Yes,Agency,395,379,404,417,405,42,3,321966.37,965899.1,992.22,373735.42,286118.59,87616.82999999996,0,3,C2 - First-Time Buyers,1
C1937,Individual,Ashley,Richardson,1961-03-16,F,Usa,Arizona,Home,3,Yes,Website,395,379,404,417,405,65,4,426959.52,1707838.06,1419.32,553235.72,351976.66,201259.06,1,2,C1 - Global Investors,2
C1938,Individual,Peter,Anderson,1973-07-28,M,Canada,Quebec,Home,4,Yes,Website,395,379,404,417,405,52,3,384890.4,1154671.2,1205.96,452275.63,337448.81,114826.82,0,3,C2 - First-Time Buyers,0
C1939,Individual,Gloria,White,1979-06-09,F,Usa,Florida,Investment,1,Yes,Agency,395,379,404,417,405,46,3,224768.32,674304.95,839.14,327053.12,160844.99,166208.13,0,3,C2 - First-Time Buyers,3
C1940,Individual,Barbara,Turner,1997-02-01,F,Canada,Manitoba,Home,4,No,Agency,395,379,404,417,405,29,4,350975.28,1403901.14,1216.6,537290.74,134739.12,402551.62,1,2,C1 - Global Investors,0
C1941,Individual,Maria,James,1943-05-20,F,Usa,Nevada,Home,5,No,Client,395,379,404,417,405,83,4,342153.81,1368615.25,1140.38,446979.46,172783.03,274196.43000000005,1,2,C1 - Global Investors,3
C1942,Company,Stratos,Co,1984-11-10,F,Usa,Nevada,Home,2,Yes,Agency,395,379,404,417,405,41,3,377994.84,1133984.52,1313.16,543673.09,177310.11,366362.98,0,3,C2 - First-Time Buyers,3
C1943,Individual,Eric,Long,1973-01-04,M,Usa,Arizona,Home,1,No,Website,395,379,404,417,405,53,3,322507.08,967521.23,1042.71,400543.99,242361.5,158182.49,0,3,C2 - First-Time Buyers,3
C1944,Individual,Henry,Pierce,1986-02-15,M,Usa,California,Investment,1,No,Website,395,379,404,417,405,40,4,492770.98,1971083.93,1602.67,607539.65,332945.53,274594.12,1,2,C1 - Global Investors,2
C1945,Individual,Sean,Johnson,1967-02-26,M,Mexico,Mexico City,Investment,3,No,Website,395,379,404,417,405,59,4,278135.47,1112541.88,939.49,404942.23,118965.05,285977.18,0,3,C2 - First-Time Buyers,0
C1946,Individual,Mark,Bell,1955-01-15,M,Usa,California,Home,1,No,Agency,395,379,404,417,405,71,3,352075.79,1056227.37,1111.25,450915.03,252105.14,198809.89,0,3,C2 - First-Time Buyers,3
C1947,Individual,Walter,Mitchell,1979-02-02,M,Usa,Nevada,Home,3,No,Website,395,379,404,417,405,47,3,415968.52,1247905.56,1328.47,470318.22,341208.08,129110.13999999996,0,3,C2 - First-Time Buyers,3
C1948,Individual,Melissa,Harris,1955-04-01,F,Usa,Arizona,Home,2,No,Agency,395,379,404,417,405,71,3,510077.67,1530233.0,1527.86,591831.53,361816.43,230015.10000000003,1,2,C1 - Global Investors,2
C1949,Individual,Christina,James,1955-07-20,F,Usa,Colorado,Home,2,Yes,Agency,395,379,404,417,405,70,3,340090.24,1020270.72,1274.52,489550.72,204368.26,285182.45999999996,0,3,C2 - First-Time Buyers,3
C1950,Individual,Edward,Weaver,1975-03-27,M,Usa,Ohio,Home,4,No,Agency,395,379,404,417,405,51,4,258326.61,1033306.43,933.36,377128.4,174551.95,202576.45,0,3,C2 - First-Time Buyers,3
C1951,Individual,Alexander,Murray,1996-09-08,M,Usa,Utah,Home,1,Yes,Website,395,379,404,417,405,29,4,282216.04,1128864.17,972.34,454474.49,135540.98,318933.51,0,3,C2 - First-Time Buyers,3
C1952,Company,Optima,Co,1992-05-06,M,Usa,Nevada,Home,3,No,Agency,395,379,404,417,405,34,3,411754.22,1235262.65,1451.54,575463.2,191641.45,383821.74999999994,0,2,C1 - Global Investors,3
C1953,Individual,Donald,Miller,1972-10-16,M,Germany,Bavaria,Home,1,Yes,Website,395,379,404,417,405,53,4,299766.11,1199064.43,946.65,494656.28,177534.71,317121.57000000007,0,3,C2 - First-Time Buyers,1
C1954,Individual,Judy,Roberts,1966-09-03,F,Australia,Western Australia,Investment,3,No,Website,395,379,404,417,405,59,3,269910.36,809731.07,899.99,334529.95,175786.75,158743.2,0,3,C2 - First-Time Buyers,0
C1955,Individual,Benjamin,Wright,1998-05-20,M,Canada,Quebec,Home,1,No,Website,395,379,404,417,405,28,4,426787.52,1707150.06,1380.26,462288.76,373575.86,88712.90000000002,1,2,C1 - Global Investors,0
C1956,Individual,Julie,Weaver,1967-08-21,F,Usa,Oregon,Home,2,No,Agency,395,379,404,417,405,58,4,306005.95,1224023.79,920.71,608146.84,175812.42,432334.4199999999,0,3,C2 - First-Time Buyers,3
C1957,Individual,Adam,Howard,1962-09-24,M,Usa,California,Home,4,Yes,Website,395,379,404,417,405,63,4,329709.56,1318838.26,1150.2,430163.14,188578.82,241584.32,1,2,C1 - Global Investors,2
C1958,Individual,Susan,Foster,1970-10-09,F,Usa,California,Home,3,No,Website,395,379,404,417,405,55,4,391753.05,1567012.19,1287.05,640625.73,204992.11,435633.62,1,2,C1 - Global Investors,2
C1959,Individual,Judy,Morales,1942-02-20,F,Usa,Texas,Home,1,No,Website,395,379,404,417,405,84,3,208694.67,626084.02,753.31,304533.78,146707.13,157826.65000000002,0,3,C2 - First-Time Buyers,3
C1960,Individual,Dorothy,Brown,1987-08-02,F,Usa,Colorado,Home,2,Yes,Website,395,379,404,417,405,38,3,398829.65,1196488.96,1350.49,529520.87,332640.41,196880.46000000002,0,3,C2 - First-Time Buyers,3
C1961,Individual,William,Campbell,1994-09-26,M,Usa,California,Home,5,No,Agency,395,379,404,417,405,31,4,322316.34,1289265.38,1138.5,501471.56,209895.78,291575.78,1,2,C1 - Global Investors,2
C1962,Individual,Kimberly,Harris,1995-08-01,F,Mexico,Puebla,Home,5,No,Agency,395,379,404,417,405,30,3,323825.08,971475.24,1108.1,398527.61,254253.54,144274.06999999998,0,3,C2 - First-Time Buyers,0
C1963,Company,Terova,Co,1968-03-01,M,Usa,Texas,Home,5,No,Website,395,379,404,417,405,58,3,327975.04,983925.13,1090.77,435919.77,180093.56,255826.21000000002,0,3,C2 - First-Time Buyers,3
C1964,Individual,Kevin,Martin,1972-06-17,M,Usa,Virginia,Home,5,No,Agency,395,379,404,417,405,53,3,383144.89,1149434.67,1359.24,501520.52,295744.88,205775.64,0,3,C2 - First-Time Buyers,3
C1965,Individual,Sean,Wright,1997-01-09,M,Usa,California,Home,4,No,Agency,395,379,404,417,405,29,3,496351.13,1489053.39,1579.31,517834.79,468935.42,48899.369999999995,1,2,C1 - Global Investors,2
C1966,Individual,Ronald,Howard,1964-02-10,M,Canada,British Columbia,Home,1,No,Agency,395,379,404,417,405,62,4,302544.05,1210176.2,1111.65,487865.86,219709.14,268156.72,0,3,C2 - First-Time Buyers,0
C1967,Individual,Roger,Bryant,1957-10-09,M,Usa,Oregon,Investment,4,No,Agency,395,379,404,417,405,68,3,249047.79,747143.37,859.26,340611.95,143800.0,196811.95,0,3,C2 - First-Time Buyers,3
C1968,Individual,Judy,Griffin,1958-11-02,F,Usa,California,Investment,3,Yes,Client,395,379,404,417,405,67,3,329239.66,987718.99,1072.73,421709.56,200926.35,220783.21,0,3,C2 - First-Time Buyers,3
C1969,Individual,Jesse,James,1993-06-14,M,Usa,Colorado,Investment,2,Yes,Agency,395,379,404,417,405,32,4,257735.11,1030940.43,854.58,462830.35,136888.93,325941.42,0,3,C2 - First-Time Buyers,3
C1970,Individual,Raymond,Howard,1978-02-25,M,Usa,Arizona,Investment,4,Yes,Website,395,379,404,417,405,48,3,448770.9,1346312.7,1361.74,576990.75,237460.8,339529.95,1,2,C1 - Global Investors,2
C1971,Individual,Emma,Jordan,1976-07-18,F,Usa,Virginia,Home,5,No,Website,395,379,404,417,405,49,3,224474.11,673422.32,775.57,274917.87,181197.22,93720.65,0,3,C2 - First-Time Buyers,3
C1972,Individual,Carol,Wilson,1972-01-05,F,Usa,California,Home,4,Yes,Website,395,379,404,417,405,54,3,314420.28,943260.84,1077.33,478022.04,212067.21,265954.82999999996,0,3,C2 - First-Time Buyers,3
C1973,Company,Oasis,Co,1993-09-13,M,Usa,Washington,Home,4,Yes,Agency,395,379,404,417,405,32,4,362624.92,1450499.68,1214.78,413926.08,294188.66,119737.42000000004,1,2,C1 - Global Investors,3
C1974,Individual,Keith,Peterson,1950-04-09,M,Usa,Nevada,Home,5,Yes,Agency,395,379,404,417,405,76,4,242171.71,968686.85,809.66,431287.44,131583.82,299703.62,0,3,C2 - First-Time Buyers,3
C1975,Individual,Dorothy,Campbell,1975-08-05,F,Belgium,Wallonia,Home,4,No,Agency,395,379,404,417,405,50,3,328343.74,985031.21,1023.88,454364.35,214837.5,239526.84999999998,0,3,C2 - First-Time Buyers,1
C1976,Individual,Albert,Wilson,1995-05-03,M,Usa,Florida,Home,5,No,Client,395,379,404,417,405,31,4,286530.16,1146120.65,1030.29,503445.63,104911.93,398533.7,0,3,C2 - First-Time Buyers,3
C1977,Individual,Jason,Bennett,1994-04-07,M,Usa,Virginia,Home,1,No,Website,395,379,404,417,405,32,4,500357.61,2001430.43,1577.23,608264.77,314372.82,293891.95,1,2,C1 - Global Investors,2
C1978,Company,Summit,Co,1967-02-06,F,Usa,California,Investment,5,Yes,Website,395,379,404,417,405,59,3,401966.89,1205900.67,1290.09,433524.31,360530.43,72993.88,0,3,C2 - First-Time Buyers,3
C1979,Individual,Brian,Richardson,1942-05-25,M,Usa,Colorado,Home,3,Yes,Agency,395,379,404,417,405,83,4,321892.2,1287568.79,1014.73,430285.43,194243.69,236041.74,1,2,C1 - Global Investors,2
C1980,Individual,Barbara,Green,1956-05-09,F,Usa,Texas,Investment,4,No,Website,395,379,404,417,405,70,4,394891.27,1579565.09,1228.83,588343.01,223777.94,364565.07,1,2,C1 - Global Investors,2
C1981,Individual,Sarah,Flores,1992-12-09,F,Canada,Quebec,Home,5,No,Agency,395,379,404,417,405,33,4,360040.17,1440160.68,1245.94,498028.07,226302.61,271725.46,1,2,C1 - Global Investors,0
C1982,Individual,Jose,Long,1947-09-05,M,Usa,California,Home,4,Yes,Website,395,379,404,417,405,78,3,515132.85,1545398.56,1669.35,553675.21,451859.26,101815.94999999995,1,2,C1 - Global Investors,2
C1983,Individual,Ryan,Reed,1961-03-13,M,Uk,Northern Ireland,Home,3,No,Website,395,379,404,417,405,65,4,329326.13,1317304.52,1070.47,411125.74,179742.66,231383.08,1,1,C4 - Luxury Investors,1
C1984,Individual,Jesse,Watson,1956-10-18,M,Usa,California,Home,4,No,Website,395,379,404,417,405,69,3,282095.74,846287.21,994.52,315840.76,222487.81,93352.95000000001,0,3,C2 - First-Time Buyers,3
C1985,Individual,Gregory,Bell,1963-05-11,M,Uk,Scotland,Home,1,Yes,Agency,395,379,404,417,405,63,4,287344.96,1149379.86,1014.73,344251.82,171040.21,173211.61000000002,0,1,C4 - Luxury Investors,1
C1986,Individual,Thomas,Griffin,1977-04-23,M,Usa,New York,Investment,1,No,Website,395,379,404,417,405,49,4,360699.73,1442798.93,1153.56,524650.21,160247.33,364402.88,1,2,C1 - Global Investors,2
C1987,Individual,Douglas,Davis,1986-10-18,M,Belgium,Wallonia,Investment,5,No,Website,395,379,404,417,405,39,4,329020.74,1316082.96,1104.17,515152.93,216265.08,298887.85,1,2,C1 - Global Investors,1
C1988,Individual,Henry,Thompson,1994-09-19,M,Usa,California,Home,5,Yes,Website,395,379,404,417,405,31,4,325254.74,1301018.95,972.24,409994.99,190112.97,219882.02,1,2,C1 - Global Investors,2
C1989,Individual,William,Montgomery,1959-11-19,M,Usa,Texas,Home,3,No,Agency,395,379,404,417,405,66,4,345197.22,1380788.86,1135.32,505173.86,259576.23,245597.62999999998,1,2,C1 - Global Investors,2
C1990,Individual,Scott,Howard,1976-11-28,M,Usa,Texas,Investment,5,No,Agency,395,379,404,417,405,49,3,417915.27,1253745.81,1303.47,566711.76,253453.37,313258.39,0,3,C2 - First-Time Buyers,3
C1991,Individual,Susan,Reed,1950-07-09,F,Usa,California,Home,3,No,Website,395,379,404,417,405,75,4,283585.47,1134341.88,900.39,405445.85,102745.33,302700.51999999996,0,3,C2 - First-Time Buyers,3
C1992,Individual,Rachel,Hansen,1943-01-19,F,Usa,Texas,Home,3,Yes,Website,395,379,404,417,405,83,3,422019.59,1266058.76,1445.08,471352.97,383231.2,88121.76999999996,1,2,C1 - Global Investors,2
C1993,Individual,Douglas,Thompson,1985-06-09,M,Usa,New York,Home,2,No,Website,395,379,404,417,405,40,3,461789.79,1385369.38,1454.41,549422.32,343389.83,206032.48999999993,1,2,C1 - Global Investors,2
C1994,Individual,Nicole,Miller,1994-07-21,F,Usa,Oregon,Investment,3,Yes,Website,395,379,404,417,405,31,3,419291.74,1257875.21,1454.41,498128.56,359341.4,138787.15999999997,0,3,C2 - First-Time Buyers,3
C1995,Individual,Michelle,Scott,1993-03-05,F,Usa,California,Investment,4,No,Agency,395,379,404,417,405,33,4,261010.91,1044043.64,905.75,348872.01,218454.43,130417.58000000002,0,3,C2 - First-Time Buyers,3
C1996,Individual,Samantha,Brooks,1992-06-20,F,Usa,Nevada,Home,1,Yes,Website,395,379,404,417,405,33,4,287957.87,1151831.48,1027.32,568415.25,157537.5,410877.75,0,3,C2 - First-Time Buyers,3
C1997,Individual,Matthew,Cox,1942-09-27,M,Usa,Arizona,Home,4,Yes,Website,395,379,404,417,405,83,4,275456.35,1101825.4,910.42,484864.24,168349.69,316514.55,0,3,C2 - First-Time Buyers,3
C1998,Individual,Mark,Patterson,1963-09-13,M,Usa,Virginia,Home,5,Yes,Website,395,379,404,417,405,62,3,341229.52,1023688.56,1140.4,431674.94,220468.16,211206.78,0,3,C2 - First-Time Buyers,3
C1999,Individual,Lawrence,Montgomery,1944-06-15,M,Usa,Ohio,Home,4,Yes,Client,395,379,404,417,405,81,3,279529.13,838587.38,919.05,455786.14,180409.23,275376.91000000003,0,3,C2 - First-Time Buyers,3
C2000,Individual,Amanda,James,1996-03-24,F,Usa,Georgia,Home,1,Yes,Agency,395,379,404,417,405,30,3,304509.5,913528.5,1033.48,364977.97,252835.34,112142.62999999998,0,3,C2 - First-Time Buyers,3
